id,plot_id,reading_type,value,recorded_at
1,99,soil_moisture,28.29,2025-10-08 01:00:00
2,160,humidity,62.72,2026-04-15 13:00:00
3,368,soil_moisture,27.66,2026-03-04 17:00:00
4,126,rainfall,57.03,2025-08-18 05:00:00
5,193,humidity,65.07,2026-03-18 12:00:00
6,268,rainfall,49.23,2025-12-23 17:00:00
7,46,soil_moisture,37.17,2025-09-19 05:00:00
8,136,temperature,34.5,2025-11-12 08:00:00
9,114,temperature,21.46,2026-04-21 00:00:00
10,13,rainfall,0.0,2025-11-03 05:00:00
11,335,soil_moisture,37.94,2025-09-04 04:00:00
12,113,rainfall,0.0,2025-07-27 20:00:00
13,30,soil_moisture,39.5,2025-08-21 04:00:00
14,321,humidity,54.31,2025-09-10 10:00:00
15,7,humidity,69.32,2025-12-16 04:00:00
16,53,temperature,24.23,2026-03-03 02:00:00
17,362,temperature,23.67,2026-04-18 12:00:00
18,74,rainfall,0.0,2025-10-23 01:00:00
19,28,rainfall,0.0,2025-07-09 11:00:00
20,327,rainfall,0.0,2025-07-29 19:00:00
21,160,soil_moisture,32.77,2026-04-15 16:00:00
22,424,humidity,43.66,2026-01-05 17:00:00
23,90,temperature,30.33,2025-08-19 17:00:00
24,146,rainfall,0.0,2025-08-15 06:00:00
25,184,soil_moisture,33.43,2026-01-06 10:00:00
26,362,rainfall,22.57,2026-04-17 12:00:00
27,103,humidity,45.7,2026-01-08 03:00:00
28,154,soil_moisture,31.29,2025-08-21 09:00:00
29,368,humidity,66.63,2026-03-05 02:00:00
30,6,soil_moisture,42.65,2025-08-11 01:00:00
31,126,soil_moisture,31.81,2025-08-18 09:00:00
32,122,humidity,75.34,2025-12-21 06:00:00
33,235,temperature,30.76,2026-03-31 02:00:00
34,105,rainfall,0.0,2026-01-29 01:00:00
35,272,soil_moisture,44.82,2025-12-03 21:00:00
36,223,rainfall,52.87,2025-12-13 08:00:00
37,157,soil_moisture,30.38,2026-01-20 23:00:00
38,361,temperature,22.14,2025-10-18 08:00:00
39,46,temperature,35.41,2025-09-20 17:00:00
40,305,soil_moisture,38.98,2025-06-28 01:00:00
41,233,temperature,26.51,2025-12-14 03:00:00
42,61,humidity,41.95,2026-02-05 02:00:00
43,449,humidity,66.37,2025-09-16 13:00:00
44,208,humidity,50.94,2026-01-16 14:00:00
45,135,rainfall,0.0,2025-12-06 20:00:00
46,446,humidity,55.69,2026-04-22 00:00:00
47,50,rainfall,0.0,2026-03-10 06:00:00
48,165,temperature,19.54,2025-06-30 09:00:00
49,323,temperature,20.29,2025-07-25 13:00:00
50,9,temperature,33.67,2025-09-19 02:00:00
51,353,soil_moisture,42.15,2026-03-19 17:00:00
52,186,rainfall,43.58,2026-01-28 01:00:00
53,298,humidity,54.09,2025-09-11 07:00:00
54,428,rainfall,0.0,2026-01-30 22:00:00
55,133,rainfall,52.66,2025-07-02 12:00:00
56,268,rainfall,0.0,2025-12-23 13:00:00
57,143,humidity,49.17,2025-08-12 10:00:00
58,161,temperature,29.24,2026-01-06 22:00:00
59,159,rainfall,33.89,2025-09-19 23:00:00
60,305,rainfall,0.0,2025-06-28 01:00:00
61,211,temperature,24.49,2026-02-02 22:00:00
62,32,temperature,27.66,2025-07-26 07:00:00
63,425,temperature,34.17,2025-09-09 01:00:00
64,168,temperature,22.72,2026-03-27 02:00:00
65,341,temperature,35.27,2025-11-26 17:00:00
66,223,humidity,69.04,2025-12-15 01:00:00
67,292,soil_moisture,42.67,2025-09-24 21:00:00
68,282,humidity,63.51,2026-01-11 09:00:00
69,186,temperature,28.15,2026-01-27 17:00:00
70,353,rainfall,0.0,2026-03-18 09:00:00
71,437,humidity,60.09,2025-10-04 15:00:00
72,238,temperature,26.04,2025-11-26 17:00:00
73,335,temperature,28.84,2025-09-05 04:00:00
74,74,soil_moisture,41.93,2025-10-23 22:00:00
75,29,rainfall,0.0,2026-01-20 14:00:00
76,212,rainfall,0.0,2025-11-18 08:00:00
77,290,temperature,32.81,2026-02-25 04:00:00
78,300,soil_moisture,33.94,2025-10-26 04:00:00
79,89,rainfall,38.17,2026-02-28 00:00:00
80,74,temperature,24.07,2025-10-22 11:00:00
81,240,temperature,21.5,2026-04-21 13:00:00
82,210,rainfall,0.0,2025-11-04 21:00:00
83,376,humidity,49.14,2025-09-14 05:00:00
84,226,humidity,40.58,2026-04-22 09:00:00
85,425,temperature,33.18,2025-09-09 15:00:00
86,436,rainfall,0.0,2026-02-12 08:00:00
87,401,temperature,27.41,2025-12-09 04:00:00
88,59,soil_moisture,44.94,2025-12-10 18:00:00
89,82,soil_moisture,35.78,2026-02-20 05:00:00
90,389,humidity,44.85,2026-03-16 07:00:00
91,117,soil_moisture,22.27,2025-08-23 02:00:00
92,442,soil_moisture,49.93,2025-10-14 15:00:00
93,32,temperature,32.0,2025-07-28 11:00:00
94,128,rainfall,0.0,2025-07-09 20:00:00
95,159,humidity,45.36,2025-09-19 08:00:00
96,208,humidity,50.62,2026-01-16 21:00:00
97,142,soil_moisture,33.24,2025-11-16 11:00:00
98,205,rainfall,0.0,2025-12-24 09:00:00
99,296,rainfall,0.0,2025-08-21 13:00:00
100,99,rainfall,45.07,2025-10-08 06:00:00
101,7,temperature,31.69,2025-12-16 20:00:00
102,384,humidity,48.69,2025-08-16 09:00:00
103,196,soil_moisture,42.01,2026-02-15 05:00:00
104,167,rainfall,500.0,2025-12-24 09:00:00
105,77,temperature,22.3,2026-03-27 07:00:00
106,364,temperature,35.37,2025-12-20 14:00:00
107,1,temperature,24.76,2026-02-28 23:00:00
108,71,soil_moisture,49.48,2025-10-02 01:00:00
109,168,soil_moisture,25.19,2026-03-27 17:00:00
110,362,humidity,51.45,2026-04-17 18:00:00
111,381,soil_moisture,44.59,2025-10-24 18:00:00
112,391,soil_moisture,33.45,2025-06-27 10:00:00
113,303,humidity,57.42,2025-08-21 15:00:00
114,73,humidity,68.62,2025-10-07 03:00:00
115,29,humidity,37.17,2026-01-19 00:00:00
116,191,rainfall,45.72,2026-04-06 09:00:00
117,197,humidity,50.09,2026-03-15 15:00:00
118,148,temperature,32.75,2025-12-02 02:00:00
119,238,humidity,73.12,2025-11-26 04:00:00
120,294,humidity,43.9,2026-01-04 07:00:00
121,128,rainfall,0.0,2025-07-10 22:00:00
122,171,humidity,49.6,2026-01-15 20:00:00
123,227,soil_moisture,43.85,2025-10-17 03:00:00
124,238,rainfall,0.0,2025-11-24 23:00:00
125,282,soil_moisture,44.24,2026-01-09 23:00:00
126,148,humidity,61.81,2025-12-02 01:00:00
127,444,soil_moisture,34.13,2025-12-12 20:00:00
128,134,temperature,31.02,2026-01-06 14:00:00
129,340,humidity,47.08,2025-12-25 04:00:00
130,163,temperature,25.3,2025-07-05 08:00:00
131,447,rainfall,0.0,2025-09-19 12:00:00
132,283,humidity,49.27,2026-02-21 14:00:00
133,310,soil_moisture,35.66,2025-12-22 01:00:00
134,77,rainfall,0.0,2026-03-27 06:00:00
135,268,rainfall,55.37,2025-12-23 08:00:00
136,260,rainfall,0.0,2025-09-21 10:00:00
137,376,rainfall,0.0,2025-09-14 06:00:00
138,184,rainfall,0.0,2026-01-06 19:00:00
139,70,rainfall,0.0,2025-12-10 15:00:00
140,403,soil_moisture,41.64,2025-11-05 03:00:00
141,91,humidity,62.42,2026-02-22 15:00:00
142,282,soil_moisture,35.47,2026-01-09 20:00:00
143,210,humidity,56.7,2025-11-05 16:00:00
144,165,soil_moisture,18.46,2025-06-30 09:00:00
145,287,rainfall,49.14,2026-04-04 15:00:00
146,372,temperature,30.53,2025-10-29 14:00:00
147,233,temperature,24.31,2025-12-15 20:00:00
148,18,humidity,50.86,2026-03-16 07:00:00
149,190,temperature,21.87,2026-02-10 16:00:00
150,442,soil_moisture,46.09,2025-10-14 02:00:00
151,287,humidity,62.91,2026-04-03 20:00:00
152,263,humidity,48.59,2025-12-23 09:00:00
153,384,temperature,25.74,2025-08-16 06:00:00
154,229,soil_moisture,38.75,2025-11-12 05:00:00
155,235,humidity,61.66,2026-03-31 19:00:00
156,190,temperature,26.84,2026-02-10 14:00:00
157,91,temperature,20.55,2026-02-23 14:00:00
158,161,soil_moisture,31.22,2026-01-07 08:00:00
159,129,temperature,32.08,2026-04-20 04:00:00
160,193,soil_moisture,35.24,2026-03-19 09:00:00
161,70,humidity,43.82,2025-12-09 01:00:00
162,143,temperature,31.72,2025-08-10 10:00:00
163,446,humidity,51.27,2026-04-20 01:00:00
164,212,humidity,43.63,2025-11-17 05:00:00
165,166,rainfall,0.0,2025-11-29 12:00:00
166,169,rainfall,0.0,2026-03-22 10:00:00
167,311,rainfall,0.0,2025-10-07 15:00:00
168,165,rainfall,30.71,2025-07-01 17:00:00
169,353,humidity,45.18,2026-03-18 06:00:00
170,428,soil_moisture,41.2,2026-01-30 19:00:00
171,402,temperature,28.43,2026-03-28 07:00:00
172,168,temperature,25.15,2026-03-27 03:00:00
173,272,rainfall,0.0,2025-12-02 13:00:00
174,240,temperature,22.41,2026-04-21 14:00:00
175,170,humidity,36.54,2025-07-03 04:00:00
176,260,soil_moisture,30.91,2025-09-21 11:00:00
177,135,temperature,28.87,2025-12-05 06:00:00
178,257,temperature,31.43,2025-07-03 16:00:00
179,219,rainfall,0.0,2025-11-19 01:00:00
180,66,soil_moisture,27.06,2026-01-06 16:00:00
181,240,humidity,68.89,2026-04-21 03:00:00
182,442,rainfall,0.0,2025-10-14 18:00:00
183,113,rainfall,50.64,2025-07-28 16:00:00
184,190,soil_moisture,42.0,2026-02-11 16:00:00
185,148,soil_moisture,46.61,2025-12-03 08:00:00
186,311,temperature,26.43,2025-10-08 04:00:00
187,18,rainfall,0.0,2026-03-15 07:00:00
188,89,temperature,33.67,2026-02-27 04:00:00
189,204,rainfall,0.0,2025-08-24 21:00:00
190,385,temperature,22.89,2026-03-23 12:00:00
191,220,rainfall,23.55,2026-01-29 03:00:00
192,323,soil_moisture,32.23,2025-07-25 13:00:00
193,186,rainfall,0.0,2026-01-27 16:00:00
194,197,humidity,48.15,2026-03-15 11:00:00
195,220,rainfall,0.0,2026-01-30 22:00:00
196,211,temperature,23.81,2026-02-03 11:00:00
197,146,soil_moisture,40.99,2025-08-17 11:00:00
198,327,soil_moisture,34.9,2025-07-29 21:00:00
199,448,rainfall,32.44,2025-12-15 05:00:00
200,166,rainfall,0.0,2025-11-29 07:00:00
201,157,temperature,26.48,2026-01-21 01:00:00
202,424,soil_moisture,29.5,2026-01-05 21:00:00
203,151,temperature,26.73,2026-03-17 20:00:00
204,367,temperature,30.65,2025-11-22 13:00:00
205,382,rainfall,0.0,2025-07-31 17:00:00
206,122,temperature,25.97,2025-12-21 18:00:00
207,427,humidity,60.73,2025-07-10 07:00:00
208,311,humidity,39.35,2025-10-07 23:00:00
209,185,temperature,30.54,2026-03-05 10:00:00
210,78,temperature,31.6,2025-09-25 16:00:00
211,4,soil_moisture,29.36,2026-04-12 18:00:00
212,324,humidity,63.06,2026-01-25 02:00:00
213,277,soil_moisture,33.49,2025-09-11 13:00:00
214,335,humidity,70.71,2025-09-05 05:00:00
215,59,temperature,22.18,2025-12-09 15:00:00
216,190,soil_moisture,38.96,2026-02-09 06:00:00
217,440,soil_moisture,39.5,2025-07-08 19:00:00
218,70,soil_moisture,25.73,2025-12-10 06:00:00
219,154,soil_moisture,31.23,2025-08-20 02:00:00
220,28,rainfall,0.0,2025-07-10 10:00:00
221,50,soil_moisture,29.15,2026-03-09 17:00:00
222,309,temperature,22.48,2026-04-08 03:00:00
223,7,humidity,56.13,2025-12-17 00:00:00
224,146,rainfall,28.58,2025-08-15 09:00:00
225,205,soil_moisture,41.29,2025-12-25 08:00:00
226,185,humidity,47.94,2026-03-05 09:00:00
227,190,soil_moisture,36.9,2026-02-10 14:00:00
228,94,soil_moisture,31.63,2025-09-28 07:00:00
229,238,temperature,28.42,2025-11-24 16:00:00
230,105,temperature,22.72,2026-01-28 06:00:00
231,327,humidity,60.2,2025-07-28 12:00:00
232,135,soil_moisture,42.51,2025-12-06 20:00:00
233,324,soil_moisture,20.02,2026-01-25 07:00:00
234,65,temperature,27.05,2025-07-09 21:00:00
235,323,humidity,58.15,2025-07-25 13:00:00
236,306,humidity,82.37,2025-12-29 12:00:00
237,60,soil_moisture,33.74,2026-03-06 07:00:00
238,342,humidity,66.31,2026-03-28 12:00:00
239,283,temperature,26.82,2026-02-22 17:00:00
240,59,rainfall,0.0,2025-12-09 11:00:00
241,91,temperature,22.04,2026-02-23 06:00:00
242,91,humidity,69.58,2026-02-22 01:00:00
243,298,temperature,28.67,2025-09-13 16:00:00
244,196,rainfall,46.09,2026-02-16 03:00:00
245,288,soil_moisture,33.96,2025-07-08 07:00:00
246,7,humidity,64.43,2025-12-16 19:00:00
247,367,humidity,53.37,2025-11-23 01:00:00
248,238,humidity,77.08,2025-11-25 16:00:00
249,55,humidity,66.78,2025-09-01 01:00:00
250,9,rainfall,0.0,2025-09-19 10:00:00
251,353,humidity,50.61,2026-03-18 19:00:00
252,166,soil_moisture,25.9,2025-12-01 04:00:00
253,424,humidity,34.76,2026-01-05 19:00:00
254,186,rainfall,0.0,2026-01-27 09:00:00
255,159,rainfall,0.0,2025-09-19 12:00:00
256,268,temperature,26.4,2025-12-24 11:00:00
257,167,soil_moisture,43.24,2025-12-24 01:00:00
258,99,soil_moisture,26.97,2025-10-10 14:00:00
259,142,temperature,32.2,2025-11-17 08:00:00
260,222,humidity,69.17,2025-10-15 23:00:00
261,191,rainfall,0.0,2026-04-08 00:00:00
262,43,humidity,57.62,2025-09-12 08:00:00
263,171,temperature,28.63,2026-01-16 20:00:00
264,123,temperature,28.81,2025-11-16 20:00:00
265,46,rainfall,44.87,2025-09-19 16:00:00
266,114,humidity,44.29,2026-04-19 18:00:00
267,29,rainfall,0.0,2026-01-20 01:00:00
268,235,temperature,30.11,2026-03-31 16:00:00
269,425,temperature,37.84,2025-09-08 11:00:00
270,396,rainfall,0.0,2025-07-05 15:00:00
271,283,soil_moisture,39.34,2026-02-21 17:00:00
272,65,temperature,26.13,2025-07-09 22:00:00
273,168,soil_moisture,27.5,2026-03-28 08:00:00
274,117,soil_moisture,23.58,2025-08-21 07:00:00
275,208,soil_moisture,22.78,2026-01-16 00:00:00
276,396,temperature,30.67,2025-07-05 01:00:00
277,30,temperature,22.48,2025-08-20 09:00:00
278,125,humidity,47.86,2025-11-21 20:00:00
279,142,humidity,70.08,2025-11-16 23:00:00
280,147,humidity,70.31,2026-03-08 07:00:00
281,303,soil_moisture,29.3,2025-08-23 06:00:00
282,277,humidity,72.22,2025-09-12 03:00:00
283,386,soil_moisture,40.51,2026-04-07 02:00:00
284,61,temperature,28.15,2026-02-06 03:00:00
285,238,soil_moisture,27.52,2025-11-24 04:00:00
286,160,temperature,34.86,2026-04-15 09:00:00
287,401,soil_moisture,29.35,2025-12-10 18:00:00
288,215,humidity,33.97,2026-03-14 20:00:00
289,384,humidity,50.41,2025-08-17 06:00:00
290,74,temperature,26.47,2025-10-23 15:00:00
291,288,temperature,27.53,2025-07-06 10:00:00
292,300,soil_moisture,35.15,2025-10-26 23:00:00
293,169,rainfall,0.0,2026-03-24 02:00:00
294,212,temperature,27.14,2025-11-17 16:00:00
295,143,rainfall,0.0,2025-08-12 16:00:00
296,384,humidity,49.09,2025-08-18 00:00:00
297,186,soil_moisture,40.9,2026-01-28 12:00:00
298,327,soil_moisture,43.89,2025-07-30 11:00:00
299,310,soil_moisture,30.86,2025-12-23 12:00:00
300,32,soil_moisture,38.48,2025-07-26 22:00:00
301,103,humidity,47.78,2026-01-08 20:00:00
302,229,temperature,24.88,2025-11-12 19:00:00
303,311,soil_moisture,38.93,2025-10-07 16:00:00
304,18,soil_moisture,34.97,2026-03-15 14:00:00
305,240,rainfall,0.0,2026-04-22 11:00:00
306,30,humidity,62.16,2025-08-19 20:00:00
307,18,soil_moisture,35.48,2026-03-16 03:00:00
308,303,rainfall,0.0,2025-08-21 01:00:00
309,73,humidity,76.02,2025-10-08 18:00:00
310,356,humidity,75.97,2025-12-12 11:00:00
311,113,temperature,28.04,2025-07-27 16:00:00
312,342,soil_moisture,23.4,2026-03-29 23:00:00
313,425,rainfall,0.0,2025-09-09 20:00:00
314,36,rainfall,48.59,2026-03-20 11:00:00
315,90,soil_moisture,43.86,2025-08-19 08:00:00
316,424,soil_moisture,31.64,2026-01-06 07:00:00
317,220,soil_moisture,25.73,2026-01-31 06:00:00
318,327,humidity,63.3,2025-07-28 03:00:00
319,147,rainfall,0.0,2026-03-09 23:00:00
320,335,temperature,26.84,2025-09-04 11:00:00
321,146,soil_moisture,45.79,2025-08-15 18:00:00
322,148,rainfall,0.0,2025-12-03 13:00:00
323,282,rainfall,0.0,2026-01-09 04:00:00
324,205,soil_moisture,44.95,2025-12-24 19:00:00
325,351,humidity,46.18,2026-02-12 12:00:00
326,318,temperature,30.35,2026-04-06 01:00:00
327,343,temperature,21.8,2026-01-13 17:00:00
328,285,humidity,52.52,2025-09-05 06:00:00
329,318,rainfall,29.48,2026-04-04 13:00:00
330,309,rainfall,0.0,2026-04-09 05:00:00
331,193,rainfall,0.0,2026-03-19 21:00:00
332,389,humidity,40.49,2026-03-16 20:00:00
333,1,soil_moisture,27.4,2026-03-01 03:00:00
334,440,rainfall,0.0,2025-07-09 16:00:00
335,385,humidity,49.25,2026-03-24 02:00:00
336,190,soil_moisture,36.69,2026-02-11 06:00:00
337,294,temperature,28.07,2026-01-03 03:00:00
338,288,temperature,23.91,2025-07-07 07:00:00
339,32,humidity,72.18,2025-07-26 04:00:00
340,326,temperature,23.15,2026-03-27 09:00:00
341,114,temperature,19.22,2026-04-19 19:00:00
342,288,humidity,68.7,2025-07-07 15:00:00
343,48,soil_moisture,48.75,2025-12-30 14:00:00
344,229,temperature,29.29,2025-11-13 13:00:00
345,238,temperature,26.48,2025-11-25 03:00:00
346,1,humidity,61.93,2026-02-28 09:00:00
347,370,humidity,49.57,2025-07-10 00:00:00
348,318,soil_moisture,41.48,2026-04-05 05:00:00
349,413,soil_moisture,41.3,2026-01-13 04:00:00
350,421,humidity,45.95,2025-07-13 03:00:00
351,157,rainfall,0.0,2026-01-20 08:00:00
352,140,rainfall,0.0,2025-09-12 04:00:00
353,212,humidity,44.28,2025-11-16 10:00:00
354,303,temperature,35.41,2025-08-22 07:00:00
355,180,rainfall,0.0,2025-12-26 12:00:00
356,442,soil_moisture,44.51,2025-10-14 13:00:00
357,418,soil_moisture,38.97,2025-09-06 03:00:00
358,133,soil_moisture,32.46,2025-07-03 01:00:00
359,210,humidity,62.62,2025-11-04 01:00:00
360,17,humidity,42.78,2025-07-19 02:00:00
361,193,humidity,43.65,2026-03-18 16:00:00
362,143,rainfall,0.0,2025-08-10 03:00:00
363,113,humidity,57.31,2025-07-29 01:00:00
364,36,rainfall,0.0,2026-03-19 10:00:00
365,142,soil_moisture,37.92,2025-11-15 18:00:00
366,340,rainfall,0.0,2025-12-25 11:00:00
367,449,rainfall,0.0,2025-09-15 11:00:00
368,321,temperature,24.2,2025-09-11 11:00:00
369,137,humidity,57.26,2026-03-13 22:00:00
370,147,soil_moisture,23.98,2026-03-08 10:00:00
371,402,soil_moisture,28.41,2026-03-30 02:00:00
372,342,humidity,72.48,2026-03-29 12:00:00
373,240,humidity,60.49,2026-04-23 13:00:00
374,448,soil_moisture,34.84,2025-12-15 18:00:00
375,368,soil_moisture,27.05,2026-03-04 13:00:00
376,177,temperature,18.83,2026-03-12 12:00:00
377,129,humidity,40.88,2026-04-21 07:00:00
378,36,humidity,53.29,2026-03-19 11:00:00
379,70,temperature,29.02,2025-12-09 10:00:00
380,385,temperature,19.98,2026-03-23 22:00:00
381,161,rainfall,37.04,2026-01-07 08:00:00
382,166,temperature,32.54,2025-12-01 10:00:00
383,367,soil_moisture,45.8,2025-11-22 20:00:00
384,421,soil_moisture,30.31,2025-07-11 19:00:00
385,117,humidity,41.59,2025-08-23 00:00:00
386,255,rainfall,0.0,2025-11-03 13:00:00
387,257,humidity,64.54,2025-07-04 03:00:00
388,28,soil_moisture,33.53,2025-07-09 10:00:00
389,226,soil_moisture,30.8,2026-04-21 09:00:00
390,287,soil_moisture,41.61,2026-04-04 03:00:00
391,335,soil_moisture,41.11,2025-09-04 03:00:00
392,9,soil_moisture,38.05,2025-09-20 23:00:00
393,341,humidity,53.98,2025-11-25 06:00:00
394,296,soil_moisture,43.65,2025-08-22 12:00:00
395,168,soil_moisture,26.86,2026-03-28 18:00:00
396,431,humidity,70.51,2025-07-02 18:00:00
397,103,rainfall,0.0,2026-01-09 02:00:00
398,185,soil_moisture,35.53,2026-03-04 22:00:00
399,43,soil_moisture,39.03,2025-09-13 18:00:00
400,362,rainfall,0.0,2026-04-18 06:00:00
401,318,soil_moisture,43.3,2026-04-06 05:00:00
402,370,humidity,51.82,2025-07-08 19:00:00
403,376,soil_moisture,41.47,2025-09-14 12:00:00
404,324,rainfall,39.81,2026-01-27 08:00:00
405,436,rainfall,25.92,2026-02-11 17:00:00
406,45,temperature,20.13,2026-02-08 03:00:00
407,293,temperature,19.91,2026-02-09 20:00:00
408,283,soil_moisture,43.17,2026-02-21 06:00:00
409,66,soil_moisture,29.65,2026-01-06 11:00:00
410,170,humidity,36.67,2025-07-04 22:00:00
411,44,rainfall,58.44,2025-10-07 13:00:00
412,208,humidity,56.75,2026-01-17 01:00:00
413,201,soil_moisture,21.64,2026-03-31 10:00:00
414,65,humidity,66.58,2025-07-09 02:00:00
415,341,soil_moisture,40.41,2025-11-26 17:00:00
416,1,humidity,63.32,2026-03-01 11:00:00
417,154,soil_moisture,34.84,2025-08-20 01:00:00
418,330,rainfall,59.31,2025-10-03 01:00:00
419,71,temperature,30.79,2025-10-02 00:00:00
420,255,soil_moisture,40.93,2025-11-02 02:00:00
421,134,rainfall,63.02,2026-01-07 01:00:00
422,168,soil_moisture,25.72,2026-03-29 07:00:00
423,294,rainfall,0.0,2026-01-05 06:00:00
424,346,humidity,71.48,2025-09-24 03:00:00
425,45,temperature,23.04,2026-02-08 15:00:00
426,113,temperature,29.67,2025-07-27 23:00:00
427,148,humidity,57.03,2025-12-02 18:00:00
428,368,temperature,22.99,2026-03-05 15:00:00
429,421,temperature,26.33,2025-07-12 08:00:00
430,354,temperature,30.7,2026-03-07 04:00:00
431,208,temperature,26.67,2026-01-15 11:00:00
432,13,temperature,25.88,2025-11-01 19:00:00
433,361,temperature,22.18,2025-10-19 21:00:00
434,18,soil_moisture,34.51,2026-03-16 02:00:00
435,177,humidity,49.63,2026-03-13 16:00:00
436,447,humidity,56.96,2025-09-20 05:00:00
437,18,rainfall,0.0,2026-03-15 22:00:00
438,326,soil_moisture,22.75,2026-03-26 17:00:00
439,272,rainfall,0.0,2025-12-02 20:00:00
440,204,soil_moisture,37.94,2025-08-23 10:00:00
441,255,humidity,52.24,2025-11-03 18:00:00
442,330,rainfall,0.0,2025-10-02 18:00:00
443,298,soil_moisture,38.42,2025-09-12 06:00:00
444,71,rainfall,0.0,2025-10-02 04:00:00
445,143,soil_moisture,42.88,2025-08-11 18:00:00
446,32,soil_moisture,37.15,2025-07-28 06:00:00
447,294,soil_moisture,16.48,2026-01-04 00:00:00
448,10,temperature,25.06,2026-03-29 21:00:00
449,385,humidity,45.72,2026-03-22 14:00:00
450,326,humidity,53.04,2026-03-27 06:00:00
451,233,rainfall,0.0,2025-12-16 03:00:00
452,294,temperature,30.45,2026-01-04 16:00:00
453,389,temperature,30.43,2026-03-17 00:00:00
454,371,rainfall,0.0,2026-03-31 16:00:00
455,327,temperature,24.27,2025-07-29 07:00:00
456,448,humidity,81.29,2025-12-14 05:00:00
457,260,humidity,65.94,2025-09-23 01:00:00
458,7,humidity,58.12,2025-12-15 19:00:00
459,61,rainfall,13.87,2026-02-05 17:00:00
460,449,humidity,74.11,2025-09-15 21:00:00
461,381,humidity,46.8,2025-10-25 16:00:00
462,424,soil_moisture,22.69,2026-01-06 03:00:00
463,122,rainfall,0.0,2025-12-23 04:00:00
464,90,humidity,65.7,2025-08-19 21:00:00
465,6,rainfall,28.73,2025-08-12 07:00:00
466,24,temperature,25.02,2026-03-06 07:00:00
467,32,temperature,32.21,2025-07-26 22:00:00
468,353,humidity,45.04,2026-03-19 04:00:00
469,389,temperature,31.94,2026-03-16 02:00:00
470,4,temperature,28.61,2026-04-12 17:00:00
471,418,temperature,33.02,2025-09-05 16:00:00
472,159,soil_moisture,24.05,2025-09-21 13:00:00
473,74,rainfall,0.0,2025-10-22 03:00:00
474,424,humidity,35.33,2026-01-06 19:00:00
475,330,rainfall,59.14,2025-10-03 03:00:00
476,385,humidity,47.1,2026-03-24 11:00:00
477,371,humidity,63.61,2026-03-30 04:00:00
478,55,soil_moisture,30.7,2025-08-31 10:00:00
479,448,rainfall,0.0,2025-12-13 13:00:00
480,45,soil_moisture,23.4,2026-02-09 20:00:00
481,341,temperature,35.33,2025-11-24 08:00:00
482,50,rainfall,0.0,2026-03-09 01:00:00
483,170,rainfall,0.0,2025-07-03 19:00:00
484,300,temperature,26.24,2025-10-26 23:00:00
485,122,rainfall,0.0,2025-12-21 15:00:00
486,212,humidity,44.79,2025-11-17 00:00:00
487,427,soil_moisture,31.66,2025-07-12 04:00:00
488,311,rainfall,44.85,2025-10-09 13:00:00
489,219,rainfall,0.0,2025-11-20 06:00:00
490,24,soil_moisture,41.83,2026-03-04 15:00:00
491,159,humidity,43.15,2025-09-20 21:00:00
492,1,soil_moisture,34.34,2026-02-28 21:00:00
493,129,soil_moisture,26.17,2026-04-19 03:00:00
494,356,rainfall,43.1,2025-12-13 19:00:00
495,411,soil_moisture,38.91,2025-08-24 22:00:00
496,151,humidity,50.93,2026-03-16 04:00:00
497,76,soil_moisture,25.31,2026-04-16 11:00:00
498,184,humidity,39.11,2026-01-06 01:00:00
499,115,rainfall,0.0,2025-10-26 19:00:00
500,47,temperature,35.29,2025-10-04 03:00:00
501,446,rainfall,49.62,2026-04-21 20:00:00
502,212,soil_moisture,45.55,2025-11-17 14:00:00
503,212,rainfall,0.0,2025-11-18 17:00:00
504,1,rainfall,0.0,2026-03-01 22:00:00
505,287,temperature,21.07,2026-04-03 17:00:00
506,24,humidity,49.28,2026-03-04 09:00:00
507,295,rainfall,0.0,2026-04-10 20:00:00
508,436,humidity,70.44,2026-02-11 15:00:00
509,55,rainfall,34.15,2025-08-31 01:00:00
510,290,rainfall,0.0,2026-02-26 23:00:00
511,30,soil_moisture,36.47,2025-08-19 22:00:00
512,335,rainfall,0.0,2025-09-05 01:00:00
513,368,temperature,23.13,2026-03-04 11:00:00
514,343,temperature,29.62,2026-01-13 19:00:00
515,411,rainfall,0.0,2025-08-24 21:00:00
516,431,temperature,30.32,2025-07-02 17:00:00
517,143,soil_moisture,37.37,2025-08-11 09:00:00
518,255,temperature,26.16,2025-11-04 06:00:00
519,48,humidity,28.15,2025-12-31 01:00:00
520,136,rainfall,33.27,2025-11-10 22:00:00
521,146,rainfall,0.0,2025-08-15 11:00:00
522,446,rainfall,0.0,2026-04-21 15:00:00
523,82,soil_moisture,40.38,2026-02-21 15:00:00
524,447,rainfall,0.0,2025-09-19 13:00:00
525,53,humidity,52.66,2026-03-03 11:00:00
526,440,soil_moisture,42.48,2025-07-09 09:00:00
527,418,humidity,45.46,2025-09-07 04:00:00
528,184,rainfall,0.0,2026-01-05 18:00:00
529,186,temperature,25.62,2026-01-27 16:00:00
530,353,rainfall,0.0,2026-03-19 15:00:00
531,136,soil_moisture,28.92,2025-11-10 03:00:00
532,133,temperature,23.23,2025-07-02 03:00:00
533,73,temperature,35.22,2025-10-07 23:00:00
534,364,rainfall,0.0,2025-12-20 21:00:00
535,32,rainfall,0.0,2025-07-28 11:00:00
536,331,soil_moisture,34.71,2026-04-10 10:00:00
537,371,temperature,31.61,2026-03-31 07:00:00
538,190,humidity,35.22,2026-02-10 08:00:00
539,60,rainfall,35.27,2026-03-05 08:00:00
540,442,soil_moisture,49.23,2025-10-15 20:00:00
541,326,temperature,23.49,2026-03-26 19:00:00
542,323,temperature,21.93,2025-07-25 17:00:00
543,220,humidity,53.98,2026-01-30 14:00:00
544,396,rainfall,0.0,2025-07-05 08:00:00
545,186,temperature,23.74,2026-01-27 18:00:00
546,321,humidity,57.35,2025-09-10 20:00:00
547,215,humidity,50.18,2026-03-14 22:00:00
548,17,temperature,29.61,2025-07-19 21:00:00
549,133,humidity,57.93,2025-07-02 03:00:00
550,211,temperature,23.31,2026-02-02 08:00:00
551,170,rainfall,44.81,2025-07-03 14:00:00
552,318,humidity,40.75,2026-04-05 21:00:00
553,294,humidity,46.38,2026-01-04 14:00:00
554,205,temperature,24.92,2025-12-25 18:00:00
555,293,humidity,45.45,2026-02-10 14:00:00
556,389,rainfall,0.0,2026-03-16 09:00:00
557,212,humidity,46.61,2025-11-16 19:00:00
558,167,temperature,36.5,2025-12-25 16:00:00
559,354,soil_moisture,27.62,2026-03-07 15:00:00
560,308,humidity,53.26,2025-12-27 12:00:00
561,311,humidity,51.35,2025-10-07 10:00:00
562,16,rainfall,38.89,2025-08-19 14:00:00
563,167,temperature,37.67,2025-12-24 00:00:00
564,60,soil_moisture,24.58,2026-03-05 08:00:00
565,448,temperature,27.95,2025-12-14 08:00:00
566,311,rainfall,46.16,2025-10-09 10:00:00
567,308,soil_moisture,35.63,2025-12-26 18:00:00
568,171,humidity,46.7,2026-01-17 20:00:00
569,7,rainfall,0.0,2025-12-15 07:00:00
570,9,soil_moisture,35.1,2025-09-19 17:00:00
571,78,rainfall,57.71,2025-09-25 18:00:00
572,90,soil_moisture,35.88,2025-08-20 16:00:00
573,335,rainfall,0.0,2025-09-03 15:00:00
574,342,temperature,24.91,2026-03-28 17:00:00
575,89,humidity,66.46,2026-02-26 04:00:00
576,428,humidity,43.81,2026-01-30 22:00:00
577,235,humidity,54.47,2026-03-31 14:00:00
578,55,humidity,59.85,2025-08-31 09:00:00
579,362,temperature,22.42,2026-04-17 19:00:00
580,128,temperature,23.25,2025-07-11 09:00:00
581,351,temperature,22.49,2026-02-12 12:00:00
582,361,soil_moisture,26.12,2025-10-18 21:00:00
583,343,rainfall,0.0,2026-01-12 07:00:00
584,273,humidity,49.39,2026-01-08 00:00:00
585,82,rainfall,0.0,2026-02-20 05:00:00
586,134,soil_moisture,43.62,2026-01-06 06:00:00
587,91,temperature,20.08,2026-02-22 14:00:00
588,212,rainfall,0.0,2025-11-16 05:00:00
589,148,soil_moisture,50.02,2025-12-03 13:00:00
590,330,soil_moisture,23.55,2025-10-02 14:00:00
591,311,soil_moisture,35.72,2025-10-09 13:00:00
592,292,soil_moisture,39.8,2025-09-24 18:00:00
593,135,temperature,26.97,2025-12-06 19:00:00
594,294,temperature,26.19,2026-01-03 18:00:00
595,97,temperature,33.09,2026-02-13 04:00:00
596,277,rainfall,0.0,2025-09-12 01:00:00
597,125,soil_moisture,44.87,2025-11-20 13:00:00
598,413,soil_moisture,42.29,2026-01-12 10:00:00
599,283,humidity,43.74,2026-02-21 02:00:00
600,282,temperature,26.33,2026-01-10 10:00:00
601,446,rainfall,0.0,2026-04-20 05:00:00
602,362,temperature,23.31,2026-04-19 11:00:00
603,335,temperature,22.53,2025-09-03 18:00:00
604,143,rainfall,0.0,2025-08-11 20:00:00
605,335,temperature,24.65,2025-09-03 05:00:00
606,204,rainfall,0.0,2025-08-24 18:00:00
607,272,humidity,64.38,2025-12-03 02:00:00
608,362,soil_moisture,31.09,2026-04-18 09:00:00
609,223,rainfall,54.45,2025-12-14 13:00:00
610,381,humidity,45.73,2025-10-24 18:00:00
611,229,temperature,30.5,2025-11-11 05:00:00
612,377,temperature,30.54,2025-07-11 05:00:00
613,140,humidity,49.86,2025-09-12 06:00:00
614,122,rainfall,25.73,2025-12-23 05:00:00
615,36,rainfall,0.0,2026-03-18 21:00:00
616,298,humidity,49.11,2025-09-13 07:00:00
617,322,humidity,61.57,2026-01-17 02:00:00
618,326,soil_moisture,21.89,2026-03-26 16:00:00
619,165,rainfall,0.0,2025-06-30 21:00:00
620,389,soil_moisture,36.48,2026-03-18 05:00:00
621,157,soil_moisture,31.69,2026-01-19 22:00:00
622,419,humidity,53.35,2025-09-24 18:00:00
623,205,temperature,24.64,2025-12-26 03:00:00
624,402,humidity,53.79,2026-03-29 00:00:00
625,91,soil_moisture,41.21,2026-02-23 19:00:00
626,260,rainfall,37.19,2025-09-21 19:00:00
627,45,temperature,20.09,2026-02-09 05:00:00
628,123,temperature,25.01,2025-11-16 13:00:00
629,117,humidity,50.07,2025-08-22 21:00:00
630,285,rainfall,0.0,2025-09-06 11:00:00
631,16,humidity,62.06,2025-08-18 16:00:00
632,386,rainfall,0.0,2026-04-05 19:00:00
633,32,temperature,27.93,2025-07-26 23:00:00
634,440,rainfall,0.0,2025-07-08 06:00:00
635,89,temperature,33.83,2026-02-27 12:00:00
636,220,rainfall,0.0,2026-01-30 19:00:00
637,4,soil_moisture,30.42,2026-04-11 13:00:00
638,215,rainfall,0.0,2026-03-14 22:00:00
639,151,soil_moisture,22.95,2026-03-17 00:00:00
640,59,soil_moisture,50.6,2025-12-10 14:00:00
641,30,rainfall,0.0,2025-08-20 14:00:00
642,193,temperature,26.65,2026-03-18 17:00:00
643,238,rainfall,0.0,2025-11-25 21:00:00
644,136,humidity,64.05,2025-11-11 21:00:00
645,29,humidity,41.55,2026-01-18 15:00:00
646,296,temperature,38.26,2025-08-21 03:00:00
647,376,temperature,30.2,2025-09-13 13:00:00
648,147,humidity,68.47,2026-03-08 17:00:00
649,402,humidity,55.06,2026-03-29 02:00:00
650,55,humidity,67.22,2025-09-02 00:00:00
651,309,soil_moisture,35.66,2026-04-07 20:00:00
652,117,humidity,43.05,2025-08-21 02:00:00
653,215,soil_moisture,39.32,2026-03-14 09:00:00
654,16,temperature,26.56,2025-08-18 02:00:00
655,222,temperature,27.63,2025-10-15 13:00:00
656,382,temperature,21.16,2025-07-31 19:00:00
657,376,rainfall,0.0,2025-09-13 16:00:00
658,353,temperature,18.0,2026-03-18 09:00:00
659,226,soil_moisture,35.66,2026-04-21 17:00:00
660,161,soil_moisture,29.6,2026-01-07 18:00:00
661,227,humidity,65.87,2025-10-17 08:00:00
662,115,temperature,32.06,2025-10-26 07:00:00
663,440,rainfall,0.0,2025-07-08 03:00:00
664,361,rainfall,0.0,2025-10-19 06:00:00
665,126,rainfall,0.0,2025-08-17 20:00:00
666,341,soil_moisture,40.31,2025-11-24 11:00:00
667,148,soil_moisture,47.84,2025-12-03 03:00:00
668,210,soil_moisture,41.29,2025-11-04 20:00:00
669,94,humidity,65.47,2025-09-28 08:00:00
670,240,rainfall,0.0,2026-04-22 07:00:00
671,147,humidity,65.87,2026-03-08 22:00:00
672,9,temperature,32.36,2025-09-19 14:00:00
673,384,rainfall,0.0,2025-08-17 02:00:00
674,148,soil_moisture,47.83,2025-12-02 18:00:00
675,60,soil_moisture,24.77,2026-03-05 16:00:00
676,323,temperature,23.54,2025-07-26 12:00:00
677,326,temperature,21.71,2026-03-27 23:00:00
678,9,rainfall,0.0,2025-09-20 04:00:00
679,169,soil_moisture,38.22,2026-03-22 23:00:00
680,303,rainfall,0.0,2025-08-22 04:00:00
681,227,humidity,62.76,2025-10-17 12:00:00
682,238,soil_moisture,29.72,2025-11-24 15:00:00
683,335,temperature,25.08,2025-09-03 17:00:00
684,401,rainfall,0.0,2025-12-11 11:00:00
685,204,humidity,66.84,2025-08-24 07:00:00
686,437,soil_moisture,47.28,2025-10-03 15:00:00
687,386,humidity,59.23,2026-04-05 00:00:00
688,77,temperature,21.62,2026-03-28 01:00:00
689,442,rainfall,0.0,2025-10-15 16:00:00
690,89,rainfall,44.83,2026-02-27 23:00:00
691,285,temperature,28.33,2025-09-06 23:00:00
692,370,humidity,51.24,2025-07-09 03:00:00
693,308,soil_moisture,28.74,2025-12-27 02:00:00
694,421,rainfall,0.0,2025-07-11 18:00:00
695,82,temperature,25.62,2026-02-20 07:00:00
696,30,temperature,23.84,2025-08-21 06:00:00
697,166,rainfall,0.0,2025-11-30 12:00:00
698,24,temperature,500.0,2026-03-05 20:00:00
699,419,rainfall,34.61,2025-09-24 15:00:00
700,24,soil_moisture,35.77,2026-03-04 12:00:00
701,268,rainfall,48.46,2025-12-24 06:00:00
702,411,humidity,59.73,2025-08-25 00:00:00
703,364,soil_moisture,41.75,2025-12-22 04:00:00
704,193,humidity,52.82,2026-03-20 01:00:00
705,427,soil_moisture,24.43,2025-07-09 17:00:00
706,159,soil_moisture,24.54,2025-09-19 09:00:00
707,74,humidity,46.91,2025-10-22 16:00:00
708,201,rainfall,0.0,2026-03-31 02:00:00
709,321,soil_moisture,30.36,2025-09-10 03:00:00
710,440,humidity,46.11,2025-07-09 01:00:00
711,140,soil_moisture,45.27,2025-09-14 03:00:00
712,24,temperature,27.35,2026-03-04 12:00:00
713,136,humidity,63.34,2025-11-11 15:00:00
714,180,rainfall,0.0,2025-12-25 19:00:00
715,386,temperature,30.99,2026-04-06 03:00:00
716,377,rainfall,0.0,2025-07-12 02:00:00
717,389,temperature,32.61,2026-03-16 17:00:00
718,371,temperature,31.82,2026-04-01 08:00:00
719,308,temperature,24.9,2025-12-26 13:00:00
720,371,soil_moisture,29.19,2026-03-30 18:00:00
721,30,humidity,57.24,2025-08-19 12:00:00
722,327,humidity,63.88,2025-07-28 18:00:00
723,180,soil_moisture,38.46,2025-12-26 07:00:00
724,91,temperature,22.39,2026-02-23 01:00:00
725,48,humidity,59.96,2025-12-30 12:00:00
726,16,humidity,64.29,2025-08-18 18:00:00
727,70,humidity,53.03,2025-12-09 17:00:00
728,226,soil_moisture,33.11,2026-04-22 04:00:00
729,78,soil_moisture,41.08,2025-09-27 00:00:00
730,308,temperature,22.19,2025-12-26 20:00:00
731,431,humidity,47.28,2025-07-01 15:00:00
732,44,soil_moisture,33.94,2025-10-08 00:00:00
733,177,soil_moisture,20.91,2026-03-12 16:00:00
734,413,soil_moisture,43.43,2026-01-12 18:00:00
735,318,humidity,34.7,2026-04-06 10:00:00
736,191,soil_moisture,37.05,2026-04-06 05:00:00
737,122,humidity,70.83,2025-12-21 13:00:00
738,105,soil_moisture,45.39,2026-01-28 16:00:00
739,427,humidity,47.65,2025-07-11 17:00:00
740,143,temperature,33.74,2025-08-10 01:00:00
741,72,temperature,21.99,2025-08-20 01:00:00
742,28,soil_moisture,38.36,2025-07-10 09:00:00
743,354,soil_moisture,29.97,2026-03-07 12:00:00
744,272,humidity,58.0,2025-12-02 17:00:00
745,185,humidity,55.56,2026-03-04 11:00:00
746,210,temperature,33.74,2025-11-04 01:00:00
747,384,temperature,25.6,2025-08-17 03:00:00
748,114,rainfall,0.0,2026-04-19 19:00:00
749,178,humidity,64.34,2025-12-16 13:00:00
750,190,humidity,33.24,2026-02-10 02:00:00
751,305,humidity,51.4,2025-06-28 06:00:00
752,229,temperature,31.87,2025-11-11 02:00:00
753,49,soil_moisture,30.77,2025-10-01 01:00:00
754,133,soil_moisture,33.44,2025-07-02 03:00:00
755,73,humidity,70.53,2025-10-08 09:00:00
756,191,humidity,56.9,2026-04-07 18:00:00
757,10,rainfall,0.0,2026-03-28 07:00:00
758,354,temperature,28.48,2026-03-06 19:00:00
759,427,rainfall,0.0,2025-07-10 03:00:00
760,353,soil_moisture,33.47,2026-03-18 01:00:00
761,277,temperature,25.38,2025-09-11 04:00:00
762,371,humidity,66.27,2026-03-31 09:00:00
763,287,temperature,23.68,2026-04-04 05:00:00
764,185,humidity,48.3,2026-03-05 17:00:00
765,413,rainfall,33.66,2026-01-12 13:00:00
766,32,humidity,64.66,2025-07-26 10:00:00
767,305,humidity,51.74,2025-06-26 10:00:00
768,212,humidity,40.73,2025-11-16 03:00:00
769,29,soil_moisture,23.1,2026-01-19 16:00:00
770,55,humidity,63.06,2025-09-01 03:00:00
771,1,rainfall,23.04,2026-03-02 01:00:00
772,402,temperature,31.96,2026-03-29 20:00:00
773,159,soil_moisture,25.15,2025-09-19 22:00:00
774,65,humidity,69.11,2025-07-10 07:00:00
775,335,soil_moisture,34.86,2025-09-03 07:00:00
776,449,humidity,68.32,2025-09-16 21:00:00
777,148,temperature,31.46,2025-12-02 18:00:00
778,353,soil_moisture,39.4,2026-03-20 11:00:00
779,229,rainfall,0.0,2025-11-11 12:00:00
780,148,humidity,61.64,2025-12-03 10:00:00
781,184,rainfall,0.0,2026-01-06 01:00:00
782,362,soil_moisture,23.52,2026-04-19 01:00:00
783,50,temperature,21.46,2026-03-09 12:00:00
784,444,humidity,63.47,2025-12-11 12:00:00
785,211,rainfall,0.0,2026-02-03 08:00:00
786,424,rainfall,0.0,2026-01-05 15:00:00
787,447,soil_moisture,28.72,2025-09-18 18:00:00
788,215,humidity,40.17,2026-03-15 09:00:00
789,293,rainfall,46.77,2026-02-09 13:00:00
790,142,humidity,65.78,2025-11-15 14:00:00
791,403,soil_moisture,45.46,2025-11-07 00:00:00
792,330,rainfall,0.0,2025-10-02 08:00:00
793,90,humidity,55.77,2025-08-20 23:00:00
794,306,temperature,31.59,2025-12-29 22:00:00
795,59,temperature,25.6,2025-12-08 07:00:00
796,157,soil_moisture,27.07,2026-01-20 18:00:00
797,204,soil_moisture,41.39,2025-08-25 12:00:00
798,351,humidity,41.82,2026-02-13 04:00:00
799,204,soil_moisture,39.89,2025-08-24 08:00:00
800,330,rainfall,59.16,2025-10-03 02:00:00
801,428,rainfall,0.0,2026-01-30 05:00:00
802,310,soil_moisture,37.69,2025-12-22 17:00:00
803,367,rainfall,0.0,2025-11-22 00:00:00
804,46,rainfall,42.88,2025-09-19 04:00:00
805,117,temperature,25.46,2025-08-21 18:00:00
806,66,humidity,51.76,2026-01-08 08:00:00
807,76,humidity,67.02,2026-04-15 02:00:00
808,91,humidity,70.48,2026-02-23 17:00:00
809,411,temperature,28.52,2025-08-23 23:00:00
810,78,humidity,47.36,2025-09-25 07:00:00
811,340,temperature,34.09,2025-12-25 16:00:00
812,294,humidity,57.37,2026-01-03 15:00:00
813,154,humidity,67.66,2025-08-20 09:00:00
814,386,humidity,71.66,2026-04-05 15:00:00
815,385,humidity,52.34,2026-03-23 23:00:00
816,288,temperature,24.41,2025-07-06 19:00:00
817,448,soil_moisture,32.47,2025-12-14 00:00:00
818,205,temperature,26.61,2025-12-24 11:00:00
819,77,rainfall,30.57,2026-03-27 17:00:00
820,91,soil_moisture,36.85,2026-02-23 12:00:00
821,235,humidity,57.83,2026-03-30 03:00:00
822,211,temperature,25.21,2026-02-02 21:00:00
823,117,soil_moisture,31.63,2025-08-22 21:00:00
824,193,temperature,27.01,2026-03-18 06:00:00
825,161,soil_moisture,38.18,2026-01-06 18:00:00
826,9,humidity,53.56,2025-09-20 11:00:00
827,448,temperature,25.7,2025-12-14 05:00:00
828,290,humidity,47.49,2026-02-25 09:00:00
829,444,rainfall,28.35,2025-12-13 03:00:00
830,227,temperature,36.46,2025-10-16 18:00:00
831,165,rainfall,0.0,2025-07-01 13:00:00
832,318,temperature,33.55,2026-04-04 06:00:00
833,295,rainfall,58.88,2026-04-11 14:00:00
834,308,rainfall,0.0,2025-12-27 14:00:00
835,419,temperature,24.11,2025-09-26 04:00:00
836,300,temperature,22.63,2025-10-26 08:00:00
837,235,rainfall,0.0,2026-03-30 23:00:00
838,377,humidity,36.0,2025-07-13 02:00:00
839,99,temperature,30.26,2025-10-09 05:00:00
840,71,soil_moisture,43.37,2025-10-01 10:00:00
841,125,rainfall,0.0,2025-11-20 03:00:00
842,9,temperature,33.69,2025-09-20 23:00:00
843,282,soil_moisture,42.0,2026-01-11 06:00:00
844,59,temperature,22.15,2025-12-08 11:00:00
845,55,temperature,31.44,2025-09-02 12:00:00
846,180,soil_moisture,34.88,2025-12-25 13:00:00
847,310,soil_moisture,33.8,2025-12-22 16:00:00
848,36,humidity,56.06,2026-03-18 23:00:00
849,442,soil_moisture,46.15,2025-10-15 08:00:00
850,431,soil_moisture,38.45,2025-07-01 05:00:00
851,386,temperature,26.31,2026-04-05 14:00:00
852,4,soil_moisture,24.24,2026-04-13 13:00:00
853,396,soil_moisture,39.99,2025-07-04 21:00:00
854,13,humidity,69.34,2025-11-02 08:00:00
855,331,humidity,56.31,2026-04-09 05:00:00
856,66,humidity,42.47,2026-01-07 08:00:00
857,306,rainfall,0.0,2025-12-30 08:00:00
858,377,rainfall,54.34,2025-07-13 05:00:00
859,428,soil_moisture,40.73,2026-01-30 22:00:00
860,65,temperature,25.09,2025-07-08 13:00:00
861,45,humidity,49.28,2026-02-10 00:00:00
862,17,rainfall,0.0,2025-07-20 12:00:00
863,151,humidity,64.3,2026-03-17 00:00:00
864,151,temperature,24.96,2026-03-16 22:00:00
865,210,temperature,31.83,2025-11-04 09:00:00
866,381,rainfall,64.3,2025-10-26 15:00:00
867,219,rainfall,52.5,2025-11-19 04:00:00
868,367,humidity,56.25,2025-11-21 15:00:00
869,321,temperature,21.37,2025-09-11 16:00:00
870,134,humidity,42.08,2026-01-07 18:00:00
871,341,soil_moisture,41.73,2025-11-25 13:00:00
872,296,soil_moisture,44.69,2025-08-20 14:00:00
873,272,temperature,28.91,2025-12-02 07:00:00
874,165,rainfall,24.9,2025-07-01 23:00:00
875,82,humidity,41.51,2026-02-21 07:00:00
876,1,temperature,26.41,2026-02-28 03:00:00
877,303,soil_moisture,33.39,2025-08-21 01:00:00
878,4,rainfall,52.65,2026-04-11 20:00:00
879,318,humidity,39.2,2026-04-06 05:00:00
880,440,humidity,47.24,2025-07-10 05:00:00
881,103,humidity,39.13,2026-01-09 19:00:00
882,272,rainfall,35.92,2025-12-03 08:00:00
883,268,soil_moisture,39.39,2025-12-24 19:00:00
884,427,rainfall,0.0,2025-07-09 09:00:00
885,323,rainfall,0.0,2025-07-26 02:00:00
886,447,soil_moisture,29.91,2025-09-18 02:00:00
887,421,rainfall,0.0,2025-07-11 04:00:00
888,361,rainfall,0.0,2025-10-19 12:00:00
889,49,rainfall,0.0,2025-09-30 19:00:00
890,7,rainfall,0.0,2025-12-17 15:00:00
891,330,soil_moisture,31.8,2025-10-01 11:00:00
892,142,temperature,31.41,2025-11-17 15:00:00
893,449,temperature,33.52,2025-09-15 05:00:00
894,273,humidity,47.18,2026-01-06 08:00:00
895,300,temperature,23.03,2025-10-25 17:00:00
896,129,humidity,38.31,2026-04-20 02:00:00
897,402,soil_moisture,18.99,2026-03-29 17:00:00
898,418,humidity,42.25,2025-09-05 01:00:00
899,169,humidity,74.2,2026-03-23 16:00:00
900,133,humidity,65.72,2025-07-03 19:00:00
901,161,temperature,28.82,2026-01-06 05:00:00
902,61,rainfall,0.0,2026-02-06 06:00:00
903,17,humidity,42.17,2025-07-20 23:00:00
904,163,rainfall,0.0,2025-07-04 22:00:00
905,381,temperature,36.85,2025-10-24 22:00:00
906,46,soil_moisture,38.95,2025-09-21 00:00:00
907,196,rainfall,0.0,2026-02-16 19:00:00
908,24,temperature,23.56,2026-03-05 04:00:00
909,219,rainfall,59.5,2025-11-19 10:00:00
910,356,temperature,33.34,2025-12-13 21:00:00
911,235,rainfall,0.0,2026-03-30 20:00:00
912,376,rainfall,55.05,2025-09-13 21:00:00
913,311,soil_moisture,35.9,2025-10-07 17:00:00
914,204,temperature,35.17,2025-08-26 00:00:00
915,318,rainfall,41.88,2026-04-04 03:00:00
916,437,soil_moisture,43.97,2025-10-04 20:00:00
917,45,temperature,21.72,2026-02-09 04:00:00
918,361,humidity,68.12,2025-10-20 04:00:00
919,263,soil_moisture,27.28,2025-12-22 20:00:00
920,240,temperature,21.28,2026-04-22 11:00:00
921,353,temperature,20.74,2026-03-18 15:00:00
922,170,rainfall,0.0,2025-07-04 14:00:00
923,298,rainfall,0.0,2025-09-12 13:00:00
924,440,soil_moisture,42.39,2025-07-09 00:00:00
925,45,humidity,42.25,2026-02-08 04:00:00
926,126,rainfall,0.0,2025-08-18 11:00:00
927,165,soil_moisture,27.3,2025-07-02 08:00:00
928,74,humidity,49.11,2025-10-23 17:00:00
929,263,humidity,52.3,2025-12-22 03:00:00
930,341,soil_moisture,40.68,2025-11-25 10:00:00
931,288,soil_moisture,41.13,2025-07-07 19:00:00
932,370,soil_moisture,29.41,2025-07-10 13:00:00
933,65,humidity,72.95,2025-07-08 13:00:00
934,5,humidity,40.08,2026-04-08 02:00:00
935,1,rainfall,18.55,2026-03-02 00:00:00
936,335,temperature,27.87,2025-09-03 15:00:00
937,186,rainfall,0.0,2026-01-27 08:00:00
938,117,temperature,29.04,2025-08-21 17:00:00
939,346,temperature,34.71,2025-09-25 07:00:00
940,146,temperature,24.75,2025-08-16 09:00:00
941,178,temperature,32.76,2025-12-15 01:00:00
942,240,humidity,57.67,2026-04-22 14:00:00
943,24,rainfall,0.0,2026-03-04 15:00:00
944,180,rainfall,0.0,2025-12-25 04:00:00
945,89,rainfall,40.92,2026-02-26 16:00:00
946,364,rainfall,0.0,2025-12-20 19:00:00
947,421,temperature,24.41,2025-07-13 10:00:00
948,97,temperature,34.11,2026-02-15 07:00:00
949,30,soil_moisture,33.78,2025-08-20 00:00:00
950,43,rainfall,53.84,2025-09-13 03:00:00
951,196,humidity,62.38,2026-02-15 15:00:00
952,160,temperature,33.32,2026-04-16 04:00:00
953,341,temperature,35.41,2025-11-26 20:00:00
954,341,soil_moisture,43.08,2025-11-25 03:00:00
955,72,rainfall,0.0,2025-08-19 01:00:00
956,428,rainfall,0.0,2026-01-30 17:00:00
957,184,rainfall,0.0,2026-01-07 01:00:00
958,300,humidity,71.9,2025-10-25 08:00:00
959,184,temperature,29.97,2026-01-06 21:00:00
960,128,temperature,22.97,2025-07-09 16:00:00
961,292,soil_moisture,49.81,2025-09-25 20:00:00
962,346,humidity,71.57,2025-09-25 17:00:00
963,29,temperature,28.25,2026-01-19 12:00:00
964,323,soil_moisture,34.55,2025-07-26 02:00:00
965,431,rainfall,0.0,2025-07-02 21:00:00
966,90,rainfall,34.31,2025-08-19 07:00:00
967,168,humidity,69.98,2026-03-28 14:00:00
968,340,temperature,33.59,2025-12-25 19:00:00
969,288,soil_moisture,36.68,2025-07-07 03:00:00
970,61,rainfall,0.0,2026-02-05 10:00:00
971,186,soil_moisture,41.17,2026-01-27 18:00:00
972,122,rainfall,35.4,2025-12-21 22:00:00
973,204,rainfall,0.0,2025-08-23 22:00:00
974,384,rainfall,45.38,2025-08-17 11:00:00
975,205,rainfall,0.0,2025-12-25 16:00:00
976,10,temperature,26.65,2026-03-29 08:00:00
977,447,rainfall,0.0,2025-09-20 04:00:00
978,362,soil_moisture,27.44,2026-04-17 06:00:00
979,215,rainfall,0.0,2026-03-14 21:00:00
980,48,temperature,26.02,2025-12-31 10:00:00
981,220,rainfall,0.0,2026-01-29 05:00:00
982,330,humidity,62.78,2025-10-01 15:00:00
983,17,humidity,45.03,2025-07-19 10:00:00
984,413,temperature,28.6,2026-01-14 08:00:00
985,282,rainfall,0.0,2026-01-09 03:00:00
986,227,temperature,35.11,2025-10-17 01:00:00
987,36,rainfall,0.0,2026-03-19 03:00:00
988,16,rainfall,0.0,2025-08-20 04:00:00
989,36,humidity,52.23,2026-03-18 22:00:00
990,447,soil_moisture,29.77,2025-09-20 03:00:00
991,447,humidity,57.66,2025-09-18 10:00:00
992,185,soil_moisture,32.27,2026-03-05 08:00:00
993,28,humidity,40.37,2025-07-09 06:00:00
994,446,rainfall,0.0,2026-04-22 10:00:00
995,72,temperature,25.69,2025-08-20 06:00:00
996,5,soil_moisture,23.55,2026-04-08 11:00:00
997,343,soil_moisture,37.43,2026-01-13 13:00:00
998,354,rainfall,0.0,2026-03-07 19:00:00
999,293,temperature,22.14,2026-02-08 09:00:00
1000,134,rainfall,0.0,2026-01-07 21:00:00
1001,7,humidity,61.15,2025-12-16 13:00:00
1002,233,soil_moisture,29.56,2025-12-14 03:00:00
1003,29,humidity,42.12,2026-01-19 23:00:00
1004,377,temperature,37.04,2025-07-12 07:00:00
1005,310,rainfall,0.0,2025-12-23 07:00:00
1006,49,rainfall,0.0,2025-09-29 20:00:00
1007,192,temperature,27.54,2026-01-20 16:00:00
1008,372,soil_moisture,42.0,2025-10-28 09:00:00
1009,134,temperature,30.28,2026-01-08 06:00:00
1010,99,temperature,34.04,2025-10-08 20:00:00
1011,424,temperature,27.52,2026-01-05 02:00:00
1012,94,rainfall,0.0,2025-09-29 09:00:00
1013,72,soil_moisture,43.78,2025-08-21 16:00:00
1014,255,rainfall,0.0,2025-11-02 12:00:00
1015,361,soil_moisture,28.63,2025-10-20 03:00:00
1016,368,rainfall,0.0,2026-03-04 18:00:00
1017,300,humidity,71.18,2025-10-26 00:00:00
1018,372,temperature,29.67,2025-10-29 05:00:00
1019,147,humidity,64.0,2026-03-08 21:00:00
1020,364,rainfall,64.48,2025-12-21 16:00:00
1021,134,temperature,27.93,2026-01-07 15:00:00
1022,273,humidity,52.1,2026-01-06 10:00:00
1023,36,temperature,25.07,2026-03-18 02:00:00
1024,212,temperature,28.59,2025-11-17 10:00:00
1025,71,rainfall,0.0,2025-10-01 19:00:00
1026,442,soil_moisture,48.59,2025-10-14 01:00:00
1027,212,soil_moisture,36.97,2025-11-16 07:00:00
1028,178,temperature,31.67,2025-12-15 16:00:00
1029,6,temperature,22.9,2025-08-12 08:00:00
1030,371,soil_moisture,24.8,2026-03-31 22:00:00
1031,321,rainfall,0.0,2025-09-12 03:00:00
1032,396,humidity,50.39,2025-07-06 10:00:00
1033,335,soil_moisture,41.52,2025-09-04 17:00:00
1034,28,rainfall,31.94,2025-07-10 14:00:00
1035,191,rainfall,0.0,2026-04-07 13:00:00
1036,161,temperature,26.28,2026-01-07 08:00:00
1037,449,humidity,74.8,2025-09-15 12:00:00
1038,30,temperature,25.12,2025-08-20 03:00:00
1039,133,rainfall,0.0,2025-07-03 14:00:00
1040,142,humidity,73.77,2025-11-16 15:00:00
1041,48,temperature,31.53,2025-12-31 07:00:00
1042,419,temperature,25.39,2025-09-24 01:00:00
1043,76,temperature,21.36,2026-04-15 22:00:00
1044,402,rainfall,48.42,2026-03-28 10:00:00
1045,154,rainfall,0.0,2025-08-22 05:00:00
1046,448,temperature,26.58,2025-12-13 03:00:00
1047,91,soil_moisture,41.97,2026-02-23 18:00:00
1048,283,temperature,27.19,2026-02-21 20:00:00
1049,419,rainfall,41.66,2025-09-24 07:00:00
1050,134,soil_moisture,42.13,2026-01-08 03:00:00
1051,351,humidity,47.42,2026-02-12 15:00:00
1052,235,temperature,37.9,2026-03-31 23:00:00
1053,440,humidity,40.04,2025-07-09 00:00:00
1054,29,humidity,34.76,2026-01-20 11:00:00
1055,166,soil_moisture,25.23,2025-12-01 12:00:00
1056,219,humidity,75.01,2025-11-20 12:00:00
1057,389,humidity,44.82,2026-03-16 01:00:00
1058,370,humidity,48.22,2025-07-08 17:00:00
1059,389,soil_moisture,33.98,2026-03-18 14:00:00
1060,113,soil_moisture,36.78,2025-07-28 03:00:00
1061,29,temperature,28.45,2026-01-20 00:00:00
1062,285,rainfall,0.0,2025-09-06 01:00:00
1063,223,temperature,25.38,2025-12-13 20:00:00
1064,16,rainfall,50.88,2025-08-19 11:00:00
1065,71,soil_moisture,45.82,2025-10-02 15:00:00
1066,205,temperature,27.84,2025-12-25 11:00:00
1067,444,soil_moisture,34.76,2025-12-12 03:00:00
1068,94,temperature,30.22,2025-09-28 04:00:00
1069,342,rainfall,0.0,2026-03-29 01:00:00
1070,115,temperature,32.25,2025-10-26 13:00:00
1071,137,humidity,47.79,2026-03-13 19:00:00
1072,425,rainfall,0.0,2025-09-10 06:00:00
1073,343,temperature,27.62,2026-01-14 00:00:00
1074,330,rainfall,0.0,2025-10-01 22:00:00
1075,151,soil_moisture,21.92,2026-03-17 11:00:00
1076,292,humidity,62.25,2025-09-25 22:00:00
1077,285,temperature,26.25,2025-09-06 08:00:00
1078,268,soil_moisture,41.98,2025-12-24 06:00:00
1079,403,soil_moisture,43.05,2025-11-06 20:00:00
1080,413,humidity,42.85,2026-01-13 06:00:00
1081,335,temperature,24.24,2025-09-05 00:00:00
1082,165,soil_moisture,31.38,2025-07-02 11:00:00
1083,137,temperature,24.11,2026-03-12 08:00:00
1084,364,rainfall,0.0,2025-12-21 22:00:00
1085,296,temperature,31.17,2025-08-21 02:00:00
1086,226,rainfall,0.0,2026-04-21 16:00:00
1087,163,temperature,22.22,2025-07-04 01:00:00
1088,222,soil_moisture,37.68,2025-10-15 04:00:00
1089,437,soil_moisture,48.96,2025-10-03 21:00:00
1090,45,humidity,42.04,2026-02-09 14:00:00
1091,295,soil_moisture,33.17,2026-04-11 07:00:00
1092,78,rainfall,56.45,2025-09-26 07:00:00
1093,353,rainfall,0.0,2026-03-19 16:00:00
1094,303,rainfall,0.0,2025-08-21 09:00:00
1095,50,humidity,39.51,2026-03-11 20:00:00
1096,342,rainfall,0.0,2026-03-29 02:00:00
1097,385,temperature,22.48,2026-03-23 15:00:00
1098,263,temperature,29.31,2025-12-22 01:00:00
1099,354,rainfall,0.0,2026-03-06 04:00:00
1100,419,soil_moisture,30.89,2025-09-24 15:00:00
1101,143,temperature,33.09,2025-08-10 03:00:00
1102,263,soil_moisture,30.53,2025-12-21 07:00:00
1103,66,rainfall,0.0,2026-01-06 04:00:00
1104,292,soil_moisture,40.0,2025-09-25 15:00:00
1105,444,soil_moisture,26.58,2025-12-11 23:00:00
1106,367,rainfall,-273.0,2025-11-21 15:00:00
1107,136,soil_moisture,36.24,2025-11-10 02:00:00
1108,296,rainfall,0.0,2025-08-20 20:00:00
1109,76,rainfall,0.0,2026-04-16 08:00:00
1110,418,rainfall,0.0,2025-09-07 15:00:00
1111,148,temperature,31.47,2025-12-03 04:00:00
1112,306,soil_moisture,36.54,2025-12-29 01:00:00
1113,354,humidity,68.83,2026-03-06 17:00:00
1114,238,humidity,76.84,2025-11-24 20:00:00
1115,361,rainfall,0.0,2025-10-18 20:00:00
1116,48,temperature,34.05,2025-12-30 16:00:00
1117,10,rainfall,0.0,2026-03-28 14:00:00
1118,17,temperature,31.5,2025-07-20 18:00:00
1119,135,soil_moisture,45.6,2025-12-06 19:00:00
1120,238,soil_moisture,29.02,2025-11-24 05:00:00
1121,428,rainfall,0.0,2026-01-31 19:00:00
1122,294,humidity,55.35,2026-01-04 01:00:00
1123,60,humidity,40.74,2026-03-06 00:00:00
1124,211,humidity,59.28,2026-02-03 19:00:00
1125,298,humidity,50.22,2025-09-13 06:00:00
1126,168,rainfall,31.23,2026-03-27 10:00:00
1127,354,temperature,31.13,2026-03-07 01:00:00
1128,296,humidity,46.78,2025-08-20 23:00:00
1129,343,soil_moisture,41.04,2026-01-12 06:00:00
1130,16,humidity,68.94,2025-08-19 12:00:00
1131,215,rainfall,15.93,2026-03-14 09:00:00
1132,391,temperature,26.24,2025-06-26 07:00:00
1133,290,soil_moisture,23.3,2026-02-26 14:00:00
1134,372,humidity,54.39,2025-10-29 18:00:00
1135,126,rainfall,0.0,2025-08-19 08:00:00
1136,61,soil_moisture,39.6,2026-02-06 14:00:00
1137,343,humidity,61.5,2026-01-13 20:00:00
1138,90,temperature,30.67,2025-08-20 11:00:00
1139,361,humidity,71.54,2025-10-18 08:00:00
1140,219,rainfall,56.94,2025-11-20 16:00:00
1141,44,humidity,46.33,2025-10-06 07:00:00
1142,143,humidity,54.19,2025-08-10 18:00:00
1143,103,rainfall,35.55,2026-01-09 09:00:00
1144,113,soil_moisture,42.72,2025-07-28 21:00:00
1145,346,temperature,34.97,2025-09-24 23:00:00
1146,163,soil_moisture,40.46,2025-07-04 19:00:00
1147,140,temperature,29.08,2025-09-13 07:00:00
1148,411,rainfall,0.0,2025-08-24 01:00:00
1149,44,humidity,50.81,2025-10-07 17:00:00
1150,327,soil_moisture,38.01,2025-07-30 12:00:00
1151,191,soil_moisture,36.18,2026-04-06 17:00:00
1152,340,rainfall,60.56,2025-12-25 02:00:00
1153,170,rainfall,0.0,2025-07-04 16:00:00
1154,6,humidity,71.17,2025-08-13 07:00:00
1155,372,rainfall,57.07,2025-10-28 06:00:00
1156,351,temperature,21.19,2026-02-13 18:00:00
1157,180,humidity,59.0,2025-12-24 06:00:00
1158,59,humidity,61.75,2025-12-09 16:00:00
1159,103,rainfall,0.0,2026-01-09 04:00:00
1160,113,rainfall,0.0,2025-07-28 23:00:00
1161,323,humidity,66.99,2025-07-26 07:00:00
1162,99,rainfall,0.0,2025-10-09 12:00:00
1163,283,humidity,54.39,2026-02-22 03:00:00
1164,411,humidity,59.52,2025-08-24 14:00:00
1165,326,rainfall,0.0,2026-03-27 22:00:00
1166,356,temperature,30.99,2025-12-13 18:00:00
1167,196,rainfall,40.42,2026-02-15 12:00:00
1168,235,rainfall,0.0,2026-03-31 20:00:00
1169,186,temperature,24.71,2026-01-27 21:00:00
1170,335,humidity,72.46,2025-09-04 16:00:00
1171,105,soil_moisture,41.27,2026-01-28 19:00:00
1172,7,temperature,32.78,2025-12-15 16:00:00
1173,78,temperature,31.27,2025-09-25 20:00:00
1174,191,humidity,57.11,2026-04-07 02:00:00
1175,74,soil_moisture,42.87,2025-10-22 19:00:00
1176,177,temperature,22.53,2026-03-13 02:00:00
1177,233,rainfall,0.0,2025-12-16 20:00:00
1178,306,rainfall,0.0,2025-12-30 06:00:00
1179,72,humidity,54.4,2025-08-19 11:00:00
1180,36,temperature,27.52,2026-03-19 14:00:00
1181,428,soil_moisture,40.78,2026-01-30 03:00:00
1182,7,humidity,55.4,2025-12-16 21:00:00
1183,273,humidity,53.48,2026-01-08 12:00:00
1184,351,soil_moisture,25.4,2026-02-13 07:00:00
1185,386,humidity,79.02,2026-04-05 17:00:00
1186,377,humidity,38.67,2025-07-12 20:00:00
1187,147,humidity,66.39,2026-03-08 06:00:00
1188,361,rainfall,0.0,2025-10-20 16:00:00
1189,235,soil_moisture,31.7,2026-03-30 20:00:00
1190,210,rainfall,0.0,2025-11-05 05:00:00
1191,330,temperature,35.83,2025-10-02 12:00:00
1192,73,temperature,35.44,2025-10-07 10:00:00
1193,288,rainfall,52.85,2025-07-06 23:00:00
1194,447,temperature,22.25,2025-09-20 02:00:00
1195,396,humidity,44.33,2025-07-05 23:00:00
1196,137,temperature,22.84,2026-03-14 00:00:00
1197,166,temperature,32.79,2025-12-01 09:00:00
1198,401,humidity,50.92,2025-12-09 22:00:00
1199,90,humidity,64.75,2025-08-19 09:00:00
1200,44,rainfall,0.0,2025-10-07 06:00:00
1201,76,rainfall,0.0,2026-04-15 09:00:00
1202,367,temperature,30.65,2025-11-21 03:00:00
1203,99,rainfall,0.0,2025-10-09 02:00:00
1204,285,humidity,48.07,2025-09-06 08:00:00
1205,268,humidity,70.69,2025-12-25 06:00:00
1206,287,temperature,20.29,2026-04-03 10:00:00
1207,212,rainfall,0.0,2025-11-17 19:00:00
1208,322,soil_moisture,19.35,2026-01-17 23:00:00
1209,4,soil_moisture,28.61,2026-04-12 08:00:00
1210,136,rainfall,0.0,2025-11-10 05:00:00
1211,90,temperature,31.47,2025-08-20 00:00:00
1212,354,soil_moisture,28.19,2026-03-06 08:00:00
1213,208,temperature,28.74,2026-01-16 06:00:00
1214,126,soil_moisture,37.16,2025-08-17 09:00:00
1215,113,temperature,26.19,2025-07-28 15:00:00
1216,178,humidity,-99.0,2025-12-16 09:00:00
1217,165,soil_moisture,26.33,2025-06-30 02:00:00
1218,273,soil_moisture,41.45,2026-01-07 12:00:00
1219,17,rainfall,0.0,2025-07-19 19:00:00
1220,205,humidity,75.87,2025-12-25 07:00:00
1221,126,temperature,32.12,2025-08-18 07:00:00
1222,341,humidity,49.14,2025-11-24 10:00:00
1223,193,soil_moisture,34.94,2026-03-20 09:00:00
1224,115,humidity,72.15,2025-10-26 01:00:00
1225,318,soil_moisture,38.12,2026-04-06 08:00:00
1226,273,temperature,27.92,2026-01-07 21:00:00
1227,377,humidity,53.4,2025-07-12 05:00:00
1228,9,soil_moisture,38.25,2025-09-19 21:00:00
1229,103,soil_moisture,22.07,2026-01-08 17:00:00
1230,196,soil_moisture,37.44,2026-02-16 01:00:00
1231,220,humidity,48.33,2026-01-31 05:00:00
1232,323,rainfall,0.0,2025-07-25 12:00:00
1233,305,rainfall,0.0,2025-06-26 07:00:00
1234,55,humidity,71.81,2025-09-01 11:00:00
1235,160,rainfall,43.67,2026-04-16 07:00:00
1236,94,humidity,75.67,2025-09-28 11:00:00
1237,126,humidity,54.62,2025-08-18 05:00:00
1238,310,soil_moisture,29.85,2025-12-23 11:00:00
1239,292,humidity,66.68,2025-09-24 11:00:00
1240,105,humidity,32.67,2026-01-27 05:00:00
1241,70,rainfall,0.0,2025-12-11 08:00:00
1242,219,rainfall,61.8,2025-11-19 07:00:00
1243,168,humidity,68.7,2026-03-28 06:00:00
1244,103,temperature,20.9,2026-01-08 04:00:00
1245,99,soil_moisture,27.35,2025-10-09 11:00:00
1246,223,humidity,71.94,2025-12-14 09:00:00
1247,331,soil_moisture,41.55,2026-04-11 10:00:00
1248,353,soil_moisture,37.56,2026-03-18 15:00:00
1249,391,humidity,52.94,2025-06-26 07:00:00
1250,381,humidity,45.73,2025-10-25 19:00:00
1251,190,rainfall,0.0,2026-02-09 07:00:00
1252,44,soil_moisture,30.82,2025-10-06 17:00:00
1253,169,soil_moisture,42.93,2026-03-23 12:00:00
1254,36,temperature,26.44,2026-03-19 23:00:00
1255,268,humidity,68.59,2025-12-23 22:00:00
1256,283,temperature,30.14,2026-02-22 09:00:00
1257,143,soil_moisture,34.07,2025-08-11 07:00:00
1258,113,humidity,41.2,2025-07-27 08:00:00
1259,428,humidity,52.38,2026-01-30 21:00:00
1260,255,humidity,54.73,2025-11-02 04:00:00
1261,201,soil_moisture,24.18,2026-04-01 13:00:00
1262,223,humidity,59.02,2025-12-13 14:00:00
1263,43,rainfall,0.0,2025-09-12 07:00:00
1264,208,rainfall,31.95,2026-01-16 18:00:00
1265,123,temperature,23.39,2025-11-15 09:00:00
1266,148,rainfall,46.29,2025-12-03 06:00:00
1267,418,rainfall,0.0,2025-09-07 05:00:00
1268,133,soil_moisture,30.39,2025-07-02 15:00:00
1269,323,humidity,53.77,2025-07-25 18:00:00
1270,238,soil_moisture,27.08,2025-11-25 16:00:00
1271,55,rainfall,0.0,2025-09-01 03:00:00
1272,386,soil_moisture,40.75,2026-04-06 07:00:00
1273,321,temperature,24.96,2025-09-12 15:00:00
1274,94,temperature,30.15,2025-09-29 06:00:00
1275,211,humidity,53.41,2026-02-02 13:00:00
1276,449,soil_moisture,39.99,2025-09-15 04:00:00
1277,46,soil_moisture,32.32,2025-09-19 18:00:00
1278,50,soil_moisture,24.62,2026-03-10 00:00:00
1279,212,rainfall,37.3,2025-11-17 00:00:00
1280,134,soil_moisture,39.81,2026-01-06 18:00:00
1281,219,rainfall,0.0,2025-11-19 06:00:00
1282,157,rainfall,0.0,2026-01-19 18:00:00
1283,300,temperature,22.97,2025-10-26 01:00:00
1284,177,soil_moisture,26.06,2026-03-12 06:00:00
1285,418,soil_moisture,40.53,2025-09-06 13:00:00
1286,294,soil_moisture,29.59,2026-01-03 03:00:00
1287,32,soil_moisture,35.21,2025-07-27 08:00:00
1288,126,rainfall,0.0,2025-08-18 20:00:00
1289,330,humidity,65.12,2025-10-01 12:00:00
1290,296,rainfall,0.0,2025-08-20 14:00:00
1291,296,temperature,36.44,2025-08-21 01:00:00
1292,65,soil_moisture,48.39,2025-07-10 06:00:00
1293,201,humidity,69.0,2026-04-01 08:00:00
1294,293,rainfall,0.0,2026-02-08 20:00:00
1295,326,soil_moisture,24.3,2026-03-27 06:00:00
1296,351,rainfall,0.0,2026-02-12 21:00:00
1297,159,humidity,42.94,2025-09-19 22:00:00
1298,123,humidity,60.54,2025-11-18 06:00:00
1299,36,rainfall,0.0,2026-03-19 09:00:00
1300,295,humidity,56.65,2026-04-10 01:00:00
1301,159,soil_moisture,24.2,2025-09-20 14:00:00
1302,212,soil_moisture,39.98,2025-11-16 20:00:00
1303,114,soil_moisture,30.27,2026-04-19 03:00:00
1304,114,soil_moisture,28.04,2026-04-20 09:00:00
1305,311,temperature,23.59,2025-10-09 05:00:00
1306,7,rainfall,0.0,2025-12-16 21:00:00
1307,353,soil_moisture,35.66,2026-03-18 08:00:00
1308,61,soil_moisture,38.98,2026-02-05 16:00:00
1309,361,humidity,68.62,2025-10-20 09:00:00
1310,168,rainfall,0.0,2026-03-29 04:00:00
1311,343,soil_moisture,51.24,2026-01-12 03:00:00
1312,140,rainfall,0.0,2025-09-14 04:00:00
1313,381,temperature,34.11,2025-10-24 18:00:00
1314,310,temperature,26.55,2025-12-22 21:00:00
1315,268,soil_moisture,45.58,2025-12-25 02:00:00
1316,285,humidity,-273.0,2025-09-06 06:00:00
1317,70,rainfall,42.21,2025-12-09 20:00:00
1318,235,rainfall,0.0,2026-03-30 16:00:00
1319,47,humidity,55.63,2025-10-04 09:00:00
1320,272,temperature,30.79,2025-12-03 18:00:00
1321,161,rainfall,0.0,2026-01-08 11:00:00
1322,220,soil_moisture,20.73,2026-01-30 11:00:00
1323,73,rainfall,0.0,2025-10-08 08:00:00
1324,61,rainfall,0.0,2026-02-06 16:00:00
1325,305,rainfall,0.0,2025-06-26 20:00:00
1326,229,soil_moisture,39.62,2025-11-11 16:00:00
1327,377,soil_moisture,35.25,2025-07-12 09:00:00
1328,273,rainfall,0.0,2026-01-06 14:00:00
1329,370,rainfall,0.0,2025-07-08 10:00:00
1330,91,humidity,58.23,2026-02-22 16:00:00
1331,94,rainfall,0.0,2025-09-28 20:00:00
1332,46,temperature,34.91,2025-09-21 04:00:00
1333,318,soil_moisture,39.22,2026-04-06 17:00:00
1334,321,rainfall,44.95,2025-09-11 02:00:00
1335,94,rainfall,0.0,2025-09-28 23:00:00
1336,222,soil_moisture,43.99,2025-10-15 18:00:00
1337,226,humidity,43.31,2026-04-21 10:00:00
1338,219,rainfall,0.0,2025-11-20 02:00:00
1339,166,humidity,67.34,2025-11-29 02:00:00
1340,311,soil_moisture,40.49,2025-10-07 09:00:00
1341,60,rainfall,0.0,2026-03-05 15:00:00
1342,46,temperature,35.47,2025-09-21 03:00:00
1343,402,humidity,62.72,2026-03-28 15:00:00
1344,298,humidity,51.78,2025-09-12 22:00:00
1345,283,rainfall,47.75,2026-02-21 15:00:00
1346,364,humidity,70.15,2025-12-20 17:00:00
1347,142,temperature,31.32,2025-11-15 11:00:00
1348,135,temperature,28.14,2025-12-06 13:00:00
1349,288,temperature,27.43,2025-07-06 02:00:00
1350,16,soil_moisture,43.93,2025-08-19 05:00:00
1351,48,temperature,25.56,2025-12-31 00:00:00
1352,220,rainfall,0.0,2026-01-29 10:00:00
1353,113,rainfall,0.0,2025-07-28 09:00:00
1354,240,humidity,64.13,2026-04-22 15:00:00
1355,134,rainfall,0.0,2026-01-08 04:00:00
1356,318,soil_moisture,38.65,2026-04-05 23:00:00
1357,204,humidity,59.98,2025-08-25 01:00:00
1358,157,soil_moisture,32.41,2026-01-19 17:00:00
1359,377,soil_moisture,36.26,2025-07-11 11:00:00
1360,185,rainfall,0.0,2026-03-05 10:00:00
1361,238,rainfall,0.0,2025-11-24 20:00:00
1362,436,rainfall,28.35,2026-02-11 06:00:00
1363,305,rainfall,0.0,2025-06-28 02:00:00
1364,227,rainfall,45.37,2025-10-16 13:00:00
1365,403,rainfall,36.13,2025-11-07 11:00:00
1366,97,temperature,29.44,2026-02-13 12:00:00
1367,44,humidity,45.29,2025-10-07 06:00:00
1368,18,rainfall,0.0,2026-03-15 21:00:00
1369,97,humidity,60.78,2026-02-14 20:00:00
1370,99,soil_moisture,24.47,2025-10-10 21:00:00
1371,382,rainfall,30.14,2025-07-30 04:00:00
1372,143,temperature,34.01,2025-08-11 04:00:00
1373,322,humidity,58.22,2026-01-18 01:00:00
1374,77,soil_moisture,27.07,2026-03-26 12:00:00
1375,117,humidity,46.87,2025-08-23 11:00:00
1376,89,rainfall,44.92,2026-02-27 17:00:00
1377,7,soil_moisture,43.99,2025-12-15 20:00:00
1378,46,rainfall,0.0,2025-09-20 01:00:00
1379,294,humidity,40.66,2026-01-03 23:00:00
1380,303,humidity,57.39,2025-08-21 17:00:00
1381,391,rainfall,0.0,2025-06-27 08:00:00
1382,135,rainfall,0.0,2025-12-06 09:00:00
1383,157,rainfall,0.0,2026-01-21 01:00:00
1384,282,soil_moisture,44.35,2026-01-09 14:00:00
1385,449,temperature,35.73,2025-09-16 10:00:00
1386,229,humidity,53.51,2025-11-12 01:00:00
1387,186,humidity,61.69,2026-01-29 01:00:00
1388,282,rainfall,0.0,2026-01-09 23:00:00
1389,310,humidity,72.17,2025-12-23 12:00:00
1390,10,soil_moisture,40.71,2026-03-29 08:00:00
1391,343,humidity,57.34,2026-01-12 06:00:00
1392,370,humidity,56.52,2025-07-09 21:00:00
1393,17,humidity,40.25,2025-07-21 05:00:00
1394,368,soil_moisture,22.74,2026-03-05 13:00:00
1395,167,humidity,67.64,2025-12-23 04:00:00
1396,288,humidity,69.21,2025-07-07 17:00:00
1397,212,humidity,49.32,2025-11-17 23:00:00
1398,190,humidity,42.28,2026-02-11 10:00:00
1399,170,temperature,28.77,2025-07-03 13:00:00
1400,403,soil_moisture,49.19,2025-11-07 03:00:00
1401,186,soil_moisture,42.89,2026-01-29 03:00:00
1402,4,temperature,31.07,2026-04-11 11:00:00
1403,49,humidity,41.45,2025-09-30 13:00:00
1404,431,rainfall,30.62,2025-07-01 16:00:00
1405,45,humidity,50.83,2026-02-08 02:00:00
1406,163,humidity,39.48,2025-07-05 17:00:00
1407,446,humidity,50.85,2026-04-22 06:00:00
1408,125,humidity,62.09,2025-11-20 04:00:00
1409,140,rainfall,0.0,2025-09-12 07:00:00
1410,71,soil_moisture,40.03,2025-10-01 09:00:00
1411,53,temperature,23.26,2026-03-02 18:00:00
1412,326,soil_moisture,26.14,2026-03-26 02:00:00
1413,135,rainfall,0.0,2025-12-07 05:00:00
1414,105,rainfall,0.0,2026-01-28 13:00:00
1415,386,temperature,27.67,2026-04-05 20:00:00
1416,285,humidity,53.74,2025-09-05 18:00:00
1417,159,rainfall,0.0,2025-09-19 16:00:00
1418,115,soil_moisture,37.15,2025-10-26 12:00:00
1419,277,soil_moisture,34.48,2025-09-10 20:00:00
1420,133,humidity,70.92,2025-07-02 04:00:00
1421,78,humidity,55.84,2025-09-26 11:00:00
1422,160,temperature,27.05,2026-04-14 07:00:00
1423,283,humidity,53.51,2026-02-22 04:00:00
1424,177,temperature,20.25,2026-03-12 16:00:00
1425,364,rainfall,0.0,2025-12-20 10:00:00
1426,210,temperature,34.66,2025-11-05 06:00:00
1427,384,soil_moisture,29.35,2025-08-18 22:00:00
1428,163,soil_moisture,42.85,2025-07-03 23:00:00
1429,368,rainfall,51.29,2026-03-04 15:00:00
1430,18,temperature,25.51,2026-03-15 09:00:00
1431,128,soil_moisture,48.63,2025-07-11 08:00:00
1432,437,rainfall,0.0,2025-10-05 07:00:00
1433,115,rainfall,60.41,2025-10-25 14:00:00
1434,65,temperature,24.37,2025-07-08 02:00:00
1435,210,humidity,60.78,2025-11-05 10:00:00
1436,331,soil_moisture,36.86,2026-04-09 22:00:00
1437,384,rainfall,0.0,2025-08-17 22:00:00
1438,76,humidity,71.15,2026-04-15 17:00:00
1439,72,rainfall,0.0,2025-08-20 09:00:00
1440,191,soil_moisture,37.11,2026-04-06 22:00:00
1441,401,humidity,57.4,2025-12-09 17:00:00
1442,296,temperature,32.95,2025-08-20 23:00:00
1443,48,rainfall,51.6,2025-12-31 10:00:00
1444,421,soil_moisture,29.62,2025-07-13 03:00:00
1445,157,soil_moisture,29.25,2026-01-19 19:00:00
1446,6,humidity,67.91,2025-08-13 03:00:00
1447,425,rainfall,0.0,2025-09-09 18:00:00
1448,9,soil_moisture,36.48,2025-09-19 12:00:00
1449,303,temperature,29.34,2025-08-21 06:00:00
1450,418,humidity,40.65,2025-09-06 20:00:00
1451,356,soil_moisture,32.38,2025-12-12 03:00:00
1452,192,rainfall,43.59,2026-01-19 06:00:00
1453,282,humidity,63.45,2026-01-10 14:00:00
1454,151,rainfall,0.0,2026-03-17 09:00:00
1455,135,temperature,28.16,2025-12-06 12:00:00
1456,91,rainfall,24.18,2026-02-22 07:00:00
1457,287,humidity,64.12,2026-04-04 23:00:00
1458,311,temperature,25.34,2025-10-09 04:00:00
1459,65,soil_moisture,52.66,2025-07-09 09:00:00
1460,91,temperature,22.63,2026-02-22 22:00:00
1461,273,humidity,54.44,2026-01-08 01:00:00
1462,160,humidity,63.12,2026-04-15 16:00:00
1463,184,temperature,31.84,2026-01-07 12:00:00
1464,447,soil_moisture,28.99,2025-09-19 21:00:00
1465,73,soil_moisture,30.61,2025-10-07 06:00:00
1466,61,temperature,27.73,2026-02-06 10:00:00
1467,44,humidity,44.08,2025-10-07 15:00:00
1468,186,humidity,66.4,2026-01-28 14:00:00
1469,449,temperature,33.79,2025-09-16 03:00:00
1470,94,humidity,70.85,2025-09-28 07:00:00
1471,165,rainfall,0.0,2025-07-01 07:00:00
1472,125,temperature,23.69,2025-11-21 20:00:00
1473,47,temperature,28.52,2025-10-04 12:00:00
1474,169,temperature,27.06,2026-03-23 22:00:00
1475,140,temperature,27.84,2025-09-12 05:00:00
1476,184,humidity,30.2,2026-01-06 12:00:00
1477,322,humidity,59.39,2026-01-17 08:00:00
1478,372,soil_moisture,39.75,2025-10-29 21:00:00
1479,99,temperature,33.7,2025-10-09 01:00:00
1480,134,humidity,53.9,2026-01-06 21:00:00
1481,126,humidity,50.53,2025-08-17 06:00:00
1482,204,rainfall,0.0,2025-08-24 06:00:00
1483,103,humidity,44.75,2026-01-08 02:00:00
1484,193,rainfall,0.0,2026-03-19 13:00:00
1485,322,temperature,25.38,2026-01-18 02:00:00
1486,411,temperature,28.92,2025-08-23 22:00:00
1487,142,rainfall,0.0,2025-11-15 23:00:00
1488,117,soil_moisture,24.58,2025-08-21 17:00:00
1489,6,rainfall,32.5,2025-08-11 02:00:00
1490,146,soil_moisture,42.41,2025-08-16 00:00:00
1491,5,rainfall,0.0,2026-04-09 08:00:00
1492,235,soil_moisture,41.48,2026-03-30 11:00:00
1493,72,soil_moisture,44.86,2025-08-20 12:00:00
1494,76,soil_moisture,27.85,2026-04-16 10:00:00
1495,448,humidity,83.3,2025-12-14 11:00:00
1496,431,soil_moisture,39.81,2025-07-02 00:00:00
1497,263,humidity,50.04,2025-12-23 14:00:00
1498,16,rainfall,38.15,2025-08-20 03:00:00
1499,305,temperature,26.81,2025-06-27 04:00:00
1500,402,soil_moisture,20.07,2026-03-28 10:00:00
1501,296,rainfall,0.0,2025-08-22 01:00:00
1502,60,temperature,26.52,2026-03-07 02:00:00
1503,326,rainfall,0.0,2026-03-26 14:00:00
1504,53,rainfall,0.0,2026-03-02 11:00:00
1505,36,soil_moisture,30.11,2026-03-18 08:00:00
1506,192,soil_moisture,28.45,2026-01-20 20:00:00
1507,385,soil_moisture,24.85,2026-03-22 15:00:00
1508,292,temperature,29.75,2025-09-24 04:00:00
1509,235,rainfall,0.0,2026-03-31 23:00:00
1510,418,humidity,49.31,2025-09-07 05:00:00
1511,331,soil_moisture,40.83,2026-04-10 01:00:00
1512,13,soil_moisture,46.02,2025-11-01 06:00:00
1513,49,humidity,49.86,2025-09-29 21:00:00
1514,180,humidity,57.96,2025-12-26 01:00:00
1515,154,rainfall,34.91,2025-08-21 08:00:00
1516,255,soil_moisture,40.72,2025-11-04 19:00:00
1517,227,soil_moisture,43.98,2025-10-16 22:00:00
1518,78,rainfall,54.14,2025-09-25 13:00:00
1519,148,humidity,63.45,2025-12-02 13:00:00
1520,413,soil_moisture,40.76,2026-01-13 03:00:00
1521,411,humidity,64.94,2025-08-24 13:00:00
1522,260,temperature,34.54,2025-09-21 13:00:00
1523,201,temperature,31.52,2026-03-31 06:00:00
1524,157,humidity,34.31,2026-01-20 19:00:00
1525,292,rainfall,49.11,2025-09-24 12:00:00
1526,171,temperature,29.3,2026-01-16 18:00:00
1527,82,temperature,28.3,2026-02-20 04:00:00
1528,386,temperature,28.23,2026-04-04 18:00:00
1529,440,temperature,30.25,2025-07-09 18:00:00
1530,191,rainfall,0.0,2026-04-07 18:00:00
1531,343,rainfall,0.0,2026-01-13 22:00:00
1532,191,rainfall,0.0,2026-04-07 19:00:00
1533,437,humidity,57.29,2025-10-03 07:00:00
1534,223,rainfall,58.2,2025-12-14 08:00:00
1535,354,humidity,69.02,2026-03-07 19:00:00
1536,29,humidity,35.46,2026-01-20 07:00:00
1537,449,soil_moisture,34.27,2025-09-16 03:00:00
1538,431,rainfall,0.0,2025-07-02 07:00:00
1539,447,temperature,23.2,2025-09-19 15:00:00
1540,165,soil_moisture,28.66,2025-07-01 22:00:00
1541,323,humidity,59.12,2025-07-25 07:00:00
1542,135,soil_moisture,41.16,2025-12-07 03:00:00
1543,136,rainfall,0.0,2025-11-10 16:00:00
1544,446,rainfall,0.0,2026-04-21 11:00:00
1545,208,humidity,55.5,2026-01-15 23:00:00
1546,437,humidity,62.72,2025-10-03 11:00:00
1547,449,rainfall,51.24,2025-09-16 14:00:00
1548,211,soil_moisture,19.19,2026-02-03 20:00:00
1549,222,temperature,27.25,2025-10-16 11:00:00
1550,44,humidity,49.32,2025-10-06 03:00:00
1551,53,rainfall,0.0,2026-03-02 13:00:00
1552,326,rainfall,0.0,2026-03-27 02:00:00
1553,197,rainfall,0.0,2026-03-15 10:00:00
1554,205,soil_moisture,46.86,2025-12-26 12:00:00
1555,308,soil_moisture,39.26,2025-12-27 07:00:00
1556,413,rainfall,0.0,2026-01-13 09:00:00
1557,436,temperature,25.24,2026-02-11 12:00:00
1558,305,rainfall,0.0,2025-06-27 12:00:00
1559,323,soil_moisture,28.82,2025-07-25 18:00:00
1560,327,humidity,65.6,2025-07-29 07:00:00
1561,300,humidity,67.23,2025-10-27 12:00:00
1562,97,humidity,64.96,2026-02-13 04:00:00
1563,89,temperature,31.76,2026-02-27 14:00:00
1564,126,rainfall,0.0,2025-08-19 02:00:00
1565,424,temperature,26.7,2026-01-05 09:00:00
1566,324,temperature,25.91,2026-01-26 15:00:00
1567,402,rainfall,42.94,2026-03-28 07:00:00
1568,99,humidity,43.18,2025-10-09 15:00:00
1569,384,soil_moisture,30.58,2025-08-17 07:00:00
1570,309,humidity,36.64,2026-04-08 12:00:00
1571,7,soil_moisture,39.72,2025-12-16 22:00:00
1572,165,temperature,21.15,2025-07-02 02:00:00
1573,402,humidity,53.63,2026-03-30 02:00:00
1574,166,rainfall,0.0,2025-11-29 11:00:00
1575,386,humidity,74.52,2026-04-05 04:00:00
1576,212,humidity,55.63,2025-11-17 10:00:00
1577,396,soil_moisture,30.58,2025-07-06 00:00:00
1578,322,soil_moisture,16.03,2026-01-18 12:00:00
1579,288,soil_moisture,34.32,2025-07-07 02:00:00
1580,177,soil_moisture,25.77,2026-03-13 11:00:00
1581,296,temperature,32.06,2025-08-20 06:00:00
1582,311,rainfall,41.72,2025-10-07 10:00:00
1583,368,humidity,72.32,2026-03-06 04:00:00
1584,191,temperature,31.73,2026-04-07 19:00:00
1585,447,soil_moisture,27.08,2025-09-20 10:00:00
1586,9,temperature,31.09,2025-09-19 03:00:00
1587,76,soil_moisture,24.44,2026-04-16 13:00:00
1588,151,rainfall,33.05,2026-03-16 14:00:00
1589,204,temperature,35.05,2025-08-23 12:00:00
1590,292,soil_moisture,41.14,2025-09-24 02:00:00
1591,73,humidity,78.6,2025-10-08 10:00:00
1592,117,temperature,23.04,2025-08-22 01:00:00
1593,324,humidity,65.43,2026-01-26 13:00:00
1594,403,soil_moisture,43.71,2025-11-05 19:00:00
1595,283,humidity,62.81,2026-02-23 00:00:00
1596,324,soil_moisture,21.1,2026-01-27 07:00:00
1597,157,soil_moisture,27.25,2026-01-19 20:00:00
1598,159,temperature,30.74,2025-09-20 08:00:00
1599,298,humidity,52.62,2025-09-12 12:00:00
1600,367,soil_moisture,46.17,2025-11-22 23:00:00
1601,128,humidity,45.06,2025-07-11 10:00:00
1602,82,temperature,29.42,2026-02-21 17:00:00
1603,367,temperature,32.3,2025-11-22 12:00:00
1604,321,soil_moisture,34.71,2025-09-11 07:00:00
1605,72,humidity,50.44,2025-08-20 23:00:00
1606,142,soil_moisture,39.36,2025-11-15 14:00:00
1607,151,rainfall,0.0,2026-03-17 12:00:00
1608,294,humidity,40.49,2026-01-05 12:00:00
1609,402,soil_moisture,26.98,2026-03-28 08:00:00
1610,212,soil_moisture,40.06,2025-11-18 05:00:00
1611,78,rainfall,52.31,2025-09-25 12:00:00
1612,444,humidity,53.43,2025-12-12 11:00:00
1613,136,temperature,34.59,2025-11-11 08:00:00
1614,97,temperature,32.17,2026-02-14 14:00:00
1615,222,soil_moisture,42.4,2025-10-15 03:00:00
1616,326,humidity,55.05,2026-03-27 09:00:00
1617,140,temperature,29.72,2025-09-14 08:00:00
1618,210,soil_moisture,39.18,2025-11-04 10:00:00
1619,192,soil_moisture,35.04,2026-01-19 03:00:00
1620,222,temperature,27.29,2025-10-17 10:00:00
1621,30,soil_moisture,33.45,2025-08-19 23:00:00
1622,128,soil_moisture,39.35,2025-07-09 07:00:00
1623,18,soil_moisture,40.07,2026-03-17 12:00:00
1624,308,rainfall,36.25,2025-12-26 14:00:00
1625,371,rainfall,31.19,2026-03-31 22:00:00
1626,50,humidity,46.95,2026-03-10 04:00:00
1627,370,humidity,53.7,2025-07-09 01:00:00
1628,402,humidity,59.96,2026-03-29 14:00:00
1629,424,rainfall,51.7,2026-01-05 11:00:00
1630,47,temperature,32.66,2025-10-04 13:00:00
1631,48,humidity,46.65,2025-12-30 06:00:00
1632,449,rainfall,44.72,2025-09-15 10:00:00
1633,285,rainfall,0.0,2025-09-05 01:00:00
1634,273,rainfall,0.0,2026-01-06 07:00:00
1635,226,temperature,30.65,2026-04-22 03:00:00
1636,43,temperature,19.31,2025-09-12 18:00:00
1637,191,soil_moisture,35.98,2026-04-08 05:00:00
1638,115,temperature,27.58,2025-10-26 05:00:00
1639,308,temperature,24.84,2025-12-27 18:00:00
1640,346,humidity,68.24,2025-09-25 14:00:00
1641,331,temperature,22.97,2026-04-11 08:00:00
1642,18,soil_moisture,40.72,2026-03-16 13:00:00
1643,97,humidity,64.22,2026-02-15 01:00:00
1644,293,rainfall,0.0,2026-02-08 22:00:00
1645,285,temperature,31.16,2025-09-05 03:00:00
1646,353,humidity,44.42,2026-03-18 03:00:00
1647,376,rainfall,0.0,2025-09-15 02:00:00
1648,223,temperature,21.78,2025-12-13 21:00:00
1649,114,temperature,24.73,2026-04-19 05:00:00
1650,4,humidity,51.54,2026-04-13 11:00:00
1651,263,soil_moisture,27.35,2025-12-22 15:00:00
1652,310,soil_moisture,36.6,2025-12-23 13:00:00
1653,160,soil_moisture,37.97,2026-04-15 05:00:00
1654,340,humidity,49.07,2025-12-26 01:00:00
1655,385,rainfall,0.0,2026-03-22 14:00:00
1656,47,temperature,32.08,2025-10-05 16:00:00
1657,157,humidity,35.39,2026-01-19 14:00:00
1658,190,humidity,36.03,2026-02-09 02:00:00
1659,386,temperature,28.73,2026-04-04 05:00:00
1660,437,soil_moisture,43.3,2025-10-04 11:00:00
1661,446,temperature,25.88,2026-04-21 12:00:00
1662,117,humidity,38.12,2025-08-23 12:00:00
1663,335,humidity,71.23,2025-09-03 22:00:00
1664,71,rainfall,0.0,2025-10-03 14:00:00
1665,282,temperature,31.71,2026-01-10 03:00:00
1666,293,temperature,21.55,2026-02-09 06:00:00
1667,356,soil_moisture,40.26,2025-12-13 08:00:00
1668,129,soil_moisture,34.48,2026-04-19 15:00:00
1669,170,soil_moisture,38.09,2025-07-04 12:00:00
1670,171,temperature,26.06,2026-01-15 02:00:00
1671,115,humidity,67.17,2025-10-26 04:00:00
1672,43,soil_moisture,34.34,2025-09-13 08:00:00
1673,227,rainfall,0.0,2025-10-17 20:00:00
1674,9,rainfall,0.0,2025-09-19 09:00:00
1675,376,soil_moisture,42.52,2025-09-13 21:00:00
1676,9,humidity,56.14,2025-09-21 07:00:00
1677,370,soil_moisture,28.82,2025-07-09 21:00:00
1678,53,humidity,40.51,2026-03-02 22:00:00
1679,135,soil_moisture,39.38,2025-12-06 14:00:00
1680,403,temperature,32.47,2025-11-07 10:00:00
1681,123,temperature,27.32,2025-11-15 10:00:00
1682,272,rainfall,0.0,2025-12-04 09:00:00
1683,418,temperature,30.11,2025-09-07 00:00:00
1684,419,rainfall,0.0,2025-09-24 13:00:00
1685,1,temperature,-99.0,2026-03-01 17:00:00
1686,309,temperature,23.76,2026-04-09 01:00:00
1687,322,rainfall,25.79,2026-01-16 16:00:00
1688,240,humidity,65.43,2026-04-21 12:00:00
1689,285,soil_moisture,31.68,2025-09-06 11:00:00
1690,431,humidity,66.61,2025-07-02 00:00:00
1691,437,temperature,30.76,2025-10-04 04:00:00
1692,413,rainfall,29.29,2026-01-12 23:00:00
1693,381,temperature,38.21,2025-10-24 02:00:00
1694,385,rainfall,0.0,2026-03-23 00:00:00
1695,285,humidity,43.79,2025-09-05 09:00:00
1696,201,rainfall,0.0,2026-03-31 11:00:00
1697,391,rainfall,0.0,2025-06-28 09:00:00
1698,303,soil_moisture,30.47,2025-08-22 03:00:00
1699,6,soil_moisture,42.76,2025-08-13 01:00:00
1700,9,rainfall,0.0,2025-09-20 11:00:00
1701,32,soil_moisture,38.85,2025-07-26 07:00:00
1702,13,temperature,22.37,2025-11-02 18:00:00
1703,43,rainfall,0.0,2025-09-12 03:00:00
1704,371,soil_moisture,26.58,2026-03-31 13:00:00
1705,77,humidity,50.61,2026-03-27 07:00:00
1706,171,soil_moisture,30.74,2026-01-15 21:00:00
1707,74,temperature,29.01,2025-10-22 18:00:00
1708,65,temperature,23.55,2025-07-09 07:00:00
1709,419,rainfall,0.0,2025-09-25 04:00:00
1710,424,temperature,26.85,2026-01-05 03:00:00
1711,192,humidity,50.68,2026-01-20 09:00:00
1712,65,temperature,22.69,2025-07-10 05:00:00
1713,140,temperature,24.82,2025-09-13 14:00:00
1714,178,rainfall,0.0,2025-12-16 14:00:00
1715,115,temperature,32.21,2025-10-25 08:00:00
1716,177,humidity,51.29,2026-03-12 12:00:00
1717,170,soil_moisture,42.48,2025-07-04 05:00:00
1718,24,temperature,24.52,2026-03-06 11:00:00
1719,167,humidity,82.85,2025-12-24 04:00:00
1720,161,humidity,43.77,2026-01-07 13:00:00
1721,238,soil_moisture,33.61,2025-11-24 17:00:00
1722,210,rainfall,0.0,2025-11-04 04:00:00
1723,5,rainfall,0.0,2026-04-07 12:00:00
1724,94,rainfall,57.07,2025-09-29 16:00:00
1725,186,rainfall,0.0,2026-01-28 22:00:00
1726,448,temperature,27.12,2025-12-14 00:00:00
1727,90,temperature,34.22,2025-08-20 17:00:00
1728,376,humidity,59.08,2025-09-14 07:00:00
1729,346,soil_moisture,29.7,2025-09-24 09:00:00
1730,273,temperature,26.89,2026-01-07 04:00:00
1731,351,soil_moisture,21.68,2026-02-14 21:00:00
1732,220,humidity,42.57,2026-01-30 12:00:00
1733,61,temperature,26.39,2026-02-05 04:00:00
1734,418,rainfall,0.0,2025-09-06 08:00:00
1735,73,soil_moisture,32.62,2025-10-08 07:00:00
1736,235,soil_moisture,34.31,2026-04-01 05:00:00
1737,257,rainfall,36.33,2025-07-03 22:00:00
1738,134,soil_moisture,36.64,2026-01-06 16:00:00
1739,294,humidity,51.32,2026-01-03 08:00:00
1740,220,rainfall,0.0,2026-01-29 14:00:00
1741,428,temperature,23.87,2026-02-01 03:00:00
1742,287,soil_moisture,43.18,2026-04-03 11:00:00
1743,427,humidity,47.5,2025-07-11 09:00:00
1744,123,rainfall,0.0,2025-11-16 17:00:00
1745,163,temperature,24.28,2025-07-04 20:00:00
1746,431,humidity,67.8,2025-07-02 10:00:00
1747,24,soil_moisture,37.23,2026-03-05 18:00:00
1748,238,soil_moisture,30.43,2025-11-26 07:00:00
1749,401,rainfall,0.0,2025-12-10 19:00:00
1750,193,soil_moisture,42.0,2026-03-18 13:00:00
1751,283,humidity,52.39,2026-02-21 06:00:00
1752,134,temperature,32.69,2026-01-07 08:00:00
1753,146,temperature,23.53,2025-08-15 12:00:00
1754,219,rainfall,59.36,2025-11-19 20:00:00
1755,17,temperature,35.28,2025-07-19 19:00:00
1756,428,temperature,25.29,2026-01-31 17:00:00
1757,66,humidity,47.07,2026-01-06 16:00:00
1758,403,humidity,55.77,2025-11-06 11:00:00
1759,196,humidity,62.39,2026-02-15 12:00:00
1760,61,humidity,54.17,2026-02-06 04:00:00
1761,222,humidity,66.77,2025-10-15 21:00:00
1762,192,soil_moisture,33.12,2026-01-19 16:00:00
1763,169,rainfall,0.0,2026-03-22 03:00:00
1764,389,humidity,40.59,2026-03-17 09:00:00
1765,308,humidity,49.26,2025-12-26 18:00:00
1766,411,soil_moisture,37.19,2025-08-24 21:00:00
1767,436,temperature,30.79,2026-02-12 04:00:00
1768,94,humidity,65.65,2025-09-28 19:00:00
1769,36,temperature,27.8,2026-03-20 14:00:00
1770,403,temperature,29.51,2025-11-05 11:00:00
1771,10,humidity,46.63,2026-03-30 10:00:00
1772,418,humidity,42.5,2025-09-06 09:00:00
1773,60,temperature,27.02,2026-03-06 16:00:00
1774,44,soil_moisture,35.95,2025-10-06 22:00:00
1775,184,humidity,44.0,2026-01-05 12:00:00
1776,66,soil_moisture,25.88,2026-01-07 00:00:00
1777,356,temperature,30.59,2025-12-13 19:00:00
1778,260,temperature,32.57,2025-09-22 16:00:00
1779,89,rainfall,0.0,2026-02-27 09:00:00
1780,135,soil_moisture,36.54,2025-12-05 11:00:00
1781,5,rainfall,0.0,2026-04-08 23:00:00
1782,300,humidity,70.54,2025-10-26 14:00:00
1783,78,temperature,37.47,2025-09-25 04:00:00
1784,28,soil_moisture,34.14,2025-07-10 12:00:00
1785,341,rainfall,0.0,2025-11-25 02:00:00
1786,424,temperature,26.13,2026-01-06 22:00:00
1787,55,humidity,69.59,2025-09-02 05:00:00
1788,309,temperature,21.17,2026-04-08 07:00:00
1789,142,rainfall,0.0,2025-11-16 17:00:00
1790,1,soil_moisture,36.96,2026-02-28 07:00:00
1791,303,rainfall,56.15,2025-08-21 10:00:00
1792,44,rainfall,45.3,2025-10-07 02:00:00
1793,389,soil_moisture,32.84,2026-03-17 16:00:00
1794,73,temperature,34.14,2025-10-08 12:00:00
1795,128,soil_moisture,46.89,2025-07-10 06:00:00
1796,197,soil_moisture,44.85,2026-03-16 21:00:00
1797,233,rainfall,0.0,2025-12-15 21:00:00
1798,114,humidity,48.91,2026-04-19 17:00:00
1799,424,temperature,26.11,2026-01-06 15:00:00
1800,226,rainfall,57.05,2026-04-23 12:00:00
1801,322,rainfall,0.0,2026-01-16 21:00:00
1802,72,rainfall,27.74,2025-08-20 11:00:00
1803,147,humidity,69.09,2026-03-09 14:00:00
1804,282,humidity,61.59,2026-01-11 02:00:00
1805,402,rainfall,0.0,2026-03-28 06:00:00
1806,115,temperature,31.14,2025-10-25 15:00:00
1807,318,temperature,33.74,2026-04-04 19:00:00
1808,290,temperature,30.6,2026-02-26 12:00:00
1809,305,rainfall,0.0,2025-06-26 18:00:00
1810,160,soil_moisture,39.75,2026-04-14 12:00:00
1811,9,temperature,33.22,2025-09-19 07:00:00
1812,204,temperature,29.72,2025-08-24 23:00:00
1813,362,humidity,59.53,2026-04-17 12:00:00
1814,343,humidity,59.41,2026-01-12 01:00:00
1815,142,humidity,68.62,2025-11-17 00:00:00
1816,296,rainfall,0.0,2025-08-20 13:00:00
1817,157,humidity,34.57,2026-01-19 19:00:00
1818,305,temperature,22.9,2025-06-26 05:00:00
1819,205,rainfall,48.76,2025-12-25 23:00:00
1820,446,rainfall,0.0,2026-04-20 11:00:00
1821,288,humidity,63.39,2025-07-07 01:00:00
1822,77,humidity,49.57,2026-03-27 09:00:00
1823,222,humidity,65.57,2025-10-16 19:00:00
1824,74,temperature,21.74,2025-10-23 03:00:00
1825,303,rainfall,0.0,2025-08-21 02:00:00
1826,143,rainfall,62.45,2025-08-12 02:00:00
1827,97,rainfall,0.0,2026-02-14 14:00:00
1828,197,temperature,27.75,2026-03-16 01:00:00
1829,13,humidity,70.86,2025-11-02 03:00:00
1830,308,humidity,49.15,2025-12-27 21:00:00
1831,219,rainfall,0.0,2025-11-20 07:00:00
1832,296,temperature,31.57,2025-08-20 11:00:00
1833,169,temperature,30.07,2026-03-22 05:00:00
1834,421,temperature,25.56,2025-07-12 01:00:00
1835,229,temperature,27.27,2025-11-13 01:00:00
1836,396,rainfall,0.0,2025-07-06 10:00:00
1837,310,humidity,69.91,2025-12-23 02:00:00
1838,402,humidity,56.14,2026-03-29 15:00:00
1839,167,humidity,68.21,2025-12-23 18:00:00
1840,165,temperature,20.06,2025-07-02 09:00:00
1841,168,humidity,67.72,2026-03-27 18:00:00
1842,211,soil_moisture,20.63,2026-02-02 14:00:00
1843,273,temperature,26.8,2026-01-06 01:00:00
1844,263,temperature,26.67,2025-12-21 14:00:00
1845,298,rainfall,0.0,2025-09-11 20:00:00
1846,18,rainfall,0.0,2026-03-15 02:00:00
1847,346,temperature,32.58,2025-09-24 09:00:00
1848,273,soil_moisture,34.11,2026-01-07 06:00:00
1849,396,rainfall,0.0,2025-07-06 00:00:00
1850,268,soil_moisture,38.79,2025-12-24 09:00:00
1851,371,humidity,61.21,2026-03-30 01:00:00
1852,219,soil_moisture,44.31,2025-11-20 21:00:00
1853,133,humidity,61.02,2025-07-03 07:00:00
1854,122,rainfall,34.18,2025-12-23 08:00:00
1855,353,humidity,31.28,2026-03-18 02:00:00
1856,113,soil_moisture,27.71,2025-07-27 06:00:00
1857,440,humidity,48.85,2025-07-09 10:00:00
1858,372,temperature,32.57,2025-10-29 01:00:00
1859,223,humidity,65.11,2025-12-15 11:00:00
1860,401,humidity,56.38,2025-12-10 19:00:00
1861,166,temperature,30.46,2025-11-30 02:00:00
1862,235,humidity,60.02,2026-03-30 06:00:00
1863,91,temperature,21.71,2026-02-23 04:00:00
1864,427,humidity,53.0,2025-07-10 12:00:00
1865,309,humidity,47.67,2026-04-09 00:00:00
1866,306,temperature,33.27,2025-12-30 04:00:00
1867,117,humidity,44.43,2025-08-23 03:00:00
1868,282,rainfall,0.0,2026-01-10 16:00:00
1869,171,temperature,29.89,2026-01-15 04:00:00
1870,311,humidity,47.23,2025-10-08 03:00:00
1871,295,soil_moisture,33.66,2026-04-10 22:00:00
1872,309,soil_moisture,25.25,2026-04-08 20:00:00
1873,205,humidity,74.24,2025-12-24 13:00:00
1874,129,soil_moisture,30.41,2026-04-19 14:00:00
1875,151,soil_moisture,28.74,2026-03-16 23:00:00
1876,367,rainfall,0.0,2025-11-21 02:00:00
1877,204,soil_moisture,40.29,2025-08-23 13:00:00
1878,223,humidity,69.17,2025-12-15 09:00:00
1879,205,temperature,28.61,2025-12-24 05:00:00
1880,178,soil_moisture,27.83,2025-12-15 05:00:00
1881,197,soil_moisture,39.68,2026-03-16 01:00:00
1882,94,humidity,74.84,2025-09-28 15:00:00
1883,298,humidity,57.87,2025-09-12 21:00:00
1884,444,temperature,30.69,2025-12-11 18:00:00
1885,447,humidity,51.19,2025-09-18 09:00:00
1886,142,rainfall,41.38,2025-11-15 05:00:00
1887,401,soil_moisture,29.5,2025-12-09 15:00:00
1888,341,rainfall,0.0,2025-11-25 00:00:00
1889,309,temperature,22.75,2026-04-09 04:00:00
1890,115,soil_moisture,31.55,2025-10-25 09:00:00
1891,391,humidity,48.44,2025-06-27 01:00:00
1892,117,rainfall,40.23,2025-08-22 10:00:00
1893,136,soil_moisture,27.25,2025-11-11 00:00:00
1894,298,temperature,29.64,2025-09-13 17:00:00
1895,49,rainfall,0.0,2025-09-29 21:00:00
1896,129,rainfall,23.79,2026-04-20 18:00:00
1897,90,rainfall,0.0,2025-08-20 22:00:00
1898,427,soil_moisture,29.08,2025-07-09 01:00:00
1899,391,temperature,27.15,2025-06-26 08:00:00
1900,53,soil_moisture,20.63,2026-03-03 02:00:00
1901,148,humidity,64.38,2025-12-03 18:00:00
1902,50,temperature,22.15,2026-03-11 10:00:00
1903,60,temperature,28.52,2026-03-07 00:00:00
1904,391,humidity,55.77,2025-06-26 12:00:00
1905,89,temperature,34.04,2026-02-27 05:00:00
1906,136,temperature,33.26,2025-11-10 15:00:00
1907,346,humidity,70.55,2025-09-24 16:00:00
1908,5,humidity,37.28,2026-04-07 20:00:00
1909,428,rainfall,0.0,2026-01-31 01:00:00
1910,78,temperature,30.03,2025-09-26 23:00:00
1911,212,soil_moisture,38.44,2025-11-17 09:00:00
1912,263,soil_moisture,26.66,2025-12-22 00:00:00
1913,78,humidity,39.44,2025-09-27 00:00:00
1914,134,humidity,47.72,2026-01-06 01:00:00
1915,419,humidity,58.71,2025-09-25 22:00:00
1916,212,temperature,27.06,2025-11-18 01:00:00
1917,396,temperature,29.28,2025-07-06 00:00:00
1918,376,temperature,30.97,2025-09-13 08:00:00
1919,184,humidity,43.19,2026-01-05 19:00:00
1920,185,soil_moisture,44.92,2026-03-05 12:00:00
1921,371,soil_moisture,24.47,2026-03-30 05:00:00
1922,376,rainfall,0.0,2025-09-14 11:00:00
1923,73,rainfall,0.0,2025-10-08 09:00:00
1924,117,rainfall,38.42,2025-08-21 01:00:00
1925,136,temperature,33.38,2025-11-11 09:00:00
1926,370,soil_moisture,30.87,2025-07-09 01:00:00
1927,298,temperature,29.71,2025-09-11 14:00:00
1928,272,temperature,26.96,2025-12-02 20:00:00
1929,74,humidity,42.0,2025-10-22 20:00:00
1930,340,temperature,31.86,2025-12-26 15:00:00
1931,147,humidity,67.48,2026-03-09 05:00:00
1932,151,rainfall,18.12,2026-03-17 21:00:00
1933,440,rainfall,37.17,2025-07-10 14:00:00
1934,99,temperature,34.96,2025-10-10 00:00:00
1935,343,humidity,60.41,2026-01-12 23:00:00
1936,10,humidity,42.55,2026-03-30 18:00:00
1937,134,rainfall,0.0,2026-01-06 11:00:00
1938,46,rainfall,55.88,2025-09-19 18:00:00
1939,318,humidity,33.96,2026-04-06 12:00:00
1940,196,soil_moisture,37.82,2026-02-17 02:00:00
1941,288,humidity,64.75,2025-07-06 23:00:00
1942,222,rainfall,0.0,2025-10-16 03:00:00
1943,197,rainfall,21.64,2026-03-16 03:00:00
1944,296,humidity,53.15,2025-08-21 12:00:00
1945,122,humidity,65.68,2025-12-22 04:00:00
1946,446,humidity,50.22,2026-04-22 07:00:00
1947,401,rainfall,59.48,2025-12-09 19:00:00
1948,129,humidity,43.06,2026-04-19 22:00:00
1949,137,rainfall,0.0,2026-03-13 04:00:00
1950,190,humidity,37.25,2026-02-10 22:00:00
1951,411,temperature,28.94,2025-08-23 06:00:00
1952,235,soil_moisture,31.59,2026-03-31 07:00:00
1953,205,soil_moisture,47.44,2025-12-24 09:00:00
1954,431,temperature,28.78,2025-07-01 21:00:00
1955,1,soil_moisture,35.45,2026-03-02 04:00:00
1956,7,temperature,30.69,2025-12-16 01:00:00
1957,300,soil_moisture,34.56,2025-10-25 03:00:00
1958,282,rainfall,0.0,2026-01-09 08:00:00
1959,290,humidity,44.06,2026-02-25 12:00:00
1960,427,humidity,52.79,2025-07-11 00:00:00
1961,142,soil_moisture,40.25,2025-11-15 03:00:00
1962,159,soil_moisture,27.89,2025-09-20 12:00:00
1963,78,soil_moisture,38.66,2025-09-25 20:00:00
1964,77,humidity,48.33,2026-03-27 17:00:00
1965,340,humidity,50.46,2025-12-26 05:00:00
1966,123,soil_moisture,30.5,2025-11-15 04:00:00
1967,137,temperature,25.28,2026-03-13 10:00:00
1968,18,rainfall,0.0,2026-03-16 07:00:00
1969,343,rainfall,57.42,2026-01-12 17:00:00
1970,142,temperature,31.07,2025-11-16 06:00:00
1971,403,humidity,53.81,2025-11-05 17:00:00
1972,60,humidity,45.03,2026-03-07 21:00:00
1973,341,rainfall,0.0,2025-11-26 09:00:00
1974,165,temperature,21.8,2025-07-01 17:00:00
1975,411,soil_moisture,38.84,2025-08-24 19:00:00
1976,129,rainfall,0.0,2026-04-19 06:00:00
1977,166,humidity,58.74,2025-11-29 01:00:00
1978,125,rainfall,0.0,2025-11-21 04:00:00
1979,97,humidity,59.92,2026-02-14 22:00:00
1980,384,soil_moisture,30.96,2025-08-17 00:00:00
1981,361,soil_moisture,27.8,2025-10-18 08:00:00
1982,70,temperature,28.75,2025-12-10 03:00:00
1983,148,rainfall,0.0,2025-12-04 02:00:00
1984,48,rainfall,0.0,2025-12-31 00:00:00
1985,177,humidity,50.98,2026-03-13 14:00:00
1986,30,humidity,55.99,2025-08-21 04:00:00
1987,184,humidity,40.15,2026-01-05 06:00:00
1988,321,rainfall,0.0,2025-09-10 17:00:00
1989,122,soil_moisture,48.4,2025-12-22 23:00:00
1990,148,temperature,35.34,2025-12-03 02:00:00
1991,135,temperature,26.11,2025-12-06 06:00:00
1992,255,rainfall,0.0,2025-11-03 03:00:00
1993,212,rainfall,0.0,2025-11-17 11:00:00
1994,90,humidity,59.98,2025-08-20 03:00:00
1995,142,soil_moisture,36.24,2025-11-16 12:00:00
1996,185,humidity,56.39,2026-03-05 00:00:00
1997,4,humidity,62.6,2026-04-11 07:00:00
1998,227,rainfall,0.0,2025-10-18 06:00:00
1999,178,rainfall,0.0,2025-12-17 02:00:00
2000,306,temperature,33.22,2025-12-30 15:00:00
2001,151,humidity,59.76,2026-03-16 09:00:00
2002,205,soil_moisture,44.68,2025-12-24 18:00:00
2003,223,temperature,26.42,2025-12-14 01:00:00
2004,386,rainfall,0.0,2026-04-05 15:00:00
2005,170,temperature,28.68,2025-07-03 12:00:00
2006,128,rainfall,0.0,2025-07-11 08:00:00
2007,208,soil_moisture,24.47,2026-01-15 05:00:00
2008,178,temperature,34.73,2025-12-15 05:00:00
2009,89,soil_moisture,37.56,2026-02-27 09:00:00
2010,89,humidity,68.9,2026-02-26 16:00:00
2011,268,soil_moisture,36.16,2025-12-23 03:00:00
2012,114,temperature,19.67,2026-04-19 04:00:00
2013,47,soil_moisture,35.84,2025-10-05 19:00:00
2014,154,temperature,31.13,2025-08-22 20:00:00
2015,226,soil_moisture,31.42,2026-04-21 16:00:00
2016,28,temperature,20.34,2025-07-09 03:00:00
2017,257,temperature,31.95,2025-07-03 01:00:00
2018,46,rainfall,45.33,2025-09-21 08:00:00
2019,128,rainfall,0.0,2025-07-09 06:00:00
2020,210,soil_moisture,41.19,2025-11-05 11:00:00
2021,77,temperature,22.57,2026-03-26 18:00:00
2022,290,temperature,29.72,2026-02-27 04:00:00
2023,222,rainfall,35.82,2025-10-15 10:00:00
2024,123,rainfall,46.4,2025-11-15 03:00:00
2025,125,soil_moisture,35.27,2025-11-22 11:00:00
2026,201,humidity,57.03,2026-03-31 04:00:00
2027,73,rainfall,53.53,2025-10-08 05:00:00
2028,277,rainfall,53.3,2025-09-11 19:00:00
2029,154,soil_moisture,26.29,2025-08-21 01:00:00
2030,342,soil_moisture,31.41,2026-03-30 04:00:00
2031,18,humidity,51.67,2026-03-15 16:00:00
2032,186,soil_moisture,42.7,2026-01-27 22:00:00
2033,263,rainfall,0.0,2025-12-22 18:00:00
2034,222,humidity,65.76,2025-10-16 10:00:00
2035,324,temperature,27.69,2026-01-25 01:00:00
2036,192,temperature,32.5,2026-01-20 13:00:00
2037,48,humidity,37.2,2026-01-01 23:00:00
2038,16,temperature,22.8,2025-08-19 07:00:00
2039,196,humidity,63.82,2026-02-15 14:00:00
2040,377,soil_moisture,30.85,2025-07-12 11:00:00
2041,384,rainfall,0.0,2025-08-16 18:00:00
2042,255,soil_moisture,42.72,2025-11-03 03:00:00
2043,46,humidity,70.37,2025-09-19 16:00:00
2044,177,humidity,63.06,2026-03-12 19:00:00
2045,18,rainfall,0.0,2026-03-15 01:00:00
2046,191,temperature,32.56,2026-04-07 13:00:00
2047,282,rainfall,0.0,2026-01-10 19:00:00
2048,211,rainfall,0.0,2026-02-02 17:00:00
2049,419,rainfall,24.71,2025-09-24 09:00:00
2050,161,humidity,40.04,2026-01-07 19:00:00
2051,157,humidity,37.64,2026-01-19 13:00:00
2052,268,humidity,66.17,2025-12-23 16:00:00
2053,160,rainfall,0.0,2026-04-16 01:00:00
2054,32,humidity,67.0,2025-07-26 03:00:00
2055,421,temperature,26.9,2025-07-11 21:00:00
2056,268,humidity,67.92,2025-12-25 00:00:00
2057,306,humidity,69.85,2025-12-31 01:00:00
2058,177,rainfall,0.0,2026-03-12 13:00:00
2059,129,soil_moisture,23.54,2026-04-20 04:00:00
2060,193,humidity,46.39,2026-03-18 03:00:00
2061,418,temperature,35.64,2025-09-06 18:00:00
2062,413,humidity,46.58,2026-01-12 18:00:00
2063,442,humidity,50.32,2025-10-15 01:00:00
2064,78,temperature,32.97,2025-09-25 22:00:00
2065,323,soil_moisture,41.17,2025-07-25 01:00:00
2066,163,humidity,51.87,2025-07-03 21:00:00
2067,273,soil_moisture,41.95,2026-01-06 11:00:00
2068,305,temperature,21.24,2025-06-27 13:00:00
2069,238,temperature,26.51,2025-11-25 18:00:00
2070,171,soil_moisture,33.73,2026-01-17 09:00:00
2071,283,soil_moisture,44.44,2026-02-23 21:00:00
2072,377,soil_moisture,34.21,2025-07-11 08:00:00
2073,447,rainfall,0.0,2025-09-19 00:00:00
2074,113,temperature,29.19,2025-07-28 20:00:00
2075,190,soil_moisture,39.09,2026-02-11 08:00:00
2076,122,temperature,24.19,2025-12-21 23:00:00
2077,310,humidity,65.82,2025-12-23 01:00:00
2078,122,humidity,81.26,2025-12-23 03:00:00
2079,324,rainfall,0.0,2026-01-26 19:00:00
2080,1,temperature,24.26,2026-02-28 07:00:00
2081,201,temperature,31.88,2026-03-31 03:00:00
2082,290,temperature,29.19,2026-02-27 01:00:00
2083,171,soil_moisture,36.58,2026-01-17 11:00:00
2084,193,rainfall,27.64,2026-03-19 01:00:00
2085,53,rainfall,0.0,2026-03-02 20:00:00
2086,28,rainfall,41.0,2025-07-10 01:00:00
2087,4,rainfall,0.0,2026-04-13 06:00:00
2088,16,humidity,68.13,2025-08-18 06:00:00
2089,212,rainfall,35.31,2025-11-18 03:00:00
2090,440,temperature,26.28,2025-07-10 14:00:00
2091,115,humidity,65.79,2025-10-25 22:00:00
2092,277,soil_moisture,34.97,2025-09-10 21:00:00
2093,282,humidity,60.18,2026-01-09 16:00:00
2094,288,soil_moisture,29.75,2025-07-06 10:00:00
2095,151,soil_moisture,24.0,2026-03-17 13:00:00
2096,89,rainfall,0.0,2026-02-27 15:00:00
2097,321,humidity,56.66,2025-09-10 17:00:00
2098,169,temperature,24.99,2026-03-22 11:00:00
2099,82,humidity,43.82,2026-02-20 21:00:00
2100,309,soil_moisture,29.59,2026-04-07 04:00:00
2101,396,humidity,55.13,2025-07-04 15:00:00
2102,133,humidity,65.44,2025-07-02 13:00:00
2103,413,soil_moisture,38.3,2026-01-14 05:00:00
2104,61,soil_moisture,41.7,2026-02-05 03:00:00
2105,71,humidity,49.47,2025-10-02 11:00:00
2106,308,soil_moisture,32.13,2025-12-26 12:00:00
2107,381,humidity,45.94,2025-10-24 20:00:00
2108,368,humidity,66.2,2026-03-04 04:00:00
2109,356,humidity,77.6,2025-12-12 23:00:00
2110,285,rainfall,0.0,2025-09-05 02:00:00
2111,437,soil_moisture,48.7,2025-10-04 03:00:00
2112,371,soil_moisture,25.21,2026-04-01 07:00:00
2113,9,rainfall,37.98,2025-09-19 02:00:00
2114,372,humidity,60.37,2025-10-29 17:00:00
2115,10,temperature,24.88,2026-03-28 19:00:00
2116,186,temperature,25.03,2026-01-29 01:00:00
2117,449,humidity,71.46,2025-09-16 20:00:00
2118,28,soil_moisture,34.65,2025-07-11 10:00:00
2119,321,temperature,23.17,2025-09-10 13:00:00
2120,122,humidity,81.61,2025-12-22 23:00:00
2121,300,rainfall,0.0,2025-10-25 17:00:00
2122,78,rainfall,58.0,2025-09-25 11:00:00
2123,154,rainfall,0.0,2025-08-20 23:00:00
2124,353,humidity,44.55,2026-03-19 05:00:00
2125,425,temperature,36.65,2025-09-08 01:00:00
2126,311,soil_moisture,37.1,2025-10-08 20:00:00
2127,442,humidity,48.59,2025-10-15 12:00:00
2128,331,humidity,42.06,2026-04-09 16:00:00
2129,323,soil_moisture,35.04,2025-07-26 09:00:00
2130,419,soil_moisture,30.26,2025-09-25 04:00:00
2131,72,soil_moisture,47.67,2025-08-20 13:00:00
2132,268,temperature,24.08,2025-12-23 18:00:00
2133,163,humidity,46.32,2025-07-05 10:00:00
2134,309,temperature,19.6,2026-04-07 18:00:00
2135,193,humidity,47.5,2026-03-20 03:00:00
2136,255,rainfall,0.0,2025-11-04 08:00:00
2137,4,humidity,62.46,2026-04-12 17:00:00
2138,330,soil_moisture,29.05,2025-10-01 06:00:00
2139,268,temperature,23.06,2025-12-25 01:00:00
2140,177,soil_moisture,18.71,2026-03-13 17:00:00
2141,44,soil_moisture,32.24,2025-10-08 05:00:00
2142,143,rainfall,50.51,2025-08-10 21:00:00
2143,76,humidity,70.61,2026-04-15 14:00:00
2144,117,humidity,49.6,2025-08-21 22:00:00
2145,437,humidity,54.27,2025-10-05 03:00:00
2146,133,temperature,21.45,2025-07-03 08:00:00
2147,66,temperature,21.2,2026-01-07 06:00:00
2148,18,rainfall,0.0,2026-03-15 09:00:00
2149,36,soil_moisture,33.08,2026-03-18 18:00:00
2150,449,soil_moisture,35.65,2025-09-15 11:00:00
2151,47,rainfall,0.0,2025-10-05 11:00:00
2152,282,rainfall,24.25,2026-01-10 03:00:00
2153,431,temperature,25.65,2025-07-01 20:00:00
2154,300,humidity,63.59,2025-10-25 17:00:00
2155,370,rainfall,34.67,2025-07-09 05:00:00
2156,151,rainfall,0.0,2026-03-16 12:00:00
2157,425,humidity,67.96,2025-09-08 06:00:00
2158,331,humidity,53.11,2026-04-09 13:00:00
2159,171,rainfall,0.0,2026-01-17 07:00:00
2160,77,humidity,48.98,2026-03-26 09:00:00
2161,142,soil_moisture,37.48,2025-11-15 04:00:00
2162,154,soil_moisture,27.01,2025-08-20 16:00:00
2163,381,soil_moisture,41.72,2025-10-24 07:00:00
2164,137,temperature,24.08,2026-03-12 14:00:00
2165,154,soil_moisture,29.33,2025-08-20 10:00:00
2166,46,soil_moisture,34.38,2025-09-19 01:00:00
2167,428,humidity,45.15,2026-01-31 04:00:00
2168,197,soil_moisture,42.72,2026-03-15 19:00:00
2169,167,rainfall,0.0,2025-12-24 03:00:00
2170,418,rainfall,50.84,2025-09-05 14:00:00
2171,165,temperature,18.84,2025-07-02 08:00:00
2172,448,soil_moisture,33.07,2025-12-13 15:00:00
2173,165,rainfall,0.0,2025-06-30 17:00:00
2174,324,temperature,999.9,2026-01-25 08:00:00
2175,43,rainfall,0.0,2025-09-13 16:00:00
2176,89,temperature,30.12,2026-02-26 12:00:00
2177,73,soil_moisture,28.68,2025-10-08 13:00:00
2178,94,rainfall,0.0,2025-09-28 04:00:00
2179,6,temperature,27.86,2025-08-11 19:00:00
2180,229,soil_moisture,30.98,2025-11-12 23:00:00
2181,74,rainfall,0.0,2025-10-24 03:00:00
2182,148,temperature,32.24,2025-12-03 16:00:00
2183,36,rainfall,0.0,2026-03-18 23:00:00
2184,382,rainfall,0.0,2025-07-30 09:00:00
2185,386,humidity,65.49,2026-04-05 06:00:00
2186,287,soil_moisture,42.96,2026-04-05 15:00:00
2187,208,soil_moisture,20.63,2026-01-16 03:00:00
2188,335,humidity,68.11,2025-09-05 07:00:00
2189,60,rainfall,0.0,2026-03-05 07:00:00
2190,227,humidity,60.96,2025-10-16 13:00:00
2191,140,humidity,48.38,2025-09-13 09:00:00
2192,13,soil_moisture,37.89,2025-11-02 01:00:00
2193,321,humidity,51.32,2025-09-10 02:00:00
2194,70,temperature,27.45,2025-12-09 02:00:00
2195,272,rainfall,0.0,2025-12-05 00:00:00
2196,197,humidity,44.7,2026-03-15 23:00:00
2197,71,rainfall,51.86,2025-10-02 10:00:00
2198,448,rainfall,0.0,2025-12-13 07:00:00
2199,428,rainfall,25.92,2026-02-01 02:00:00
2200,353,rainfall,0.0,2026-03-19 14:00:00
2201,381,rainfall,62.16,2025-10-24 14:00:00
2202,192,humidity,54.85,2026-01-19 10:00:00
2203,151,soil_moisture,23.58,2026-03-17 19:00:00
2204,133,humidity,61.57,2025-07-04 05:00:00
2205,177,temperature,21.1,2026-03-12 13:00:00
2206,210,soil_moisture,47.27,2025-11-05 20:00:00
2207,137,rainfall,28.1,2026-03-13 06:00:00
2208,72,humidity,52.04,2025-08-20 09:00:00
2209,129,soil_moisture,27.98,2026-04-20 10:00:00
2210,193,rainfall,0.0,2026-03-20 13:00:00
2211,168,rainfall,30.0,2026-03-27 19:00:00
2212,305,humidity,49.76,2025-06-26 11:00:00
2213,76,soil_moisture,26.79,2026-04-16 19:00:00
2214,263,temperature,26.68,2025-12-22 18:00:00
2215,386,humidity,68.51,2026-04-04 12:00:00
2216,171,humidity,52.8,2026-01-17 00:00:00
2217,233,temperature,25.16,2025-12-14 13:00:00
2218,370,humidity,47.28,2025-07-09 16:00:00
2219,413,humidity,44.17,2026-01-14 00:00:00
2220,288,humidity,69.27,2025-07-06 15:00:00
2221,324,temperature,26.08,2026-01-26 06:00:00
2222,326,rainfall,0.0,2026-03-26 11:00:00
2223,418,rainfall,0.0,2025-09-06 09:00:00
2224,55,temperature,30.48,2025-09-01 11:00:00
2225,201,temperature,28.95,2026-03-31 12:00:00
2226,157,temperature,27.13,2026-01-19 10:00:00
2227,290,humidity,46.07,2026-02-26 03:00:00
2228,268,soil_moisture,39.73,2025-12-24 02:00:00
2229,427,rainfall,0.0,2025-07-11 13:00:00
2230,222,humidity,68.54,2025-10-16 12:00:00
2231,321,temperature,27.74,2025-09-10 08:00:00
2232,411,rainfall,51.36,2025-08-23 20:00:00
2233,43,rainfall,0.0,2025-09-14 10:00:00
2234,372,rainfall,54.11,2025-10-28 01:00:00
2235,91,rainfall,0.0,2026-02-23 16:00:00
2236,211,rainfall,31.62,2026-02-03 05:00:00
2237,305,temperature,22.71,2025-06-26 09:00:00
2238,283,temperature,27.46,2026-02-23 07:00:00
2239,72,soil_moisture,34.57,2025-08-19 21:00:00
2240,157,temperature,27.0,2026-01-19 17:00:00
2241,133,rainfall,0.0,2025-07-03 17:00:00
2242,49,soil_moisture,33.46,2025-09-29 04:00:00
2243,163,temperature,25.52,2025-07-04 16:00:00
2244,402,temperature,31.34,2026-03-29 09:00:00
2245,60,humidity,44.44,2026-03-07 20:00:00
2246,353,temperature,21.29,2026-03-20 09:00:00
2247,114,rainfall,0.0,2026-04-20 20:00:00
2248,229,soil_moisture,35.3,2025-11-13 06:00:00
2249,322,temperature,24.23,2026-01-16 14:00:00
2250,362,humidity,57.8,2026-04-17 23:00:00
2251,161,temperature,27.62,2026-01-07 11:00:00
2252,146,rainfall,0.0,2025-08-16 20:00:00
2253,151,humidity,51.5,2026-03-17 15:00:00
2254,45,rainfall,0.0,2026-02-09 07:00:00
2255,219,soil_moisture,40.6,2025-11-19 18:00:00
2256,377,soil_moisture,38.74,2025-07-11 10:00:00
2257,368,rainfall,52.07,2026-03-05 04:00:00
2258,382,temperature,19.85,2025-07-30 03:00:00
2259,29,temperature,32.1,2026-01-19 14:00:00
2260,115,soil_moisture,33.1,2025-10-25 11:00:00
2261,65,temperature,22.43,2025-07-08 04:00:00
2262,219,rainfall,54.34,2025-11-20 18:00:00
2263,28,humidity,47.85,2025-07-09 17:00:00
2264,311,humidity,55.45,2025-10-08 17:00:00
2265,161,humidity,40.69,2026-01-07 14:00:00
2266,318,soil_moisture,48.9,2026-04-04 14:00:00
2267,204,soil_moisture,34.69,2025-08-24 20:00:00
2268,238,soil_moisture,28.62,2025-11-25 10:00:00
2269,50,temperature,19.41,2026-03-10 07:00:00
2270,134,soil_moisture,44.04,2026-01-06 07:00:00
2271,227,humidity,65.28,2025-10-17 19:00:00
2272,403,soil_moisture,38.23,2025-11-07 09:00:00
2273,59,temperature,25.82,2025-12-09 08:00:00
2274,82,soil_moisture,31.4,2026-02-21 02:00:00
2275,177,humidity,60.31,2026-03-13 21:00:00
2276,201,rainfall,42.01,2026-03-31 00:00:00
2277,191,soil_moisture,35.98,2026-04-07 18:00:00
2278,197,soil_moisture,45.25,2026-03-16 15:00:00
2279,177,temperature,17.61,2026-03-12 05:00:00
2280,219,soil_moisture,40.89,2025-11-20 18:00:00
2281,238,humidity,72.66,2025-11-26 06:00:00
2282,82,rainfall,0.0,2026-02-20 22:00:00
2283,211,temperature,22.71,2026-02-02 15:00:00
2284,186,rainfall,38.49,2026-01-29 06:00:00
2285,125,rainfall,0.0,2025-11-20 01:00:00
2286,293,humidity,41.38,2026-02-10 06:00:00
2287,143,rainfall,63.05,2025-08-10 22:00:00
2288,65,rainfall,40.25,2025-07-09 03:00:00
2289,196,rainfall,0.0,2026-02-16 13:00:00
2290,115,soil_moisture,35.45,2025-10-26 16:00:00
2291,340,temperature,28.72,2025-12-26 23:00:00
2292,424,rainfall,0.0,2026-01-06 03:00:00
2293,364,rainfall,0.0,2025-12-21 04:00:00
2294,91,soil_moisture,39.15,2026-02-23 02:00:00
2295,292,humidity,49.19,2025-09-25 15:00:00
2296,7,humidity,60.97,2025-12-15 07:00:00
2297,70,soil_moisture,34.75,2025-12-10 05:00:00
2298,215,temperature,18.46,2026-03-14 19:00:00
2299,146,temperature,22.2,2025-08-16 13:00:00
2300,371,temperature,29.7,2026-03-30 04:00:00
2301,29,rainfall,0.0,2026-01-20 00:00:00
2302,157,rainfall,39.32,2026-01-20 12:00:00
2303,448,rainfall,0.0,2025-12-14 01:00:00
2304,382,rainfall,0.0,2025-07-30 06:00:00
2305,53,temperature,28.16,2026-03-03 01:00:00
2306,17,soil_moisture,25.7,2025-07-20 21:00:00
2307,401,temperature,26.4,2025-12-09 17:00:00
2308,47,temperature,32.66,2025-10-04 13:00:00
2309,191,temperature,32.17,2026-04-07 20:00:00
2310,73,rainfall,44.94,2025-10-09 22:00:00
2311,133,rainfall,0.0,2025-07-02 03:00:00
2312,215,soil_moisture,40.08,2026-03-15 09:00:00
2313,277,humidity,69.17,2025-09-10 17:00:00
2314,287,humidity,44.89,2026-04-04 11:00:00
2315,418,rainfall,0.0,2025-09-05 10:00:00
2316,330,rainfall,54.68,2025-10-02 09:00:00
2317,192,humidity,52.98,2026-01-21 13:00:00
2318,170,temperature,34.09,2025-07-05 18:00:00
2319,263,humidity,47.92,2025-12-21 10:00:00
2320,90,soil_moisture,43.0,2025-08-21 00:00:00
2321,300,rainfall,43.07,2025-10-26 19:00:00
2322,143,rainfall,0.0,2025-08-10 18:00:00
2323,201,soil_moisture,23.41,2026-03-30 02:00:00
2324,61,soil_moisture,36.01,2026-02-07 08:00:00
2325,122,temperature,28.27,2025-12-21 13:00:00
2326,126,humidity,54.13,2025-08-17 20:00:00
2327,129,soil_moisture,33.7,2026-04-21 00:00:00
2328,74,temperature,25.04,2025-10-22 16:00:00
2329,255,humidity,59.96,2025-11-03 16:00:00
2330,115,soil_moisture,35.37,2025-10-25 23:00:00
2331,89,temperature,31.13,2026-02-27 02:00:00
2332,123,temperature,28.38,2025-11-16 07:00:00
2333,73,temperature,32.93,2025-10-08 22:00:00
2334,32,temperature,29.88,2025-07-26 06:00:00
2335,343,temperature,22.79,2026-01-13 23:00:00
2336,146,temperature,23.98,2025-08-16 16:00:00
2337,147,rainfall,0.0,2026-03-09 11:00:00
2338,94,soil_moisture,500.0,2025-09-28 01:00:00
2339,268,rainfall,64.26,2025-12-23 06:00:00
2340,47,temperature,29.9,2025-10-04 01:00:00
2341,65,humidity,71.47,2025-07-08 15:00:00
2342,391,humidity,54.78,2025-06-27 08:00:00
2343,377,soil_moisture,36.01,2025-07-11 09:00:00
2344,303,temperature,30.28,2025-08-22 01:00:00
2345,94,temperature,31.15,2025-09-30 13:00:00
2346,201,rainfall,0.0,2026-03-31 14:00:00
2347,428,soil_moisture,36.36,2026-02-01 01:00:00
2348,361,soil_moisture,32.28,2025-10-19 22:00:00
2349,10,soil_moisture,36.46,2026-03-29 00:00:00
2350,282,soil_moisture,42.7,2026-01-10 17:00:00
2351,448,soil_moisture,32.01,2025-12-15 14:00:00
2352,50,temperature,23.06,2026-03-11 09:00:00
2353,13,humidity,63.25,2025-11-02 00:00:00
2354,300,soil_moisture,29.86,2025-10-25 02:00:00
2355,123,humidity,49.42,2025-11-17 01:00:00
2356,45,rainfall,0.0,2026-02-08 22:00:00
2357,129,temperature,33.39,2026-04-19 14:00:00
2358,233,humidity,54.86,2025-12-16 02:00:00
2359,143,soil_moisture,35.77,2025-08-12 02:00:00
2360,208,soil_moisture,25.46,2026-01-16 21:00:00
2361,389,soil_moisture,29.82,2026-03-16 08:00:00
2362,356,soil_moisture,37.64,2025-12-12 14:00:00
2363,114,temperature,22.28,2026-04-20 18:00:00
2364,263,temperature,24.5,2025-12-21 17:00:00
2365,168,soil_moisture,31.63,2026-03-29 10:00:00
2366,272,humidity,65.67,2025-12-03 05:00:00
2367,351,temperature,21.64,2026-02-12 23:00:00
2368,184,humidity,41.26,2026-01-05 05:00:00
2369,129,humidity,47.98,2026-04-21 00:00:00
2370,283,humidity,43.08,2026-02-21 22:00:00
2371,18,humidity,44.44,2026-03-15 01:00:00
2372,59,temperature,22.94,2025-12-08 09:00:00
2373,28,soil_moisture,40.89,2025-07-10 00:00:00
2374,305,soil_moisture,45.73,2025-06-26 21:00:00
2375,346,rainfall,0.0,2025-09-24 15:00:00
2376,436,humidity,63.15,2026-02-11 23:00:00
2377,154,temperature,31.14,2025-08-22 16:00:00
2378,204,soil_moisture,42.52,2025-08-24 15:00:00
2379,99,temperature,34.03,2025-10-10 07:00:00
2380,418,humidity,36.99,2025-09-05 15:00:00
2381,418,rainfall,56.53,2025-09-05 12:00:00
2382,305,humidity,48.58,2025-06-28 13:00:00
2383,5,rainfall,0.0,2026-04-07 14:00:00
2384,421,humidity,48.47,2025-07-12 12:00:00
2385,136,temperature,32.33,2025-11-10 02:00:00
2386,436,humidity,58.53,2026-02-12 19:00:00
2387,76,rainfall,28.24,2026-04-16 12:00:00
2388,128,rainfall,45.44,2025-07-09 09:00:00
2389,272,temperature,28.37,2025-12-02 08:00:00
2390,32,rainfall,0.0,2025-07-27 03:00:00
2391,448,rainfall,40.68,2025-12-14 14:00:00
2392,159,humidity,43.86,2025-09-20 23:00:00
2393,210,humidity,70.28,2025-11-05 07:00:00
2394,413,soil_moisture,43.02,2026-01-12 16:00:00
2395,196,soil_moisture,38.4,2026-02-16 22:00:00
2396,74,temperature,28.52,2025-10-24 02:00:00
2397,129,temperature,31.44,2026-04-19 16:00:00
2398,306,rainfall,0.0,2025-12-31 10:00:00
2399,72,humidity,49.83,2025-08-19 19:00:00
2400,362,rainfall,0.0,2026-04-19 13:00:00
2401,268,humidity,67.5,2025-12-24 05:00:00
2402,50,humidity,38.09,2026-03-09 20:00:00
2403,311,rainfall,44.24,2025-10-08 05:00:00
2404,421,rainfall,0.0,2025-07-12 11:00:00
2405,257,temperature,28.49,2025-07-04 03:00:00
2406,285,rainfall,0.0,2025-09-05 20:00:00
2407,53,soil_moisture,30.16,2026-03-03 08:00:00
2408,220,soil_moisture,25.0,2026-01-30 08:00:00
2409,351,soil_moisture,23.57,2026-02-13 04:00:00
2410,425,rainfall,49.78,2025-09-09 16:00:00
2411,167,temperature,37.3,2025-12-25 07:00:00
2412,309,soil_moisture,33.49,2026-04-07 08:00:00
2413,384,soil_moisture,26.57,2025-08-16 10:00:00
2414,223,humidity,63.78,2025-12-14 03:00:00
2415,170,rainfall,44.62,2025-07-04 10:00:00
2416,226,temperature,30.61,2026-04-21 01:00:00
2417,140,rainfall,40.49,2025-09-14 03:00:00
2418,346,humidity,70.38,2025-09-24 06:00:00
2419,125,temperature,21.93,2025-11-20 16:00:00
2420,381,soil_moisture,47.79,2025-10-24 22:00:00
2421,240,temperature,23.49,2026-04-21 03:00:00
2422,382,rainfall,0.0,2025-07-31 23:00:00
2423,78,temperature,32.97,2025-09-26 03:00:00
2424,154,rainfall,0.0,2025-08-21 10:00:00
2425,362,humidity,51.69,2026-04-19 02:00:00
2426,78,temperature,32.02,2025-09-26 07:00:00
2427,82,temperature,30.22,2026-02-20 01:00:00
2428,74,temperature,28.71,2025-10-23 18:00:00
2429,306,temperature,30.75,2025-12-29 01:00:00
2430,229,humidity,66.8,2025-11-11 05:00:00
2431,1,soil_moisture,35.74,2026-03-01 13:00:00
2432,147,humidity,76.06,2026-03-09 21:00:00
2433,322,temperature,24.01,2026-01-16 08:00:00
2434,368,humidity,67.51,2026-03-04 11:00:00
2435,135,soil_moisture,38.8,2025-12-06 21:00:00
2436,372,soil_moisture,39.57,2025-10-28 16:00:00
2437,103,rainfall,0.0,2026-01-08 20:00:00
2438,370,soil_moisture,32.31,2025-07-09 10:00:00
2439,208,soil_moisture,22.3,2026-01-16 19:00:00
2440,318,temperature,35.27,2026-04-05 11:00:00
2441,446,rainfall,35.71,2026-04-22 09:00:00
2442,424,soil_moisture,27.51,2026-01-05 17:00:00
2443,288,humidity,72.92,2025-07-07 19:00:00
2444,340,rainfall,0.0,2025-12-27 01:00:00
2445,18,humidity,52.06,2026-03-17 13:00:00
2446,160,temperature,32.69,2026-04-14 06:00:00
2447,351,rainfall,0.0,2026-02-12 09:00:00
2448,193,rainfall,0.0,2026-03-18 17:00:00
2449,210,soil_moisture,41.61,2025-11-04 07:00:00
2450,143,soil_moisture,500.0,2025-08-11 06:00:00
2451,97,rainfall,30.76,2026-02-15 11:00:00
2452,91,rainfall,0.0,2026-02-23 03:00:00
2453,9,humidity,47.6,2025-09-20 22:00:00
2454,377,temperature,33.13,2025-07-11 04:00:00
2455,212,humidity,49.86,2025-11-17 17:00:00
2456,9,rainfall,0.0,2025-09-20 02:00:00
2457,210,temperature,33.08,2025-11-04 06:00:00
2458,146,soil_moisture,45.16,2025-08-15 04:00:00
2459,18,humidity,47.82,2026-03-16 23:00:00
2460,186,rainfall,0.0,2026-01-28 12:00:00
2461,10,humidity,35.88,2026-03-29 02:00:00
2462,260,temperature,33.55,2025-09-21 03:00:00
2463,134,humidity,53.76,2026-01-06 14:00:00
2464,161,soil_moisture,34.85,2026-01-07 04:00:00
2465,89,humidity,63.61,2026-02-27 09:00:00
2466,273,temperature,26.93,2026-01-07 06:00:00
2467,17,humidity,48.12,2025-07-19 20:00:00
2468,78,temperature,33.49,2025-09-26 22:00:00
2469,10,rainfall,0.0,2026-03-30 00:00:00
2470,382,humidity,40.58,2025-07-31 09:00:00
2471,168,rainfall,0.0,2026-03-27 01:00:00
2472,440,rainfall,0.0,2025-07-10 09:00:00
2473,166,temperature,33.48,2025-11-29 10:00:00
2474,364,rainfall,0.0,2025-12-21 17:00:00
2475,342,soil_moisture,30.64,2026-03-28 13:00:00
2476,368,temperature,20.25,2026-03-04 03:00:00
2477,76,soil_moisture,31.59,2026-04-15 10:00:00
2478,60,temperature,29.44,2026-03-06 07:00:00
2479,295,rainfall,0.0,2026-04-11 07:00:00
2480,341,humidity,53.4,2025-11-25 13:00:00
2481,177,temperature,21.24,2026-03-13 20:00:00
2482,381,soil_moisture,48.94,2025-10-25 05:00:00
2483,444,rainfall,27.94,2025-12-11 18:00:00
2484,428,humidity,38.16,2026-01-30 13:00:00
2485,436,temperature,27.05,2026-02-11 21:00:00
2486,196,soil_moisture,36.99,2026-02-15 17:00:00
2487,157,soil_moisture,31.12,2026-01-19 09:00:00
2488,418,humidity,46.77,2025-09-07 12:00:00
2489,48,soil_moisture,42.33,2025-12-31 02:00:00
2490,305,rainfall,0.0,2025-06-27 03:00:00
2491,105,humidity,38.83,2026-01-27 07:00:00
2492,335,temperature,26.36,2025-09-05 02:00:00
2493,389,humidity,46.48,2026-03-16 08:00:00
2494,376,rainfall,57.57,2025-09-14 02:00:00
2495,305,soil_moisture,45.26,2025-06-26 22:00:00
2496,298,temperature,29.68,2025-09-14 09:00:00
2497,159,soil_moisture,25.35,2025-09-21 08:00:00
2498,370,rainfall,0.0,2025-07-09 19:00:00
2499,29,soil_moisture,21.27,2026-01-18 22:00:00
2500,13,temperature,26.06,2025-11-01 09:00:00
2501,18,rainfall,53.59,2026-03-16 15:00:00
2502,298,rainfall,0.0,2025-09-11 02:00:00
2503,318,rainfall,0.0,2026-04-04 12:00:00
2504,32,humidity,70.56,2025-07-27 17:00:00
2505,171,rainfall,20.63,2026-01-15 07:00:00
2506,293,rainfall,0.0,2026-02-09 15:00:00
2507,318,humidity,38.55,2026-04-04 10:00:00
2508,311,temperature,28.05,2025-10-08 01:00:00
2509,222,soil_moisture,43.23,2025-10-15 17:00:00
2510,444,temperature,28.6,2025-12-13 06:00:00
2511,105,soil_moisture,41.29,2026-01-29 05:00:00
2512,129,temperature,35.04,2026-04-19 06:00:00
2513,370,soil_moisture,27.49,2025-07-09 07:00:00
2514,17,soil_moisture,28.41,2025-07-19 09:00:00
2515,401,rainfall,56.99,2025-12-09 05:00:00
2516,170,temperature,32.69,2025-07-03 11:00:00
2517,295,soil_moisture,32.65,2026-04-10 13:00:00
2518,283,temperature,30.52,2026-02-22 20:00:00
2519,36,soil_moisture,26.58,2026-03-18 16:00:00
2520,340,rainfall,0.0,2025-12-26 02:00:00
2521,272,soil_moisture,44.84,2025-12-03 00:00:00
2522,201,soil_moisture,21.65,2026-03-30 15:00:00
2523,70,temperature,28.04,2025-12-09 03:00:00
2524,330,soil_moisture,27.33,2025-10-01 12:00:00
2525,389,rainfall,0.0,2026-03-16 18:00:00
2526,89,soil_moisture,38.59,2026-02-28 03:00:00
2527,160,soil_moisture,35.73,2026-04-14 20:00:00
2528,448,soil_moisture,29.32,2025-12-16 00:00:00
2529,29,soil_moisture,20.22,2026-01-19 09:00:00
2530,235,humidity,55.6,2026-03-30 02:00:00
2531,168,temperature,25.44,2026-03-28 20:00:00
2532,72,temperature,23.07,2025-08-19 10:00:00
2533,440,temperature,27.59,2025-07-10 09:00:00
2534,418,rainfall,0.0,2025-09-05 06:00:00
2535,171,soil_moisture,33.98,2026-01-16 04:00:00
2536,327,rainfall,0.0,2025-07-28 23:00:00
2537,273,soil_moisture,32.16,2026-01-06 19:00:00
2538,105,rainfall,0.0,2026-01-28 00:00:00
2539,402,soil_moisture,24.88,2026-03-30 03:00:00
2540,324,temperature,27.09,2026-01-26 22:00:00
2541,386,humidity,66.85,2026-04-05 09:00:00
2542,168,rainfall,0.0,2026-03-28 06:00:00
2543,364,soil_moisture,43.85,2025-12-20 21:00:00
2544,97,temperature,30.14,2026-02-15 02:00:00
2545,76,humidity,63.47,2026-04-16 19:00:00
2546,425,temperature,29.68,2025-09-09 08:00:00
2547,263,rainfall,0.0,2025-12-22 14:00:00
2548,17,soil_moisture,32.04,2025-07-20 18:00:00
2549,437,soil_moisture,42.8,2025-10-05 04:00:00
2550,90,soil_moisture,38.26,2025-08-20 00:00:00
2551,45,temperature,22.95,2026-02-09 21:00:00
2552,82,temperature,25.91,2026-02-21 03:00:00
2553,419,temperature,23.41,2025-09-25 05:00:00
2554,163,temperature,19.06,2025-07-03 02:00:00
2555,418,soil_moisture,47.67,2025-09-06 22:00:00
2556,294,temperature,27.82,2026-01-03 13:00:00
2557,44,soil_moisture,31.65,2025-10-07 09:00:00
2558,421,humidity,51.95,2025-07-11 09:00:00
2559,260,humidity,62.01,2025-09-23 06:00:00
2560,324,rainfall,45.51,2026-01-26 13:00:00
2561,419,humidity,53.62,2025-09-25 18:00:00
2562,396,rainfall,0.0,2025-07-06 14:00:00
2563,287,temperature,21.36,2026-04-04 08:00:00
2564,330,humidity,65.33,2025-10-01 09:00:00
2565,368,soil_moisture,28.36,2026-03-04 16:00:00
2566,353,humidity,48.59,2026-03-19 00:00:00
2567,391,soil_moisture,35.7,2025-06-26 09:00:00
2568,371,temperature,31.75,2026-03-31 13:00:00
2569,305,rainfall,0.0,2025-06-28 08:00:00
2570,421,rainfall,20.43,2025-07-13 00:00:00
2571,136,rainfall,0.0,2025-11-11 22:00:00
2572,169,humidity,64.79,2026-03-23 09:00:00
2573,308,soil_moisture,29.16,2025-12-26 15:00:00
2574,170,soil_moisture,500.0,2025-07-03 03:00:00
2575,169,humidity,72.67,2026-03-23 22:00:00
2576,128,humidity,46.63,2025-07-10 00:00:00
2577,205,soil_moisture,43.9,2025-12-25 16:00:00
2578,49,soil_moisture,30.73,2025-09-30 01:00:00
2579,364,soil_moisture,33.36,2025-12-21 00:00:00
2580,7,rainfall,65.0,2025-12-17 14:00:00
2581,17,humidity,35.21,2025-07-19 19:00:00
2582,201,rainfall,0.0,2026-03-30 06:00:00
2583,215,humidity,52.8,2026-03-14 11:00:00
2584,1,temperature,28.33,2026-03-01 08:00:00
2585,192,soil_moisture,29.38,2026-01-19 11:00:00
2586,192,humidity,46.4,2026-01-21 23:00:00
2587,351,humidity,41.73,2026-02-13 03:00:00
2588,197,humidity,47.04,2026-03-15 20:00:00
2589,161,humidity,39.97,2026-01-06 14:00:00
2590,178,soil_moisture,34.89,2025-12-16 03:00:00
2591,171,temperature,25.62,2026-01-17 13:00:00
2592,210,temperature,32.99,2025-11-04 16:00:00
2593,402,temperature,32.04,2026-03-28 06:00:00
2594,219,rainfall,56.17,2025-11-19 12:00:00
2595,122,rainfall,0.0,2025-12-22 18:00:00
2596,340,temperature,30.82,2025-12-26 12:00:00
2597,449,soil_moisture,39.67,2025-09-15 08:00:00
2598,305,rainfall,0.0,2025-06-26 15:00:00
2599,361,soil_moisture,27.0,2025-10-20 11:00:00
2600,10,humidity,38.2,2026-03-29 17:00:00
2601,66,rainfall,0.0,2026-01-06 10:00:00
2602,386,temperature,26.05,2026-04-05 13:00:00
2603,135,rainfall,0.0,2025-12-05 16:00:00
2604,401,soil_moisture,30.04,2025-12-09 12:00:00
2605,293,rainfall,47.06,2026-02-08 19:00:00
2606,193,humidity,53.59,2026-03-18 14:00:00
2607,219,temperature,26.85,2025-11-19 19:00:00
2608,449,rainfall,0.0,2025-09-15 01:00:00
2609,353,soil_moisture,37.95,2026-03-20 03:00:00
2610,220,humidity,46.45,2026-01-30 23:00:00
2611,306,soil_moisture,33.36,2025-12-31 02:00:00
2612,448,rainfall,0.0,2025-12-14 12:00:00
2613,389,rainfall,35.12,2026-03-17 00:00:00
2614,105,temperature,22.14,2026-01-28 07:00:00
2615,190,temperature,22.11,2026-02-09 10:00:00
2616,295,humidity,55.56,2026-04-11 01:00:00
2617,47,soil_moisture,39.83,2025-10-06 05:00:00
2618,290,rainfall,0.0,2026-02-26 10:00:00
2619,143,humidity,62.54,2025-08-11 09:00:00
2620,346,temperature,33.0,2025-09-25 17:00:00
2621,74,soil_moisture,39.28,2025-10-24 02:00:00
2622,309,temperature,19.82,2026-04-09 03:00:00
2623,143,rainfall,0.0,2025-08-11 13:00:00
2624,318,rainfall,0.0,2026-04-04 01:00:00
2625,115,rainfall,0.0,2025-10-27 01:00:00
2626,140,soil_moisture,44.95,2025-09-13 10:00:00
2627,60,soil_moisture,30.68,2026-03-06 23:00:00
2628,125,temperature,27.52,2025-11-21 21:00:00
2629,50,soil_moisture,25.44,2026-03-10 18:00:00
2630,105,rainfall,0.0,2026-01-29 03:00:00
2631,115,soil_moisture,35.0,2025-10-26 15:00:00
2632,440,rainfall,43.09,2025-07-08 04:00:00
2633,24,humidity,43.02,2026-03-06 03:00:00
2634,421,humidity,42.6,2025-07-11 10:00:00
2635,211,humidity,50.93,2026-02-03 03:00:00
2636,229,rainfall,0.0,2025-11-12 08:00:00
2637,48,soil_moisture,53.72,2025-12-30 13:00:00
2638,166,humidity,57.6,2025-11-30 03:00:00
2639,48,humidity,46.45,2025-12-30 14:00:00
2640,425,soil_moisture,31.69,2025-09-08 20:00:00
2641,321,temperature,25.67,2025-09-11 18:00:00
2642,385,humidity,55.03,2026-03-24 10:00:00
2643,322,humidity,58.79,2026-01-16 16:00:00
2644,146,temperature,21.12,2025-08-16 23:00:00
2645,1,humidity,67.82,2026-02-28 02:00:00
2646,321,temperature,25.89,2025-09-11 01:00:00
2647,66,temperature,19.06,2026-01-06 11:00:00
2648,170,humidity,44.0,2025-07-03 06:00:00
2649,238,rainfall,55.18,2025-11-24 07:00:00
2650,133,soil_moisture,38.94,2025-07-03 05:00:00
2651,78,rainfall,0.0,2025-09-27 02:00:00
2652,371,rainfall,0.0,2026-03-30 04:00:00
2653,311,temperature,24.08,2025-10-07 15:00:00
2654,5,soil_moisture,20.66,2026-04-07 04:00:00
2655,9,humidity,50.17,2025-09-19 19:00:00
2656,196,humidity,67.94,2026-02-17 05:00:00
2657,154,temperature,31.71,2025-08-21 20:00:00
2658,384,rainfall,0.0,2025-08-16 04:00:00
2659,76,humidity,67.95,2026-04-16 00:00:00
2660,49,rainfall,0.0,2025-09-29 19:00:00
2661,215,humidity,39.85,2026-03-15 17:00:00
2662,201,humidity,51.1,2026-04-01 00:00:00
2663,168,rainfall,0.0,2026-03-27 02:00:00
2664,382,humidity,49.63,2025-07-31 11:00:00
2665,448,temperature,29.14,2025-12-14 11:00:00
2666,30,temperature,23.6,2025-08-21 03:00:00
2667,134,rainfall,0.0,2026-01-07 11:00:00
2668,197,temperature,28.99,2026-03-16 04:00:00
2669,5,rainfall,0.0,2026-04-08 00:00:00
2670,59,temperature,21.6,2025-12-08 10:00:00
2671,444,temperature,26.6,2025-12-12 04:00:00
2672,364,humidity,72.36,2025-12-20 21:00:00
2673,133,soil_moisture,34.64,2025-07-03 16:00:00
2674,128,humidity,54.0,2025-07-09 23:00:00
2675,346,soil_moisture,31.59,2025-09-26 14:00:00
2676,295,rainfall,0.0,2026-04-11 05:00:00
2677,361,soil_moisture,24.77,2025-10-19 23:00:00
2678,24,temperature,22.45,2026-03-04 22:00:00
2679,220,rainfall,0.0,2026-01-30 23:00:00
2680,367,soil_moisture,43.8,2025-11-23 00:00:00
2681,322,rainfall,0.0,2026-01-16 02:00:00
2682,16,soil_moisture,38.59,2025-08-19 03:00:00
2683,411,soil_moisture,35.82,2025-08-23 11:00:00
2684,330,soil_moisture,28.08,2025-10-03 10:00:00
2685,436,humidity,69.35,2026-02-12 15:00:00
2686,323,temperature,23.04,2025-07-25 21:00:00
2687,371,rainfall,0.0,2026-04-01 13:00:00
2688,351,temperature,23.83,2026-02-12 11:00:00
2689,290,temperature,33.04,2026-02-25 05:00:00
2690,305,temperature,24.04,2025-06-26 19:00:00
2691,9,soil_moisture,35.2,2025-09-20 13:00:00
2692,211,rainfall,0.0,2026-02-03 04:00:00
2693,5,soil_moisture,27.2,2026-04-08 20:00:00
2694,123,rainfall,0.0,2025-11-16 09:00:00
2695,321,temperature,20.61,2025-09-11 07:00:00
2696,151,rainfall,0.0,2026-03-18 11:00:00
2697,29,rainfall,18.1,2026-01-19 18:00:00
2698,260,soil_moisture,35.53,2025-09-21 08:00:00
2699,436,rainfall,0.0,2026-02-11 11:00:00
2700,114,rainfall,0.0,2026-04-20 08:00:00
2701,212,temperature,28.69,2025-11-16 06:00:00
2702,137,temperature,23.0,2026-03-12 19:00:00
2703,309,soil_moisture,28.78,2026-04-07 12:00:00
2704,72,soil_moisture,44.55,2025-08-19 02:00:00
2705,157,rainfall,0.0,2026-01-19 05:00:00
2706,290,rainfall,49.61,2026-02-25 01:00:00
2707,28,humidity,51.93,2025-07-10 09:00:00
2708,229,humidity,66.44,2025-11-12 15:00:00
2709,223,humidity,65.72,2025-12-14 08:00:00
2710,287,temperature,20.73,2026-04-04 22:00:00
2711,306,humidity,71.0,2025-12-29 23:00:00
2712,240,temperature,22.43,2026-04-21 10:00:00
2713,361,rainfall,0.0,2025-10-20 19:00:00
2714,342,rainfall,0.0,2026-03-28 15:00:00
2715,296,temperature,37.6,2025-08-20 21:00:00
2716,5,rainfall,0.0,2026-04-08 21:00:00
2717,331,rainfall,0.0,2026-04-10 09:00:00
2718,440,rainfall,500.0,2025-07-09 22:00:00
2719,30,soil_moisture,35.6,2025-08-19 08:00:00
2720,53,humidity,49.73,2026-03-03 00:00:00
2721,290,rainfall,0.0,2026-02-25 06:00:00
2722,17,temperature,32.17,2025-07-19 13:00:00
2723,65,humidity,77.33,2025-07-10 09:00:00
2724,133,temperature,21.22,2025-07-02 02:00:00
2725,396,soil_moisture,38.6,2025-07-06 01:00:00
2726,346,soil_moisture,34.4,2025-09-24 04:00:00
2727,77,rainfall,0.0,2026-03-27 02:00:00
2728,321,soil_moisture,27.19,2025-09-12 01:00:00
2729,32,temperature,28.07,2025-07-26 09:00:00
2730,295,soil_moisture,42.16,2026-04-12 00:00:00
2731,72,rainfall,0.0,2025-08-20 19:00:00
2732,335,rainfall,48.01,2025-09-05 13:00:00
2733,210,soil_moisture,45.63,2025-11-04 19:00:00
2734,180,rainfall,0.0,2025-12-26 11:00:00
2735,294,temperature,30.09,2026-01-03 07:00:00
2736,273,rainfall,0.0,2026-01-07 11:00:00
2737,66,temperature,21.55,2026-01-06 16:00:00
2738,74,temperature,24.81,2025-10-22 05:00:00
2739,343,temperature,26.75,2026-01-12 07:00:00
2740,411,humidity,60.08,2025-08-24 03:00:00
2741,142,temperature,28.54,2025-11-17 09:00:00
2742,296,soil_moisture,49.21,2025-08-20 12:00:00
2743,190,soil_moisture,44.92,2026-02-10 21:00:00
2744,77,humidity,54.89,2026-03-27 16:00:00
2745,331,temperature,20.58,2026-04-09 21:00:00
2746,94,humidity,76.0,2025-09-29 07:00:00
2747,311,humidity,44.99,2025-10-08 22:00:00
2748,362,temperature,21.34,2026-04-18 07:00:00
2749,294,soil_moisture,22.46,2026-01-05 09:00:00
2750,184,soil_moisture,26.38,2026-01-07 04:00:00
2751,384,humidity,45.1,2025-08-17 00:00:00
2752,205,temperature,25.63,2025-12-24 12:00:00
2753,166,soil_moisture,29.77,2025-12-01 11:00:00
2754,5,temperature,32.32,2026-04-07 17:00:00
2755,446,soil_moisture,46.96,2026-04-22 01:00:00
2756,9,soil_moisture,39.1,2025-09-20 04:00:00
2757,190,rainfall,0.0,2026-02-09 04:00:00
2758,402,soil_moisture,29.01,2026-03-28 22:00:00
2759,272,humidity,64.36,2025-12-03 08:00:00
2760,157,rainfall,0.0,2026-01-19 03:00:00
2761,147,temperature,26.17,2026-03-10 19:00:00
2762,76,temperature,21.54,2026-04-17 05:00:00
2763,190,soil_moisture,40.88,2026-02-10 06:00:00
2764,255,temperature,25.97,2025-11-03 00:00:00
2765,273,soil_moisture,39.7,2026-01-08 05:00:00
2766,136,humidity,70.88,2025-11-10 05:00:00
2767,160,humidity,62.11,2026-04-15 07:00:00
2768,318,rainfall,0.0,2026-04-05 13:00:00
2769,240,humidity,62.69,2026-04-23 02:00:00
2770,335,humidity,67.19,2025-09-04 04:00:00
2771,169,temperature,27.12,2026-03-23 15:00:00
2772,196,rainfall,0.0,2026-02-15 23:00:00
2773,140,humidity,54.43,2025-09-12 16:00:00
2774,340,humidity,48.2,2025-12-26 02:00:00
2775,296,temperature,34.73,2025-08-20 09:00:00
2776,184,soil_moisture,28.39,2026-01-05 14:00:00
2777,296,temperature,34.48,2025-08-20 08:00:00
2778,168,temperature,25.2,2026-03-27 05:00:00
2779,361,rainfall,0.0,2025-10-18 22:00:00
2780,282,rainfall,27.77,2026-01-10 15:00:00
2781,437,temperature,30.14,2025-10-03 03:00:00
2782,115,rainfall,59.93,2025-10-25 05:00:00
2783,292,temperature,34.51,2025-09-24 19:00:00
2784,205,soil_moisture,46.76,2025-12-25 14:00:00
2785,28,temperature,22.78,2025-07-11 00:00:00
2786,170,temperature,29.86,2025-07-04 03:00:00
2787,215,humidity,47.23,2026-03-14 23:00:00
2788,340,humidity,47.31,2025-12-26 10:00:00
2789,260,rainfall,0.0,2025-09-22 15:00:00
2790,361,temperature,21.16,2025-10-18 10:00:00
2791,285,temperature,32.02,2025-09-05 14:00:00
2792,114,soil_moisture,30.86,2026-04-19 14:00:00
2793,123,soil_moisture,35.85,2025-11-16 07:00:00
2794,321,temperature,26.95,2025-09-12 09:00:00
2795,28,temperature,21.02,2025-07-09 07:00:00
2796,128,humidity,40.06,2025-07-09 17:00:00
2797,444,soil_moisture,32.76,2025-12-13 04:00:00
2798,370,soil_moisture,29.29,2025-07-08 02:00:00
2799,166,temperature,31.77,2025-12-01 08:00:00
2800,318,temperature,36.89,2026-04-05 05:00:00
2801,220,humidity,45.63,2026-01-29 22:00:00
2802,13,rainfall,0.0,2025-11-01 18:00:00
2803,324,humidity,65.41,2026-01-26 22:00:00
2804,82,humidity,47.95,2026-02-21 03:00:00
2805,157,humidity,27.21,2026-01-20 09:00:00
2806,186,humidity,75.99,2026-01-29 08:00:00
2807,283,humidity,57.29,2026-02-21 03:00:00
2808,160,humidity,64.64,2026-04-14 12:00:00
2809,178,rainfall,0.0,2025-12-15 07:00:00
2810,123,temperature,25.78,2025-11-15 11:00:00
2811,298,soil_moisture,35.81,2025-09-12 18:00:00
2812,53,humidity,37.57,2026-03-04 03:00:00
2813,140,temperature,29.07,2025-09-12 22:00:00
2814,128,soil_moisture,44.81,2025-07-09 06:00:00
2815,376,soil_moisture,42.69,2025-09-13 08:00:00
2816,135,temperature,26.05,2025-12-06 00:00:00
2817,272,soil_moisture,49.26,2025-12-02 08:00:00
2818,9,soil_moisture,36.39,2025-09-19 09:00:00
2819,44,temperature,28.37,2025-10-06 18:00:00
2820,396,rainfall,42.59,2025-07-04 13:00:00
2821,418,soil_moisture,36.11,2025-09-05 19:00:00
2822,215,soil_moisture,42.84,2026-03-15 08:00:00
2823,185,soil_moisture,35.28,2026-03-04 19:00:00
2824,283,rainfall,40.08,2026-02-21 14:00:00
2825,180,rainfall,0.0,2025-12-25 05:00:00
2826,167,rainfall,0.0,2025-12-23 16:00:00
2827,322,soil_moisture,25.38,2026-01-16 07:00:00
2828,6,humidity,67.07,2025-08-11 09:00:00
2829,273,soil_moisture,38.59,2026-01-08 06:00:00
2830,346,humidity,68.58,2025-09-24 01:00:00
2831,140,temperature,26.96,2025-09-13 11:00:00
2832,50,rainfall,22.86,2026-03-09 18:00:00
2833,186,temperature,31.15,2026-01-28 02:00:00
2834,381,humidity,49.88,2025-10-24 12:00:00
2835,148,rainfall,41.55,2025-12-02 12:00:00
2836,295,temperature,22.6,2026-04-10 02:00:00
2837,66,temperature,22.23,2026-01-06 23:00:00
2838,7,rainfall,0.0,2025-12-16 04:00:00
2839,294,rainfall,0.0,2026-01-03 09:00:00
2840,385,rainfall,0.0,2026-03-22 01:00:00
2841,257,rainfall,0.0,2025-07-03 20:00:00
2842,268,rainfall,0.0,2025-12-23 11:00:00
2843,229,temperature,29.89,2025-11-13 06:00:00
2844,260,soil_moisture,34.42,2025-09-22 10:00:00
2845,28,soil_moisture,40.04,2025-07-11 08:00:00
2846,448,humidity,75.38,2025-12-14 22:00:00
2847,165,humidity,60.64,2025-06-30 20:00:00
2848,48,humidity,41.67,2025-12-31 13:00:00
2849,24,soil_moisture,36.84,2026-03-05 14:00:00
2850,169,soil_moisture,43.56,2026-03-23 16:00:00
2851,49,humidity,47.64,2025-09-29 11:00:00
2852,382,temperature,19.34,2025-07-31 11:00:00
2853,160,humidity,73.3,2026-04-16 07:00:00
2854,115,humidity,77.07,2025-10-25 15:00:00
2855,436,rainfall,0.0,2026-02-12 09:00:00
2856,191,soil_moisture,33.19,2026-04-06 04:00:00
2857,196,temperature,22.44,2026-02-15 11:00:00
2858,341,temperature,36.56,2025-11-26 11:00:00
2859,449,humidity,72.91,2025-09-16 22:00:00
2860,154,rainfall,0.0,2025-08-22 02:00:00
2861,91,temperature,19.42,2026-02-23 02:00:00
2862,133,temperature,20.3,2025-07-03 04:00:00
2863,167,soil_moisture,42.99,2025-12-24 21:00:00
2864,212,humidity,52.36,2025-11-18 08:00:00
2865,442,soil_moisture,49.13,2025-10-15 04:00:00
2866,74,humidity,37.05,2025-10-23 04:00:00
2867,184,temperature,29.35,2026-01-07 03:00:00
2868,146,humidity,50.7,2025-08-17 09:00:00
2869,240,soil_moisture,27.45,2026-04-21 05:00:00
2870,447,soil_moisture,24.17,2025-09-19 10:00:00
2871,311,temperature,26.0,2025-10-07 19:00:00
2872,268,rainfall,63.75,2025-12-24 12:00:00
2873,76,soil_moisture,31.48,2026-04-15 12:00:00
2874,166,soil_moisture,28.07,2025-11-29 09:00:00
2875,419,temperature,24.91,2025-09-25 10:00:00
2876,285,humidity,48.89,2025-09-06 05:00:00
2877,235,soil_moisture,43.65,2026-04-01 02:00:00
2878,293,soil_moisture,32.98,2026-02-08 08:00:00
2879,190,rainfall,0.0,2026-02-10 15:00:00
2880,288,rainfall,0.0,2025-07-06 17:00:00
2881,7,temperature,34.3,2025-12-15 17:00:00
2882,371,rainfall,0.0,2026-03-30 08:00:00
2883,9,temperature,30.33,2025-09-20 09:00:00
2884,146,temperature,24.81,2025-08-16 12:00:00
2885,10,temperature,26.76,2026-03-28 15:00:00
2886,177,rainfall,0.0,2026-03-12 17:00:00
2887,16,soil_moisture,41.12,2025-08-18 13:00:00
2888,180,rainfall,0.0,2025-12-24 22:00:00
2889,146,rainfall,0.0,2025-08-15 05:00:00
2890,240,rainfall,0.0,2026-04-21 09:00:00
2891,65,soil_moisture,42.81,2025-07-09 03:00:00
2892,128,soil_moisture,41.18,2025-07-10 12:00:00
2893,309,temperature,23.91,2026-04-08 06:00:00
2894,113,rainfall,0.0,2025-07-27 06:00:00
2895,128,rainfall,44.07,2025-07-09 13:00:00
2896,72,humidity,41.97,2025-08-21 02:00:00
2897,50,temperature,26.42,2026-03-11 12:00:00
2898,165,rainfall,0.0,2025-07-01 20:00:00
2899,154,soil_moisture,30.73,2025-08-20 12:00:00
2900,219,soil_moisture,36.28,2025-11-19 10:00:00
2901,300,humidity,69.21,2025-10-25 18:00:00
2902,157,humidity,41.97,2026-01-19 06:00:00
2903,283,temperature,27.17,2026-02-21 08:00:00
2904,447,soil_moisture,25.3,2025-09-18 14:00:00
2905,353,rainfall,0.0,2026-03-19 07:00:00
2906,384,humidity,59.58,2025-08-17 13:00:00
2907,49,soil_moisture,29.25,2025-09-29 10:00:00
2908,223,soil_moisture,26.83,2025-12-13 07:00:00
2909,47,rainfall,0.0,2025-10-06 05:00:00
2910,310,rainfall,26.94,2025-12-23 05:00:00
2911,418,rainfall,56.38,2025-09-06 02:00:00
2912,190,soil_moisture,43.28,2026-02-11 17:00:00
2913,191,temperature,28.46,2026-04-07 08:00:00
2914,219,soil_moisture,34.0,2025-11-20 20:00:00
2915,126,rainfall,0.0,2025-08-17 13:00:00
2916,53,temperature,23.94,2026-03-02 16:00:00
2917,309,rainfall,46.5,2026-04-07 17:00:00
2918,178,humidity,53.89,2025-12-16 23:00:00
2919,401,humidity,48.63,2025-12-10 11:00:00
2920,46,humidity,69.57,2025-09-20 11:00:00
2921,273,rainfall,0.0,2026-01-07 06:00:00
2922,143,soil_moisture,33.11,2025-08-11 22:00:00
2923,76,soil_moisture,32.65,2026-04-16 20:00:00
2924,296,soil_moisture,46.61,2025-08-21 19:00:00
2925,5,soil_moisture,30.65,2026-04-07 07:00:00
2926,140,temperature,28.44,2025-09-14 02:00:00
2927,310,humidity,63.32,2025-12-23 17:00:00
2928,257,rainfall,39.06,2025-07-03 14:00:00
2929,418,temperature,33.36,2025-09-05 22:00:00
2930,201,temperature,29.88,2026-04-01 00:00:00
2931,353,rainfall,0.0,2026-03-18 19:00:00
2932,184,temperature,37.04,2026-01-05 12:00:00
2933,17,rainfall,0.0,2025-07-19 02:00:00
2934,24,soil_moisture,34.35,2026-03-04 14:00:00
2935,223,humidity,67.9,2025-12-15 08:00:00
2936,368,soil_moisture,28.5,2026-03-05 02:00:00
2937,65,soil_moisture,48.97,2025-07-08 07:00:00
2938,288,rainfall,35.58,2025-07-07 12:00:00
2939,44,soil_moisture,38.52,2025-10-07 19:00:00
2940,28,rainfall,0.0,2025-07-10 03:00:00
2941,77,humidity,51.02,2026-03-26 21:00:00
2942,311,rainfall,0.0,2025-10-09 16:00:00
2943,78,temperature,29.5,2025-09-26 19:00:00
2944,292,soil_moisture,38.63,2025-09-25 06:00:00
2945,89,temperature,31.57,2026-02-27 22:00:00
2946,403,soil_moisture,44.09,2025-11-07 02:00:00
2947,161,temperature,30.39,2026-01-08 05:00:00
2948,18,rainfall,999.9,2026-03-15 05:00:00
2949,89,rainfall,0.0,2026-02-27 22:00:00
2950,212,rainfall,0.0,2025-11-18 05:00:00
2951,74,rainfall,0.0,2025-10-22 11:00:00
2952,192,rainfall,42.38,2026-01-20 10:00:00
2953,72,humidity,44.95,2025-08-20 21:00:00
2954,167,temperature,35.97,2025-12-23 20:00:00
2955,185,rainfall,0.0,2026-03-04 17:00:00
2956,45,temperature,22.01,2026-02-08 23:00:00
2957,324,humidity,66.36,2026-01-25 22:00:00
2958,90,humidity,66.63,2025-08-19 08:00:00
2959,122,soil_moisture,43.89,2025-12-21 17:00:00
2960,421,humidity,53.99,2025-07-12 15:00:00
2961,135,humidity,63.24,2025-12-06 13:00:00
2962,166,humidity,58.26,2025-11-30 10:00:00
2963,212,humidity,47.02,2025-11-16 12:00:00
2964,123,rainfall,0.0,2025-11-15 15:00:00
2965,30,humidity,57.3,2025-08-20 02:00:00
2966,403,soil_moisture,39.75,2025-11-05 17:00:00
2967,309,humidity,46.22,2026-04-07 15:00:00
2968,71,soil_moisture,47.42,2025-10-02 21:00:00
2969,204,rainfall,0.0,2025-08-23 04:00:00
2970,386,rainfall,0.0,2026-04-05 08:00:00
2971,411,soil_moisture,34.66,2025-08-23 19:00:00
2972,354,humidity,60.95,2026-03-07 20:00:00
2973,354,humidity,67.69,2026-03-06 03:00:00
2974,168,humidity,71.03,2026-03-27 19:00:00
2975,324,soil_moisture,21.38,2026-01-25 06:00:00
2976,165,humidity,64.75,2025-06-30 01:00:00
2977,163,temperature,24.96,2025-07-03 10:00:00
2978,311,rainfall,39.32,2025-10-08 04:00:00
2979,177,soil_moisture,24.15,2026-03-12 01:00:00
2980,425,temperature,35.86,2025-09-09 19:00:00
2981,167,humidity,67.09,2025-12-23 22:00:00
2982,196,soil_moisture,42.68,2026-02-16 17:00:00
2983,48,humidity,40.59,2026-01-02 02:00:00
2984,5,soil_moisture,25.43,2026-04-08 03:00:00
2985,18,humidity,53.01,2026-03-15 17:00:00
2986,440,humidity,41.54,2025-07-08 22:00:00
2987,309,soil_moisture,28.41,2026-04-08 06:00:00
2988,384,temperature,26.65,2025-08-17 23:00:00
2989,235,temperature,31.67,2026-03-31 12:00:00
2990,97,rainfall,37.3,2026-02-14 23:00:00
2991,28,humidity,37.73,2025-07-09 07:00:00
2992,143,rainfall,0.0,2025-08-12 08:00:00
2993,18,rainfall,0.0,2026-03-16 09:00:00
2994,91,rainfall,0.0,2026-02-23 18:00:00
2995,4,temperature,29.27,2026-04-11 15:00:00
2996,353,temperature,22.93,2026-03-19 22:00:00
2997,437,temperature,34.19,2025-10-04 06:00:00
2998,309,humidity,47.95,2026-04-09 11:00:00
2999,308,rainfall,0.0,2025-12-28 01:00:00
3000,94,humidity,71.87,2025-09-29 11:00:00
3001,136,humidity,66.19,2025-11-10 13:00:00
3002,300,rainfall,31.05,2025-10-27 02:00:00
3003,293,humidity,48.01,2026-02-08 06:00:00
3004,343,temperature,26.23,2026-01-12 19:00:00
3005,448,rainfall,0.0,2025-12-15 12:00:00
3006,171,humidity,50.39,2026-01-17 13:00:00
3007,4,temperature,28.48,2026-04-13 05:00:00
3008,140,rainfall,30.53,2025-09-13 16:00:00
3009,137,temperature,23.39,2026-03-14 07:00:00
3010,340,soil_moisture,34.27,2025-12-26 13:00:00
3011,384,soil_moisture,25.77,2025-08-17 14:00:00
3012,133,rainfall,0.0,2025-07-03 16:00:00
3013,74,soil_moisture,44.14,2025-10-24 04:00:00
3014,185,soil_moisture,30.24,2026-03-05 06:00:00
3015,177,soil_moisture,24.66,2026-03-12 07:00:00
3016,208,temperature,28.07,2026-01-17 03:00:00
3017,161,temperature,25.98,2026-01-07 02:00:00
3018,50,rainfall,0.0,2026-03-11 01:00:00
3019,396,soil_moisture,34.5,2025-07-04 23:00:00
3020,444,rainfall,0.0,2025-12-12 06:00:00
3021,77,rainfall,-99.0,2026-03-26 20:00:00
3022,74,temperature,26.99,2025-10-22 19:00:00
3023,321,soil_moisture,39.04,2025-09-10 05:00:00
3024,134,soil_moisture,38.73,2026-01-08 18:00:00
3025,59,soil_moisture,43.7,2025-12-08 20:00:00
3026,377,temperature,34.46,2025-07-12 04:00:00
3027,411,rainfall,0.0,2025-08-24 12:00:00
3028,89,humidity,65.48,2026-02-26 03:00:00
3029,257,soil_moisture,26.42,2025-07-03 09:00:00
3030,171,temperature,31.63,2026-01-17 16:00:00
3031,448,humidity,78.81,2025-12-13 10:00:00
3032,30,humidity,50.67,2025-08-20 12:00:00
3033,226,soil_moisture,31.58,2026-04-22 13:00:00
3034,219,rainfall,0.0,2025-11-20 03:00:00
3035,50,soil_moisture,31.24,2026-03-11 20:00:00
3036,166,humidity,58.44,2025-11-29 20:00:00
3037,50,soil_moisture,32.33,2026-03-09 11:00:00
3038,277,rainfall,55.07,2025-09-12 04:00:00
3039,385,rainfall,0.0,2026-03-23 01:00:00
3040,263,soil_moisture,22.92,2025-12-22 14:00:00
3041,66,humidity,41.46,2026-01-07 15:00:00
3042,171,soil_moisture,37.46,2026-01-16 03:00:00
3043,115,temperature,28.78,2025-10-25 19:00:00
3044,255,rainfall,30.41,2025-11-02 10:00:00
3045,97,rainfall,0.0,2026-02-13 14:00:00
3046,272,temperature,25.94,2025-12-02 22:00:00
3047,444,humidity,63.72,2025-12-13 06:00:00
3048,50,humidity,37.73,2026-03-09 14:00:00
3049,385,humidity,46.9,2026-03-23 07:00:00
3050,342,temperature,21.66,2026-03-28 01:00:00
3051,222,rainfall,0.0,2025-10-15 03:00:00
3052,381,soil_moisture,47.56,2025-10-25 04:00:00
3053,16,rainfall,37.56,2025-08-19 21:00:00
3054,296,humidity,54.93,2025-08-20 06:00:00
3055,193,soil_moisture,44.66,2026-03-19 12:00:00
3056,7,humidity,51.71,2025-12-15 21:00:00
3057,160,temperature,26.13,2026-04-14 15:00:00
3058,260,humidity,67.23,2025-09-23 09:00:00
3059,61,humidity,51.07,2026-02-05 18:00:00
3060,154,temperature,32.35,2025-08-21 12:00:00
3061,197,rainfall,0.0,2026-03-15 11:00:00
3062,151,rainfall,0.0,2026-03-16 21:00:00
3063,6,temperature,29.08,2025-08-11 05:00:00
3064,126,soil_moisture,34.06,2025-08-18 10:00:00
3065,28,rainfall,0.0,2025-07-09 10:00:00
3066,431,temperature,29.37,2025-07-01 15:00:00
3067,300,rainfall,0.0,2025-10-26 23:00:00
3068,1,soil_moisture,32.88,2026-02-28 08:00:00
3069,294,humidity,43.93,2026-01-04 19:00:00
3070,223,soil_moisture,30.37,2025-12-13 21:00:00
3071,47,humidity,57.35,2025-10-04 06:00:00
3072,340,temperature,32.34,2025-12-26 06:00:00
3073,364,humidity,61.3,2025-12-20 19:00:00
3074,184,rainfall,22.9,2026-01-05 06:00:00
3075,340,rainfall,0.0,2025-12-25 15:00:00
3076,442,rainfall,0.0,2025-10-14 21:00:00
3077,7,soil_moisture,40.41,2025-12-16 10:00:00
3078,364,soil_moisture,39.07,2025-12-21 19:00:00
3079,208,soil_moisture,20.45,2026-01-17 03:00:00
3080,59,temperature,21.55,2025-12-09 04:00:00
3081,370,soil_moisture,26.32,2025-07-10 00:00:00
3082,227,soil_moisture,40.39,2025-10-16 20:00:00
3083,126,soil_moisture,31.76,2025-08-17 17:00:00
3084,342,rainfall,16.55,2026-03-29 13:00:00
3085,114,humidity,47.46,2026-04-20 07:00:00
3086,123,rainfall,45.44,2025-11-15 16:00:00
3087,449,rainfall,0.0,2025-09-15 09:00:00
3088,303,rainfall,0.0,2025-08-22 02:00:00
3089,371,humidity,56.55,2026-03-31 10:00:00
3090,272,temperature,29.63,2025-12-02 10:00:00
3091,17,temperature,28.59,2025-07-20 05:00:00
3092,159,humidity,51.41,2025-09-19 01:00:00
3093,59,soil_moisture,46.53,2025-12-10 15:00:00
3094,331,rainfall,0.0,2026-04-10 01:00:00
3095,185,rainfall,0.0,2026-03-06 06:00:00
3096,6,soil_moisture,43.98,2025-08-13 07:00:00
3097,342,temperature,22.02,2026-03-29 09:00:00
3098,255,rainfall,47.15,2025-11-02 18:00:00
3099,341,humidity,62.7,2025-11-24 22:00:00
3100,322,rainfall,0.0,2026-01-16 10:00:00
3101,263,rainfall,0.0,2025-12-23 02:00:00
3102,129,temperature,35.26,2026-04-20 20:00:00
3103,257,humidity,64.62,2025-07-03 04:00:00
3104,342,humidity,63.76,2026-03-30 10:00:00
3105,263,rainfall,0.0,2025-12-21 07:00:00
3106,294,rainfall,0.0,2026-01-04 01:00:00
3107,148,humidity,54.91,2025-12-03 15:00:00
3108,46,soil_moisture,34.1,2025-09-20 20:00:00
3109,205,humidity,73.97,2025-12-26 01:00:00
3110,411,soil_moisture,35.11,2025-08-25 06:00:00
3111,197,humidity,50.05,2026-03-16 17:00:00
3112,142,soil_moisture,35.87,2025-11-16 07:00:00
3113,396,temperature,30.73,2025-07-05 05:00:00
3114,421,soil_moisture,30.03,2025-07-13 01:00:00
3115,65,soil_moisture,45.47,2025-07-09 00:00:00
3116,94,soil_moisture,27.73,2025-09-28 10:00:00
3117,211,humidity,61.98,2026-02-02 03:00:00
3118,29,humidity,47.7,2026-01-20 13:00:00
3119,219,soil_moisture,36.95,2025-11-20 16:00:00
3120,122,rainfall,0.0,2025-12-23 17:00:00
3121,159,soil_moisture,28.67,2025-09-20 11:00:00
3122,300,temperature,28.05,2025-10-26 07:00:00
3123,309,rainfall,0.0,2026-04-08 04:00:00
3124,70,soil_moisture,31.27,2025-12-09 01:00:00
3125,90,soil_moisture,39.86,2025-08-19 10:00:00
3126,168,temperature,25.1,2026-03-27 19:00:00
3127,294,soil_moisture,25.44,2026-01-03 12:00:00
3128,437,rainfall,51.28,2025-10-04 18:00:00
3129,431,humidity,64.85,2025-07-02 19:00:00
3130,204,rainfall,0.0,2025-08-24 13:00:00
3131,205,soil_moisture,44.1,2025-12-25 01:00:00
3132,238,temperature,26.99,2025-11-26 07:00:00
3133,303,temperature,32.36,2025-08-23 01:00:00
3134,449,soil_moisture,32.92,2025-09-16 18:00:00
3135,204,soil_moisture,33.82,2025-08-25 19:00:00
3136,161,soil_moisture,39.08,2026-01-06 07:00:00
3137,178,humidity,55.77,2025-12-16 20:00:00
3138,440,temperature,29.32,2025-07-08 18:00:00
3139,385,rainfall,0.0,2026-03-22 03:00:00
3140,327,soil_moisture,39.76,2025-07-29 02:00:00
3141,364,temperature,37.61,2025-12-21 18:00:00
3142,160,rainfall,0.0,2026-04-15 02:00:00
3143,45,rainfall,50.18,2026-02-08 03:00:00
3144,389,soil_moisture,31.96,2026-03-18 08:00:00
3145,295,soil_moisture,34.15,2026-04-11 23:00:00
3146,402,temperature,32.47,2026-03-29 13:00:00
3147,292,temperature,31.2,2025-09-25 17:00:00
3148,220,humidity,45.12,2026-01-30 05:00:00
3149,219,soil_moisture,39.85,2025-11-19 13:00:00
3150,201,rainfall,0.0,2026-03-31 05:00:00
3151,318,rainfall,0.0,2026-04-04 23:00:00
3152,99,rainfall,0.0,2025-10-09 23:00:00
3153,134,humidity,45.41,2026-01-06 08:00:00
3154,424,temperature,27.59,2026-01-06 20:00:00
3155,283,humidity,46.24,2026-02-23 07:00:00
3156,29,soil_moisture,20.62,2026-01-19 06:00:00
3157,94,temperature,29.31,2025-09-29 01:00:00
3158,55,rainfall,0.0,2025-08-31 05:00:00
3159,61,rainfall,36.23,2026-02-07 05:00:00
3160,45,humidity,43.0,2026-02-09 03:00:00
3161,168,rainfall,0.0,2026-03-27 08:00:00
3162,444,temperature,25.4,2025-12-13 08:00:00
3163,115,humidity,62.79,2025-10-26 15:00:00
3164,287,temperature,23.52,2026-04-03 06:00:00
3165,192,humidity,44.12,2026-01-19 09:00:00
3166,403,rainfall,0.0,2025-11-07 18:00:00
3167,227,humidity,65.63,2025-10-16 10:00:00
3168,446,soil_moisture,45.11,2026-04-20 20:00:00
3169,354,temperature,30.19,2026-03-08 09:00:00
3170,424,temperature,25.0,2026-01-06 14:00:00
3171,151,temperature,23.83,2026-03-16 14:00:00
3172,76,humidity,65.46,2026-04-16 06:00:00
3173,157,soil_moisture,33.16,2026-01-19 16:00:00
3174,170,rainfall,0.0,2025-07-05 19:00:00
3175,326,humidity,55.57,2026-03-27 16:00:00
3176,351,rainfall,30.4,2026-02-12 10:00:00
3177,372,rainfall,0.0,2025-10-29 11:00:00
3178,44,soil_moisture,39.27,2025-10-07 03:00:00
3179,70,temperature,31.42,2025-12-10 06:00:00
3180,154,temperature,27.2,2025-08-21 11:00:00
3181,303,rainfall,50.62,2025-08-21 05:00:00
3182,55,rainfall,34.62,2025-09-01 12:00:00
3183,177,soil_moisture,25.23,2026-03-14 06:00:00
3184,205,rainfall,0.0,2025-12-24 13:00:00
3185,55,rainfall,30.01,2025-09-01 22:00:00
3186,154,humidity,63.64,2025-08-20 10:00:00
3187,444,humidity,64.4,2025-12-13 05:00:00
3188,293,soil_moisture,35.16,2026-02-08 01:00:00
3189,368,soil_moisture,27.18,2026-03-05 16:00:00
3190,364,humidity,59.2,2025-12-21 02:00:00
3191,411,humidity,64.59,2025-08-25 04:00:00
3192,177,rainfall,0.0,2026-03-12 03:00:00
3193,10,humidity,44.59,2026-03-30 04:00:00
3194,28,soil_moisture,39.68,2025-07-09 12:00:00
3195,238,rainfall,0.0,2025-11-24 23:00:00
3196,78,temperature,31.05,2025-09-25 08:00:00
3197,326,rainfall,0.0,2026-03-28 05:00:00
3198,223,soil_moisture,25.88,2025-12-14 12:00:00
3199,103,soil_moisture,27.76,2026-01-09 16:00:00
3200,437,temperature,31.63,2025-10-04 02:00:00
3201,212,soil_moisture,38.39,2025-11-18 01:00:00
3202,424,soil_moisture,35.72,2026-01-07 05:00:00
3203,117,humidity,53.08,2025-08-22 18:00:00
3204,442,rainfall,20.64,2025-10-16 14:00:00
3205,255,humidity,67.39,2025-11-03 23:00:00
3206,185,humidity,51.68,2026-03-04 09:00:00
3207,50,soil_moisture,35.33,2026-03-09 03:00:00
3208,97,humidity,57.23,2026-02-13 22:00:00
3209,46,soil_moisture,31.03,2025-09-21 05:00:00
3210,7,soil_moisture,45.35,2025-12-15 02:00:00
3211,346,temperature,30.33,2025-09-24 14:00:00
3212,268,temperature,22.72,2025-12-24 14:00:00
3213,324,rainfall,0.0,2026-01-27 02:00:00
3214,78,temperature,33.91,2025-09-26 16:00:00
3215,294,soil_moisture,25.62,2026-01-03 09:00:00
3216,273,rainfall,0.0,2026-01-07 03:00:00
3217,193,temperature,24.8,2026-03-18 02:00:00
3218,223,soil_moisture,25.09,2025-12-13 01:00:00
3219,371,soil_moisture,19.24,2026-03-30 03:00:00
3220,36,rainfall,55.75,2026-03-18 05:00:00
3221,190,temperature,22.94,2026-02-09 16:00:00
3222,72,rainfall,0.0,2025-08-20 12:00:00
3223,1,temperature,28.72,2026-03-02 05:00:00
3224,143,soil_moisture,30.37,2025-08-10 19:00:00
3225,215,soil_moisture,39.61,2026-03-16 00:00:00
3226,154,rainfall,0.0,2025-08-22 04:00:00
3227,148,humidity,56.52,2025-12-02 20:00:00
3228,6,temperature,23.96,2025-08-12 07:00:00
3229,240,soil_moisture,25.36,2026-04-21 04:00:00
3230,425,humidity,63.58,2025-09-08 16:00:00
3231,135,rainfall,60.06,2025-12-05 10:00:00
3232,167,soil_moisture,44.68,2025-12-24 19:00:00
3233,353,humidity,40.26,2026-03-18 13:00:00
3234,272,soil_moisture,48.09,2025-12-03 07:00:00
3235,72,temperature,24.35,2025-08-19 20:00:00
3236,196,soil_moisture,42.84,2026-02-15 10:00:00
3237,5,rainfall,26.34,2026-04-07 08:00:00
3238,192,temperature,28.46,2026-01-19 02:00:00
3239,43,temperature,24.05,2025-09-13 05:00:00
3240,208,soil_moisture,25.54,2026-01-16 02:00:00
3241,308,humidity,53.65,2025-12-26 05:00:00
3242,309,rainfall,56.28,2026-04-07 11:00:00
3243,411,rainfall,0.0,2025-08-24 11:00:00
3244,82,rainfall,54.94,2026-02-21 22:00:00
3245,48,temperature,29.97,2025-12-31 15:00:00
3246,293,temperature,16.53,2026-02-08 06:00:00
3247,323,humidity,61.13,2025-07-25 04:00:00
3248,1,soil_moisture,26.65,2026-02-28 05:00:00
3249,197,rainfall,0.0,2026-03-15 06:00:00
3250,7,rainfall,60.5,2025-12-16 14:00:00
3251,335,soil_moisture,43.31,2025-09-04 12:00:00
3252,396,humidity,49.16,2025-07-05 09:00:00
3253,151,humidity,56.54,2026-03-17 09:00:00
3254,13,humidity,65.59,2025-11-02 12:00:00
3255,169,temperature,27.11,2026-03-22 22:00:00
3256,146,soil_moisture,40.28,2025-08-16 12:00:00
3257,421,soil_moisture,32.71,2025-07-11 20:00:00
3258,223,soil_moisture,24.73,2025-12-15 13:00:00
3259,431,humidity,69.49,2025-07-02 05:00:00
3260,165,rainfall,32.8,2025-06-30 09:00:00
3261,99,soil_moisture,18.14,2025-10-08 21:00:00
3262,94,temperature,27.88,2025-09-28 09:00:00
3263,90,rainfall,0.0,2025-08-19 11:00:00
3264,5,temperature,29.92,2026-04-08 02:00:00
3265,180,rainfall,0.0,2025-12-24 23:00:00
3266,105,temperature,20.98,2026-01-28 04:00:00
3267,448,soil_moisture,34.23,2025-12-14 18:00:00
3268,137,temperature,23.07,2026-03-12 23:00:00
3269,389,humidity,40.64,2026-03-16 02:00:00
3270,356,soil_moisture,36.48,2025-12-13 23:00:00
3271,368,humidity,65.51,2026-03-05 01:00:00
3272,6,temperature,21.99,2025-08-11 12:00:00
3273,143,rainfall,0.0,2025-08-11 05:00:00
3274,233,humidity,59.22,2025-12-15 13:00:00
3275,71,temperature,33.6,2025-10-01 13:00:00
3276,324,soil_moisture,21.46,2026-01-26 10:00:00
3277,78,rainfall,54.14,2025-09-25 13:00:00
3278,287,soil_moisture,40.74,2026-04-05 22:00:00
3279,201,rainfall,0.0,2026-03-30 23:00:00
3280,97,soil_moisture,33.25,2026-02-15 00:00:00
3281,166,humidity,58.6,2025-11-29 11:00:00
3282,385,temperature,19.99,2026-03-23 23:00:00
3283,223,humidity,71.4,2025-12-13 20:00:00
3284,272,soil_moisture,38.12,2025-12-04 14:00:00
3285,154,temperature,33.18,2025-08-20 22:00:00
3286,201,humidity,64.45,2026-03-30 19:00:00
3287,285,temperature,24.8,2025-09-05 22:00:00
3288,129,soil_moisture,32.99,2026-04-19 11:00:00
3289,240,soil_moisture,24.63,2026-04-22 17:00:00
3290,136,soil_moisture,29.92,2025-11-12 06:00:00
3291,10,rainfall,0.0,2026-03-29 03:00:00
3292,437,rainfall,0.0,2025-10-03 23:00:00
3293,60,temperature,26.93,2026-03-06 13:00:00
3294,287,humidity,56.07,2026-04-05 00:00:00
3295,115,rainfall,0.0,2025-10-26 18:00:00
3296,226,temperature,33.93,2026-04-22 02:00:00
3297,60,rainfall,0.0,2026-03-06 08:00:00
3298,342,humidity,69.08,2026-03-29 00:00:00
3299,47,humidity,54.74,2025-10-06 00:00:00
3300,170,rainfall,0.0,2025-07-05 02:00:00
3301,190,soil_moisture,40.77,2026-02-10 05:00:00
3302,442,soil_moisture,52.06,2025-10-15 10:00:00
3303,303,temperature,29.8,2025-08-21 08:00:00
3304,210,soil_moisture,37.07,2025-11-05 02:00:00
3305,292,temperature,32.24,2025-09-25 04:00:00
3306,346,rainfall,0.0,2025-09-25 01:00:00
3307,384,humidity,51.39,2025-08-17 17:00:00
3308,9,humidity,57.4,2025-09-20 05:00:00
3309,263,rainfall,0.0,2025-12-23 03:00:00
3310,219,rainfall,0.0,2025-11-20 22:00:00
3311,285,soil_moisture,28.12,2025-09-05 06:00:00
3312,424,humidity,34.01,2026-01-07 00:00:00
3313,74,soil_moisture,41.46,2025-10-23 01:00:00
3314,229,temperature,25.73,2025-11-11 19:00:00
3315,288,humidity,62.73,2025-07-07 22:00:00
3316,24,rainfall,0.0,2026-03-05 09:00:00
3317,362,rainfall,0.0,2026-04-19 17:00:00
3318,154,humidity,77.46,2025-08-21 23:00:00
3319,260,soil_moisture,38.59,2025-09-22 01:00:00
3320,401,humidity,47.66,2025-12-11 06:00:00
3321,103,soil_moisture,22.52,2026-01-08 06:00:00
3322,372,soil_moisture,34.28,2025-10-29 20:00:00
3323,123,humidity,62.97,2025-11-15 06:00:00
3324,90,soil_moisture,41.95,2025-08-20 07:00:00
3325,323,humidity,62.49,2025-07-26 16:00:00
3326,135,rainfall,0.0,2025-12-05 23:00:00
3327,191,humidity,56.46,2026-04-07 04:00:00
3328,72,temperature,25.22,2025-08-20 02:00:00
3329,178,rainfall,56.32,2025-12-15 15:00:00
3330,382,soil_moisture,46.22,2025-08-01 01:00:00
3331,391,temperature,26.82,2025-06-27 22:00:00
3332,165,humidity,59.34,2025-07-01 13:00:00
3333,24,temperature,24.94,2026-03-05 05:00:00
3334,381,soil_moisture,48.41,2025-10-25 03:00:00
3335,55,soil_moisture,34.59,2025-09-01 06:00:00
3336,233,rainfall,0.0,2025-12-16 00:00:00
3337,163,soil_moisture,40.48,2025-07-03 18:00:00
3338,303,humidity,60.03,2025-08-23 14:00:00
3339,367,temperature,27.77,2025-11-22 23:00:00
3340,117,soil_moisture,26.52,2025-08-22 08:00:00
3341,227,temperature,32.87,2025-10-17 16:00:00
3342,47,rainfall,0.0,2025-10-06 06:00:00
3343,385,humidity,47.94,2026-03-23 00:00:00
3344,212,soil_moisture,41.41,2025-11-17 18:00:00
3345,377,soil_moisture,37.91,2025-07-11 01:00:00
3346,292,humidity,67.08,2025-09-25 09:00:00
3347,186,rainfall,36.15,2026-01-28 11:00:00
3348,425,temperature,33.91,2025-09-09 05:00:00
3349,386,rainfall,0.0,2026-04-06 05:00:00
3350,444,soil_moisture,33.66,2025-12-12 05:00:00
3351,122,humidity,66.15,2025-12-21 21:00:00
3352,428,soil_moisture,42.69,2026-02-01 04:00:00
3353,143,humidity,64.59,2025-08-10 01:00:00
3354,372,rainfall,0.0,2025-10-28 02:00:00
3355,403,humidity,55.6,2025-11-05 21:00:00
3356,411,humidity,59.77,2025-08-24 20:00:00
3357,65,rainfall,0.0,2025-07-09 06:00:00
3358,9,soil_moisture,36.84,2025-09-21 04:00:00
3359,16,temperature,23.62,2025-08-18 01:00:00
3360,60,soil_moisture,27.35,2026-03-05 05:00:00
3361,142,rainfall,0.0,2025-11-15 18:00:00
3362,326,temperature,26.35,2026-03-28 02:00:00
3363,122,temperature,27.28,2025-12-21 20:00:00
3364,440,humidity,47.24,2025-07-10 05:00:00
3365,97,temperature,30.09,2026-02-14 11:00:00
3366,55,humidity,65.73,2025-09-01 13:00:00
3367,161,humidity,47.05,2026-01-08 01:00:00
3368,123,humidity,58.23,2025-11-17 07:00:00
3369,201,soil_moisture,20.98,2026-03-30 22:00:00
3370,298,temperature,29.61,2025-09-12 01:00:00
3371,311,humidity,42.8,2025-10-08 01:00:00
3372,160,rainfall,0.0,2026-04-15 20:00:00
3373,50,humidity,41.08,2026-03-11 07:00:00
3374,140,humidity,47.24,2025-09-13 18:00:00
3375,413,rainfall,0.0,2026-01-14 05:00:00
3376,326,humidity,50.5,2026-03-26 04:00:00
3377,154,rainfall,0.0,2025-08-20 12:00:00
3378,97,rainfall,0.0,2026-02-13 20:00:00
3379,190,temperature,20.9,2026-02-10 02:00:00
3380,273,temperature,28.12,2026-01-06 20:00:00
3381,376,soil_moisture,40.03,2025-09-13 11:00:00
3382,7,rainfall,0.0,2025-12-16 03:00:00
3383,178,soil_moisture,27.2,2025-12-16 06:00:00
3384,428,rainfall,0.0,2026-01-31 11:00:00
3385,48,soil_moisture,43.8,2026-01-01 01:00:00
3386,72,humidity,42.97,2025-08-21 18:00:00
3387,428,temperature,24.14,2026-02-01 09:00:00
3388,295,temperature,23.56,2026-04-10 08:00:00
3389,235,temperature,32.66,2026-03-30 18:00:00
3390,159,temperature,29.89,2025-09-19 23:00:00
3391,283,humidity,55.55,2026-02-22 01:00:00
3392,97,soil_moisture,27.3,2026-02-14 06:00:00
3393,105,temperature,22.01,2026-01-29 05:00:00
3394,235,rainfall,0.0,2026-03-30 10:00:00
3395,99,temperature,30.98,2025-10-10 02:00:00
3396,146,temperature,23.77,2025-08-17 01:00:00
3397,353,rainfall,50.28,2026-03-19 01:00:00
3398,49,rainfall,0.0,2025-09-30 20:00:00
3399,377,soil_moisture,34.86,2025-07-11 07:00:00
3400,169,soil_moisture,44.11,2026-03-22 18:00:00
3401,43,temperature,20.71,2025-09-13 06:00:00
3402,46,temperature,32.24,2025-09-21 13:00:00
3403,32,rainfall,0.0,2025-07-26 15:00:00
3404,323,temperature,20.96,2025-07-25 22:00:00
3405,331,soil_moisture,38.8,2026-04-09 16:00:00
3406,447,humidity,54.09,2025-09-19 11:00:00
3407,170,soil_moisture,37.84,2025-07-04 19:00:00
3408,193,soil_moisture,38.35,2026-03-19 13:00:00
3409,310,temperature,29.18,2025-12-22 08:00:00
3410,419,rainfall,0.0,2025-09-26 02:00:00
3411,36,temperature,25.47,2026-03-18 03:00:00
3412,165,rainfall,0.0,2025-06-30 11:00:00
3413,431,humidity,59.02,2025-07-01 02:00:00
3414,219,soil_moisture,43.4,2025-11-19 14:00:00
3415,308,temperature,23.71,2025-12-28 06:00:00
3416,283,humidity,41.72,2026-02-23 09:00:00
3417,43,humidity,56.86,2025-09-12 23:00:00
3418,9,soil_moisture,31.8,2025-09-20 00:00:00
3419,9,humidity,59.13,2025-09-19 13:00:00
3420,148,rainfall,0.0,2025-12-03 22:00:00
3421,238,temperature,29.64,2025-11-25 00:00:00
3422,142,rainfall,0.0,2025-11-17 10:00:00
3423,73,humidity,78.25,2025-10-07 12:00:00
3424,356,soil_moisture,35.36,2025-12-14 00:00:00
3425,436,rainfall,0.0,2026-02-12 22:00:00
3426,134,temperature,29.45,2026-01-07 16:00:00
3427,128,temperature,24.41,2025-07-09 01:00:00
3428,305,soil_moisture,47.27,2025-06-27 16:00:00
3429,142,humidity,74.18,2025-11-15 07:00:00
3430,205,humidity,69.33,2025-12-26 02:00:00
3431,122,humidity,67.45,2025-12-22 03:00:00
3432,97,soil_moisture,33.98,2026-02-13 22:00:00
3433,440,humidity,42.96,2025-07-09 22:00:00
3434,77,humidity,46.67,2026-03-28 01:00:00
3435,354,rainfall,0.0,2026-03-06 03:00:00
3436,166,temperature,32.74,2025-12-01 05:00:00
3437,71,temperature,30.72,2025-10-01 20:00:00
3438,113,temperature,26.85,2025-07-28 23:00:00
3439,418,temperature,35.13,2025-09-06 17:00:00
3440,49,temperature,25.08,2025-09-30 18:00:00
3441,419,temperature,23.01,2025-09-26 03:00:00
3442,238,temperature,27.62,2025-11-24 08:00:00
3443,290,humidity,50.54,2026-02-26 09:00:00
3444,47,temperature,33.49,2025-10-05 22:00:00
3445,351,rainfall,0.0,2026-02-13 17:00:00
3446,204,soil_moisture,42.83,2025-08-24 02:00:00
3447,437,temperature,34.59,2025-10-05 05:00:00
3448,384,soil_moisture,29.19,2025-08-18 07:00:00
3449,143,humidity,62.18,2025-08-12 18:00:00
3450,115,humidity,69.04,2025-10-26 12:00:00
3451,391,soil_moisture,38.71,2025-06-26 22:00:00
3452,137,temperature,23.88,2026-03-12 20:00:00
3453,283,rainfall,0.0,2026-02-21 19:00:00
3454,122,soil_moisture,43.57,2025-12-22 09:00:00
3455,201,rainfall,0.0,2026-03-30 16:00:00
3456,323,temperature,20.58,2025-07-26 09:00:00
3457,82,humidity,40.24,2026-02-21 06:00:00
3458,238,rainfall,76.38,2025-11-25 18:00:00
3459,123,rainfall,0.0,2025-11-16 07:00:00
3460,257,rainfall,0.0,2025-07-04 08:00:00
3461,185,humidity,57.16,2026-03-04 18:00:00
3462,208,temperature,27.68,2026-01-15 09:00:00
3463,134,rainfall,0.0,2026-01-06 18:00:00
3464,418,humidity,44.88,2025-09-05 22:00:00
3465,257,temperature,32.63,2025-07-05 01:00:00
3466,66,humidity,44.24,2026-01-07 21:00:00
3467,210,soil_moisture,42.75,2025-11-06 01:00:00
3468,60,rainfall,0.0,2026-03-05 13:00:00
3469,411,soil_moisture,35.82,2025-08-23 11:00:00
3470,382,humidity,52.81,2025-07-30 21:00:00
3471,29,soil_moisture,22.5,2026-01-18 02:00:00
3472,418,humidity,50.0,2025-09-07 03:00:00
3473,16,rainfall,0.0,2025-08-19 03:00:00
3474,391,humidity,46.84,2025-06-26 01:00:00
3475,77,humidity,51.56,2026-03-26 13:00:00
3476,77,temperature,23.37,2026-03-26 09:00:00
3477,103,soil_moisture,18.87,2026-01-10 05:00:00
3478,60,rainfall,32.92,2026-03-06 12:00:00
3479,306,rainfall,0.0,2025-12-29 21:00:00
3480,128,soil_moisture,43.59,2025-07-10 17:00:00
3481,60,rainfall,0.0,2026-03-06 07:00:00
3482,76,temperature,21.5,2026-04-15 21:00:00
3483,135,humidity,66.03,2025-12-07 07:00:00
3484,425,rainfall,0.0,2025-09-09 22:00:00
3485,24,soil_moisture,35.53,2026-03-05 17:00:00
3486,105,humidity,37.8,2026-01-27 21:00:00
3487,70,soil_moisture,31.17,2025-12-09 21:00:00
3488,263,rainfall,0.0,2025-12-23 06:00:00
3489,205,rainfall,44.02,2025-12-24 06:00:00
3490,77,temperature,17.56,2026-03-27 00:00:00
3491,342,soil_moisture,32.38,2026-03-28 01:00:00
3492,125,soil_moisture,41.0,2025-11-20 22:00:00
3493,148,humidity,67.57,2025-12-03 03:00:00
3494,411,humidity,72.13,2025-08-24 07:00:00
3495,185,soil_moisture,31.84,2026-03-05 23:00:00
3496,143,soil_moisture,30.63,2025-08-12 01:00:00
3497,222,humidity,68.5,2025-10-15 14:00:00
3498,7,humidity,-273.0,2025-12-17 04:00:00
3499,140,rainfall,0.0,2025-09-12 01:00:00
3500,148,temperature,34.85,2025-12-02 19:00:00
3501,48,soil_moisture,43.66,2026-01-01 07:00:00
3502,180,temperature,24.02,2025-12-25 07:00:00
3503,381,humidity,42.13,2025-10-24 14:00:00
3504,55,rainfall,0.0,2025-08-31 16:00:00
3505,45,soil_moisture,24.27,2026-02-09 17:00:00
3506,157,soil_moisture,32.03,2026-01-21 05:00:00
3507,99,soil_moisture,25.98,2025-10-10 04:00:00
3508,82,temperature,27.19,2026-02-20 09:00:00
3509,219,soil_moisture,37.45,2025-11-19 09:00:00
3510,431,rainfall,30.01,2025-07-03 07:00:00
3511,377,humidity,39.27,2025-07-12 03:00:00
3512,65,humidity,73.75,2025-07-09 22:00:00
3513,48,rainfall,0.0,2025-12-30 22:00:00
3514,428,temperature,26.62,2026-01-31 15:00:00
3515,125,rainfall,0.0,2025-11-21 14:00:00
3516,190,humidity,36.53,2026-02-11 16:00:00
3517,114,temperature,21.73,2026-04-20 07:00:00
3518,129,temperature,33.73,2026-04-21 00:00:00
3519,32,temperature,28.79,2025-07-26 16:00:00
3520,311,soil_moisture,45.71,2025-10-07 12:00:00
3521,154,rainfall,0.0,2025-08-21 23:00:00
3522,310,temperature,28.69,2025-12-22 18:00:00
3523,140,humidity,41.4,2025-09-14 01:00:00
3524,440,rainfall,0.0,2025-07-10 06:00:00
3525,6,rainfall,0.0,2025-08-12 13:00:00
3526,382,soil_moisture,40.44,2025-07-30 02:00:00
3527,309,temperature,19.91,2026-04-08 09:00:00
3528,367,soil_moisture,36.42,2025-11-21 20:00:00
3529,140,rainfall,36.91,2025-09-13 02:00:00
3530,361,temperature,23.99,2025-10-18 19:00:00
3531,148,temperature,34.29,2025-12-02 09:00:00
3532,30,rainfall,0.0,2025-08-20 12:00:00
3533,298,humidity,50.86,2025-09-11 16:00:00
3534,113,humidity,44.57,2025-07-27 06:00:00
3535,140,soil_moisture,41.55,2025-09-12 17:00:00
3536,47,rainfall,0.0,2025-10-06 03:00:00
3537,295,rainfall,53.49,2026-04-12 16:00:00
3538,427,rainfall,29.07,2025-07-09 17:00:00
3539,123,humidity,58.83,2025-11-15 17:00:00
3540,122,humidity,72.57,2025-12-22 01:00:00
3541,413,temperature,27.35,2026-01-14 00:00:00
3542,47,humidity,52.53,2025-10-05 07:00:00
3543,396,temperature,30.03,2025-07-04 18:00:00
3544,219,soil_moisture,42.15,2025-11-20 00:00:00
3545,91,soil_moisture,39.71,2026-02-22 01:00:00
3546,305,humidity,45.16,2025-06-28 04:00:00
3547,321,rainfall,47.81,2025-09-11 05:00:00
3548,290,humidity,47.82,2026-02-26 01:00:00
3549,160,rainfall,36.62,2026-04-16 03:00:00
3550,229,temperature,29.19,2025-11-12 06:00:00
3551,17,soil_moisture,25.91,2025-07-21 10:00:00
3552,300,humidity,78.09,2025-10-27 19:00:00
3553,418,humidity,43.43,2025-09-05 12:00:00
3554,177,temperature,21.47,2026-03-12 06:00:00
3555,310,soil_moisture,35.09,2025-12-22 18:00:00
3556,427,temperature,33.3,2025-07-09 02:00:00
3557,371,temperature,31.38,2026-04-01 02:00:00
3558,147,soil_moisture,25.72,2026-03-08 16:00:00
3559,419,rainfall,0.0,2025-09-24 16:00:00
3560,424,humidity,32.91,2026-01-07 09:00:00
3561,370,rainfall,0.0,2025-07-08 12:00:00
3562,146,rainfall,0.0,2025-08-15 03:00:00
3563,353,humidity,40.58,2026-03-18 22:00:00
3564,381,humidity,47.77,2025-10-26 14:00:00
3565,427,soil_moisture,27.5,2025-07-10 01:00:00
3566,340,humidity,49.81,2025-12-25 02:00:00
3567,129,rainfall,0.0,2026-04-20 19:00:00
3568,192,humidity,45.42,2026-01-21 15:00:00
3569,305,humidity,46.08,2025-06-26 04:00:00
3570,76,rainfall,0.0,2026-04-16 22:00:00
3571,323,temperature,25.65,2025-07-26 23:00:00
3572,171,soil_moisture,38.58,2026-01-16 07:00:00
3573,321,humidity,53.79,2025-09-11 21:00:00
3574,166,rainfall,0.0,2025-11-30 06:00:00
3575,222,humidity,63.01,2025-10-17 05:00:00
3576,418,humidity,46.69,2025-09-06 17:00:00
3577,143,soil_moisture,33.69,2025-08-12 12:00:00
3578,133,humidity,68.99,2025-07-02 15:00:00
3579,122,rainfall,31.13,2025-12-21 06:00:00
3580,437,rainfall,62.06,2025-10-05 10:00:00
3581,384,soil_moisture,30.03,2025-08-16 13:00:00
3582,385,rainfall,0.0,2026-03-23 02:00:00
3583,403,rainfall,44.4,2025-11-05 23:00:00
3584,143,soil_moisture,38.18,2025-08-10 05:00:00
3585,290,rainfall,44.52,2026-02-26 00:00:00
3586,376,humidity,55.8,2025-09-14 04:00:00
3587,70,rainfall,22.42,2025-12-09 21:00:00
3588,5,temperature,33.83,2026-04-08 09:00:00
3589,1,soil_moisture,29.68,2026-02-28 12:00:00
3590,59,humidity,67.98,2025-12-08 20:00:00
3591,53,soil_moisture,26.95,2026-03-03 23:00:00
3592,260,rainfall,53.82,2025-09-22 23:00:00
3593,205,soil_moisture,44.54,2025-12-24 22:00:00
3594,448,temperature,24.17,2025-12-13 21:00:00
3595,6,soil_moisture,46.21,2025-08-11 10:00:00
3596,208,rainfall,45.06,2026-01-17 10:00:00
3597,442,soil_moisture,46.11,2025-10-14 05:00:00
3598,161,soil_moisture,31.22,2026-01-07 08:00:00
3599,45,temperature,26.96,2026-02-09 20:00:00
3600,65,temperature,23.64,2025-07-09 10:00:00
3601,226,temperature,30.8,2026-04-21 18:00:00
3602,285,temperature,28.77,2025-09-06 17:00:00
3603,197,rainfall,0.0,2026-03-15 13:00:00
3604,13,temperature,26.27,2025-11-03 08:00:00
3605,46,soil_moisture,36.75,2025-09-20 22:00:00
3606,123,humidity,53.11,2025-11-15 15:00:00
3607,4,temperature,31.74,2026-04-11 21:00:00
3608,105,soil_moisture,40.2,2026-01-27 19:00:00
3609,6,rainfall,0.0,2025-08-12 08:00:00
3610,59,temperature,21.38,2025-12-09 10:00:00
3611,427,soil_moisture,21.74,2025-07-09 11:00:00
3612,385,temperature,22.62,2026-03-22 18:00:00
3613,180,temperature,25.52,2025-12-25 05:00:00
3614,376,soil_moisture,41.21,2025-09-13 10:00:00
3615,91,temperature,20.68,2026-02-23 12:00:00
3616,24,rainfall,0.0,2026-03-04 10:00:00
3617,157,temperature,27.25,2026-01-21 05:00:00
3618,184,humidity,40.65,2026-01-05 01:00:00
3619,55,humidity,68.79,2025-08-31 20:00:00
3620,300,humidity,64.37,2025-10-25 11:00:00
3621,372,temperature,24.12,2025-10-28 03:00:00
3622,48,soil_moisture,36.53,2025-12-31 13:00:00
3623,431,temperature,27.79,2025-07-01 09:00:00
3624,385,soil_moisture,27.07,2026-03-24 15:00:00
3625,105,rainfall,0.0,2026-01-28 05:00:00
3626,418,soil_moisture,37.63,2025-09-06 20:00:00
3627,157,soil_moisture,33.08,2026-01-21 03:00:00
3628,354,humidity,67.63,2026-03-06 10:00:00
3629,211,rainfall,38.74,2026-02-03 01:00:00
3630,446,rainfall,0.0,2026-04-20 17:00:00
3631,263,soil_moisture,30.12,2025-12-21 22:00:00
3632,126,rainfall,0.0,2025-08-17 10:00:00
3633,376,humidity,47.87,2025-09-14 00:00:00
3634,260,temperature,30.57,2025-09-22 13:00:00
3635,229,rainfall,47.68,2025-11-12 22:00:00
3636,66,temperature,17.46,2026-01-07 02:00:00
3637,342,temperature,21.25,2026-03-28 14:00:00
3638,421,rainfall,0.0,2025-07-11 20:00:00
3639,449,temperature,33.38,2025-09-15 16:00:00
3640,381,humidity,36.21,2025-10-24 19:00:00
3641,263,rainfall,0.0,2025-12-21 23:00:00
3642,327,soil_moisture,44.3,2025-07-28 20:00:00
3643,17,soil_moisture,24.55,2025-07-19 23:00:00
3644,90,soil_moisture,42.38,2025-08-19 15:00:00
3645,143,temperature,34.8,2025-08-10 17:00:00
3646,140,temperature,30.72,2025-09-14 01:00:00
3647,165,rainfall,0.0,2025-07-02 07:00:00
3648,368,humidity,63.1,2026-03-04 08:00:00
3649,292,rainfall,0.0,2025-09-26 01:00:00
3650,165,temperature,21.8,2025-06-30 19:00:00
3651,157,rainfall,0.0,2026-01-20 19:00:00
3652,447,rainfall,0.0,2025-09-20 07:00:00
3653,442,humidity,43.74,2025-10-16 00:00:00
3654,263,soil_moisture,28.88,2025-12-21 13:00:00
3655,361,soil_moisture,32.28,2025-10-18 14:00:00
3656,134,humidity,54.11,2026-01-06 22:00:00
3657,240,temperature,20.7,2026-04-22 08:00:00
3658,444,soil_moisture,34.64,2025-12-12 04:00:00
3659,72,rainfall,0.0,2025-08-19 21:00:00
3660,160,temperature,26.25,2026-04-15 18:00:00
3661,323,humidity,50.64,2025-07-26 05:00:00
3662,154,temperature,35.23,2025-08-20 09:00:00
3663,105,humidity,31.14,2026-01-27 23:00:00
3664,285,rainfall,0.0,2025-09-05 17:00:00
3665,371,humidity,53.64,2026-03-31 12:00:00
3666,288,rainfall,0.0,2025-07-07 05:00:00
3667,59,rainfall,60.63,2025-12-09 01:00:00
3668,197,humidity,53.49,2026-03-16 05:00:00
3669,288,temperature,28.42,2025-07-06 05:00:00
3670,178,humidity,59.17,2025-12-15 02:00:00
3671,353,temperature,22.36,2026-03-19 14:00:00
3672,229,soil_moisture,33.47,2025-11-13 09:00:00
3673,212,humidity,47.74,2025-11-16 02:00:00
3674,97,temperature,31.59,2026-02-15 01:00:00
3675,346,temperature,31.6,2025-09-25 11:00:00
3676,53,humidity,41.41,2026-03-02 20:00:00
3677,16,soil_moisture,45.06,2025-08-18 02:00:00
3678,419,temperature,23.84,2025-09-26 05:00:00
3679,28,temperature,24.61,2025-07-09 13:00:00
3680,129,temperature,34.1,2026-04-20 05:00:00
3681,273,rainfall,0.0,2026-01-06 19:00:00
3682,377,rainfall,0.0,2025-07-12 18:00:00
3683,220,soil_moisture,17.93,2026-01-29 22:00:00
3684,367,rainfall,0.0,2025-11-22 18:00:00
3685,353,rainfall,0.0,2026-03-18 22:00:00
3686,163,humidity,43.11,2025-07-03 13:00:00
3687,330,soil_moisture,24.9,2025-10-02 17:00:00
3688,381,temperature,34.24,2025-10-24 14:00:00
3689,300,rainfall,0.0,2025-10-26 00:00:00
3690,418,soil_moisture,41.43,2025-09-06 11:00:00
3691,10,humidity,41.39,2026-03-30 11:00:00
3692,190,temperature,21.12,2026-02-09 06:00:00
3693,180,soil_moisture,37.39,2025-12-25 01:00:00
3694,140,soil_moisture,51.4,2025-09-13 05:00:00
3695,287,humidity,64.46,2026-04-04 13:00:00
3696,13,rainfall,0.0,2025-11-01 07:00:00
3697,97,rainfall,36.07,2026-02-13 13:00:00
3698,322,rainfall,31.58,2026-01-18 16:00:00
3699,192,temperature,28.61,2026-01-19 06:00:00
3700,133,rainfall,0.0,2025-07-02 01:00:00
3701,142,temperature,29.56,2025-11-17 01:00:00
3702,44,soil_moisture,31.67,2025-10-07 22:00:00
3703,157,temperature,24.87,2026-01-20 21:00:00
3704,306,rainfall,0.0,2025-12-29 06:00:00
3705,142,temperature,32.25,2025-11-15 03:00:00
3706,197,temperature,28.27,2026-03-16 20:00:00
3707,308,temperature,21.8,2025-12-26 22:00:00
3708,99,rainfall,0.0,2025-10-09 13:00:00
3709,448,rainfall,0.0,2025-12-14 07:00:00
3710,117,soil_moisture,31.59,2025-08-21 14:00:00
3711,238,rainfall,64.45,2025-11-25 03:00:00
3712,171,humidity,44.27,2026-01-17 19:00:00
3713,362,rainfall,0.0,2026-04-18 09:00:00
3714,386,humidity,71.22,2026-04-05 20:00:00
3715,178,humidity,53.15,2025-12-15 17:00:00
3716,142,temperature,28.36,2025-11-17 07:00:00
3717,113,rainfall,0.0,2025-07-27 21:00:00
3718,43,humidity,64.06,2025-09-12 16:00:00
3719,288,soil_moisture,32.4,2025-07-06 02:00:00
3720,205,soil_moisture,45.43,2025-12-26 06:00:00
3721,260,humidity,60.07,2025-09-22 23:00:00
3722,376,humidity,52.56,2025-09-14 13:00:00
3723,142,soil_moisture,40.02,2025-11-16 15:00:00
3724,308,temperature,21.24,2025-12-26 04:00:00
3725,257,soil_moisture,22.37,2025-07-05 07:00:00
3726,431,temperature,28.36,2025-07-02 06:00:00
3727,448,rainfall,0.0,2025-12-14 10:00:00
3728,212,soil_moisture,41.24,2025-11-16 12:00:00
3729,204,temperature,32.73,2025-08-24 18:00:00
3730,335,temperature,24.18,2025-09-05 07:00:00
3731,135,soil_moisture,39.69,2025-12-06 07:00:00
3732,389,soil_moisture,33.0,2026-03-18 00:00:00
3733,401,rainfall,0.0,2025-12-11 02:00:00
3734,303,soil_moisture,29.53,2025-08-23 04:00:00
3735,318,temperature,34.16,2026-04-04 17:00:00
3736,294,rainfall,0.0,2026-01-04 17:00:00
3737,287,temperature,21.95,2026-04-04 15:00:00
3738,428,rainfall,0.0,2026-01-31 09:00:00
3739,419,humidity,56.97,2025-09-24 20:00:00
3740,171,temperature,32.86,2026-01-15 23:00:00
3741,255,humidity,52.07,2025-11-04 12:00:00
3742,447,humidity,47.47,2025-09-18 08:00:00
3743,73,soil_moisture,30.3,2025-10-09 02:00:00
3744,290,rainfall,41.01,2026-02-27 05:00:00
3745,90,temperature,32.18,2025-08-19 14:00:00
3746,137,humidity,49.31,2026-03-12 19:00:00
3747,411,temperature,26.34,2025-08-23 07:00:00
3748,227,soil_moisture,42.89,2025-10-17 09:00:00
3749,99,soil_moisture,31.19,2025-10-09 00:00:00
3750,309,temperature,22.02,2026-04-08 19:00:00
3751,321,temperature,22.38,2025-09-10 22:00:00
3752,134,rainfall,0.0,2026-01-08 03:00:00
3753,402,soil_moisture,27.75,2026-03-29 06:00:00
3754,125,temperature,21.57,2025-11-20 13:00:00
3755,321,temperature,26.42,2025-09-11 15:00:00
3756,372,temperature,28.07,2025-10-28 13:00:00
3757,5,rainfall,0.0,2026-04-07 09:00:00
3758,323,humidity,56.23,2025-07-26 06:00:00
3759,427,rainfall,0.0,2025-07-10 18:00:00
3760,263,humidity,55.94,2025-12-22 15:00:00
3761,134,rainfall,47.68,2026-01-07 00:00:00
3762,59,humidity,69.13,2025-12-09 07:00:00
3763,10,soil_moisture,42.03,2026-03-28 12:00:00
3764,89,temperature,31.38,2026-02-26 17:00:00
3765,126,temperature,33.49,2025-08-18 22:00:00
3766,440,soil_moisture,39.31,2025-07-08 17:00:00
3767,36,rainfall,55.75,2026-03-18 05:00:00
3768,324,humidity,61.65,2026-01-25 21:00:00
3769,381,rainfall,0.0,2025-10-24 13:00:00
3770,177,rainfall,28.66,2026-03-12 16:00:00
3771,238,temperature,27.2,2025-11-25 02:00:00
3772,376,humidity,55.48,2025-09-14 01:00:00
3773,1,soil_moisture,31.69,2026-03-01 22:00:00
3774,391,temperature,25.66,2025-06-27 18:00:00
3775,421,humidity,47.88,2025-07-12 09:00:00
3776,356,rainfall,0.0,2025-12-13 01:00:00
3777,114,soil_moisture,27.73,2026-04-21 00:00:00
3778,72,soil_moisture,39.8,2025-08-21 12:00:00
3779,391,humidity,43.31,2025-06-27 11:00:00
3780,73,soil_moisture,30.39,2025-10-08 03:00:00
3781,340,rainfall,0.0,2025-12-25 09:00:00
3782,55,humidity,68.13,2025-08-31 02:00:00
3783,411,temperature,26.8,2025-08-24 09:00:00
3784,115,rainfall,45.01,2025-10-25 15:00:00
3785,136,rainfall,0.0,2025-11-10 03:00:00
3786,30,soil_moisture,38.54,2025-08-21 03:00:00
3787,354,rainfall,40.42,2026-03-06 21:00:00
3788,447,rainfall,47.89,2025-09-20 15:00:00
3789,419,rainfall,0.0,2025-09-25 20:00:00
3790,91,soil_moisture,39.29,2026-02-22 06:00:00
3791,180,soil_moisture,32.33,2025-12-26 09:00:00
3792,219,rainfall,0.0,2025-11-20 09:00:00
3793,371,humidity,63.78,2026-03-30 14:00:00
3794,29,soil_moisture,22.63,2026-01-19 13:00:00
3795,6,humidity,70.91,2025-08-11 14:00:00
3796,411,humidity,59.17,2025-08-23 08:00:00
3797,303,rainfall,0.0,2025-08-22 21:00:00
3798,391,soil_moisture,31.51,2025-06-27 19:00:00
3799,425,humidity,65.19,2025-09-09 08:00:00
3800,74,rainfall,0.0,2025-10-23 02:00:00
3801,137,humidity,41.89,2026-03-12 15:00:00
3802,165,rainfall,0.0,2025-06-30 10:00:00
3803,71,rainfall,0.0,2025-10-03 22:00:00
3804,361,humidity,69.2,2025-10-20 08:00:00
3805,233,soil_moisture,31.33,2025-12-15 16:00:00
3806,17,rainfall,0.0,2025-07-20 03:00:00
3807,99,humidity,44.2,2025-10-09 22:00:00
3808,46,temperature,33.33,2025-09-21 00:00:00
3809,384,humidity,48.58,2025-08-17 21:00:00
3810,4,temperature,28.56,2026-04-12 22:00:00
3811,381,rainfall,0.0,2025-10-25 15:00:00
3812,122,temperature,25.82,2025-12-22 05:00:00
3813,309,soil_moisture,25.89,2026-04-07 22:00:00
3814,105,temperature,23.05,2026-01-28 10:00:00
3815,76,soil_moisture,-99.0,2026-04-15 23:00:00
3816,295,humidity,58.42,2026-04-12 21:00:00
3817,323,humidity,55.43,2025-07-26 03:00:00
3818,65,soil_moisture,40.69,2025-07-09 02:00:00
3819,233,humidity,53.42,2025-12-14 02:00:00
3820,447,humidity,62.83,2025-09-19 13:00:00
3821,324,humidity,62.01,2026-01-25 19:00:00
3822,300,rainfall,0.0,2025-10-25 08:00:00
3823,159,humidity,41.66,2025-09-20 19:00:00
3824,201,temperature,28.97,2026-03-30 21:00:00
3825,29,temperature,35.05,2026-01-19 23:00:00
3826,113,rainfall,50.49,2025-07-27 01:00:00
3827,76,soil_moisture,25.45,2026-04-15 01:00:00
3828,233,temperature,25.3,2025-12-15 05:00:00
3829,167,rainfall,37.66,2025-12-23 17:00:00
3830,448,rainfall,32.91,2025-12-15 10:00:00
3831,376,temperature,29.54,2025-09-13 22:00:00
3832,371,humidity,59.36,2026-04-01 01:00:00
3833,442,rainfall,24.69,2025-10-15 10:00:00
3834,10,humidity,39.82,2026-03-28 21:00:00
3835,159,rainfall,0.0,2025-09-19 02:00:00
3836,129,soil_moisture,25.15,2026-04-19 10:00:00
3837,190,soil_moisture,40.66,2026-02-09 15:00:00
3838,73,temperature,33.32,2025-10-07 09:00:00
3839,295,soil_moisture,34.48,2026-04-11 08:00:00
3840,370,temperature,21.37,2025-07-09 20:00:00
3841,151,soil_moisture,30.39,2026-03-17 01:00:00
3842,324,soil_moisture,22.05,2026-01-26 13:00:00
3843,431,rainfall,0.0,2025-07-02 06:00:00
3844,418,soil_moisture,40.98,2025-09-06 18:00:00
3845,6,temperature,27.51,2025-08-11 23:00:00
3846,90,rainfall,0.0,2025-08-19 12:00:00
3847,161,rainfall,0.0,2026-01-06 13:00:00
3848,361,temperature,26.06,2025-10-18 07:00:00
3849,306,humidity,85.77,2025-12-30 11:00:00
3850,294,soil_moisture,26.96,2026-01-03 16:00:00
3851,73,temperature,34.31,2025-10-07 17:00:00
3852,382,soil_moisture,42.99,2025-07-30 08:00:00
3853,295,soil_moisture,36.15,2026-04-11 20:00:00
3854,402,humidity,59.24,2026-03-29 09:00:00
3855,424,rainfall,0.0,2026-01-05 14:00:00
3856,295,rainfall,0.0,2026-04-12 00:00:00
3857,446,soil_moisture,42.86,2026-04-20 13:00:00
3858,300,soil_moisture,41.05,2025-10-26 21:00:00
3859,55,rainfall,0.0,2025-08-31 14:00:00
3860,391,temperature,23.22,2025-06-26 06:00:00
3861,342,rainfall,0.0,2026-03-28 16:00:00
3862,260,soil_moisture,30.54,2025-09-22 14:00:00
3863,113,humidity,51.34,2025-07-28 14:00:00
3864,238,humidity,72.41,2025-11-24 10:00:00
3865,66,soil_moisture,25.0,2026-01-06 18:00:00
3866,223,rainfall,500.0,2025-12-14 23:00:00
3867,215,rainfall,0.0,2026-03-15 17:00:00
3868,449,rainfall,48.06,2025-09-15 16:00:00
3869,1,humidity,55.49,2026-03-01 18:00:00
3870,168,rainfall,31.96,2026-03-27 06:00:00
3871,233,temperature,23.37,2025-12-14 21:00:00
3872,444,soil_moisture,26.24,2025-12-11 01:00:00
3873,402,temperature,29.63,2026-03-29 03:00:00
3874,356,humidity,76.81,2025-12-13 15:00:00
3875,283,humidity,53.95,2026-02-21 13:00:00
3876,18,rainfall,0.0,2026-03-15 18:00:00
3877,240,temperature,22.12,2026-04-21 09:00:00
3878,89,humidity,69.75,2026-02-26 20:00:00
3879,135,rainfall,63.29,2025-12-06 13:00:00
3880,128,soil_moisture,42.18,2025-07-11 10:00:00
3881,295,humidity,55.14,2026-04-11 22:00:00
3882,418,rainfall,0.0,2025-09-05 03:00:00
3883,128,humidity,45.4,2025-07-09 01:00:00
3884,293,temperature,20.12,2026-02-09 03:00:00
3885,428,humidity,40.32,2026-01-31 08:00:00
3886,13,humidity,74.07,2025-11-01 02:00:00
3887,442,soil_moisture,47.36,2025-10-15 09:00:00
3888,321,temperature,24.96,2025-09-10 19:00:00
3889,277,soil_moisture,36.7,2025-09-10 10:00:00
3890,425,temperature,35.39,2025-09-08 17:00:00
3891,205,humidity,73.25,2025-12-24 18:00:00
3892,17,soil_moisture,26.07,2025-07-20 02:00:00
3893,128,temperature,20.74,2025-07-11 06:00:00
3894,446,humidity,47.75,2026-04-21 19:00:00
3895,47,humidity,57.68,2025-10-05 21:00:00
3896,257,humidity,65.72,2025-07-04 06:00:00
3897,133,humidity,68.12,2025-07-02 01:00:00
3898,448,rainfall,41.26,2025-12-13 01:00:00
3899,45,temperature,18.7,2026-02-09 02:00:00
3900,166,rainfall,0.0,2025-12-01 12:00:00
3901,36,soil_moisture,26.84,2026-03-20 01:00:00
3902,424,humidity,40.72,2026-01-05 20:00:00
3903,447,humidity,59.78,2025-09-18 04:00:00
3904,113,humidity,54.12,2025-07-28 03:00:00
3905,272,humidity,69.31,2025-12-02 01:00:00
3906,89,soil_moisture,34.43,2026-02-28 02:00:00
3907,196,humidity,59.9,2026-02-16 23:00:00
3908,402,soil_moisture,30.83,2026-03-28 21:00:00
3909,303,rainfall,0.0,2025-08-23 11:00:00
3910,99,soil_moisture,23.24,2025-10-08 15:00:00
3911,226,humidity,41.19,2026-04-21 03:00:00
3912,219,soil_moisture,37.45,2025-11-19 09:00:00
3913,240,humidity,58.71,2026-04-23 05:00:00
3914,17,humidity,46.35,2025-07-20 04:00:00
3915,167,temperature,35.66,2025-12-23 05:00:00
3916,306,rainfall,0.0,2025-12-29 17:00:00
3917,99,soil_moisture,28.18,2025-10-10 20:00:00
3918,342,rainfall,0.0,2026-03-29 04:00:00
3919,389,rainfall,0.0,2026-03-17 04:00:00
3920,201,humidity,53.6,2026-03-31 11:00:00
3921,208,humidity,50.77,2026-01-17 00:00:00
3922,73,rainfall,0.0,2025-10-07 13:00:00
3923,46,rainfall,0.0,2025-09-20 13:00:00
3924,293,humidity,43.16,2026-02-10 02:00:00
3925,165,soil_moisture,27.2,2025-07-01 01:00:00
3926,309,rainfall,0.0,2026-04-07 19:00:00
3927,76,rainfall,0.0,2026-04-16 01:00:00
3928,431,rainfall,0.0,2025-07-01 12:00:00
3929,193,temperature,27.53,2026-03-19 00:00:00
3930,97,humidity,66.27,2026-02-15 00:00:00
3931,427,temperature,32.57,2025-07-10 00:00:00
3932,331,humidity,53.23,2026-04-09 12:00:00
3933,273,temperature,25.86,2026-01-06 21:00:00
3934,440,temperature,27.8,2025-07-10 15:00:00
3935,126,humidity,57.61,2025-08-18 03:00:00
3936,136,temperature,33.42,2025-11-11 11:00:00
3937,6,temperature,25.76,2025-08-11 20:00:00
3938,424,rainfall,0.0,2026-01-05 01:00:00
3939,196,temperature,22.39,2026-02-17 13:00:00
3940,425,rainfall,55.22,2025-09-09 02:00:00
3941,60,temperature,27.25,2026-03-07 16:00:00
3942,226,rainfall,0.0,2026-04-23 21:00:00
3943,76,rainfall,0.0,2026-04-15 06:00:00
3944,147,rainfall,41.68,2026-03-09 20:00:00
3945,370,temperature,21.63,2025-07-09 19:00:00
3946,343,temperature,26.8,2026-01-14 04:00:00
3947,322,rainfall,23.13,2026-01-18 14:00:00
3948,123,soil_moisture,35.39,2025-11-15 11:00:00
3949,273,humidity,41.55,2026-01-06 13:00:00
3950,306,temperature,34.25,2025-12-30 18:00:00
3951,341,soil_moisture,38.89,2025-11-26 03:00:00
3952,296,humidity,57.77,2025-08-21 19:00:00
3953,185,temperature,30.0,2026-03-05 21:00:00
3954,76,rainfall,0.0,2026-04-16 11:00:00
3955,446,rainfall,40.07,2026-04-21 10:00:00
3956,211,humidity,60.56,2026-02-03 10:00:00
3957,227,humidity,56.58,2025-10-16 16:00:00
3958,318,humidity,46.8,2026-04-05 03:00:00
3959,233,soil_moisture,30.87,2025-12-14 06:00:00
3960,212,temperature,30.98,2025-11-17 17:00:00
3961,72,humidity,48.55,2025-08-20 05:00:00
3962,36,temperature,27.01,2026-03-20 15:00:00
3963,272,soil_moisture,42.19,2025-12-02 22:00:00
3964,290,humidity,48.04,2026-02-27 00:00:00
3965,215,temperature,19.55,2026-03-15 06:00:00
3966,36,rainfall,0.0,2026-03-18 13:00:00
3967,268,humidity,66.95,2025-12-24 22:00:00
3968,29,temperature,33.93,2026-01-18 21:00:00
3969,371,soil_moisture,25.21,2026-03-30 14:00:00
3970,389,rainfall,0.0,2026-03-17 12:00:00
3971,46,humidity,71.24,2025-09-19 13:00:00
3972,129,soil_moisture,21.34,2026-04-19 07:00:00
3973,331,temperature,22.62,2026-04-11 05:00:00
3974,446,humidity,44.18,2026-04-21 01:00:00
3975,24,humidity,49.54,2026-03-04 23:00:00
3976,201,temperature,31.15,2026-03-30 19:00:00
3977,401,humidity,56.62,2025-12-09 08:00:00
3978,431,humidity,59.02,2025-07-01 02:00:00
3979,163,soil_moisture,38.57,2025-07-05 12:00:00
3980,140,humidity,48.0,2025-09-12 20:00:00
3981,449,temperature,31.5,2025-09-17 00:00:00
3982,10,soil_moisture,39.13,2026-03-28 20:00:00
3983,377,rainfall,0.0,2025-07-13 13:00:00
3984,13,soil_moisture,40.82,2025-11-01 08:00:00
3985,126,humidity,55.03,2025-08-17 07:00:00
3986,113,rainfall,0.0,2025-07-29 17:00:00
3987,273,soil_moisture,40.65,2026-01-07 05:00:00
3988,128,rainfall,0.0,2025-07-10 05:00:00
3989,340,temperature,31.14,2025-12-25 12:00:00
3990,133,humidity,70.2,2025-07-04 03:00:00
3991,376,temperature,30.08,2025-09-13 20:00:00
3992,233,humidity,59.22,2025-12-15 13:00:00
3993,240,humidity,58.5,2026-04-23 06:00:00
3994,71,rainfall,0.0,2025-10-03 06:00:00
3995,125,soil_moisture,40.92,2025-11-21 17:00:00
3996,36,soil_moisture,33.04,2026-03-19 08:00:00
3997,326,temperature,22.22,2026-03-28 00:00:00
3998,10,rainfall,34.81,2026-03-29 09:00:00
3999,255,humidity,57.57,2025-11-03 21:00:00
4000,43,soil_moisture,37.07,2025-09-12 09:00:00
4001,282,temperature,29.96,2026-01-09 06:00:00
4002,151,soil_moisture,29.13,2026-03-16 15:00:00
4003,240,temperature,19.41,2026-04-22 13:00:00
4004,425,humidity,53.17,2025-09-09 10:00:00
4005,418,temperature,30.48,2025-09-05 02:00:00
4006,384,temperature,23.95,2025-08-18 08:00:00
4007,151,temperature,25.16,2026-03-16 06:00:00
4008,133,humidity,66.79,2025-07-03 11:00:00
4009,82,humidity,47.95,2026-02-21 03:00:00
4010,277,soil_moisture,38.91,2025-09-11 05:00:00
4011,335,soil_moisture,33.16,2025-09-05 01:00:00
4012,30,rainfall,32.49,2025-08-19 22:00:00
4013,436,temperature,30.35,2026-02-12 03:00:00
4014,55,humidity,65.89,2025-09-01 00:00:00
4015,94,humidity,78.36,2025-09-29 10:00:00
4016,436,rainfall,0.0,2026-02-12 17:00:00
4017,362,soil_moisture,21.89,2026-04-19 07:00:00
4018,282,rainfall,19.11,2026-01-09 07:00:00
4019,277,temperature,29.65,2025-09-10 19:00:00
4020,184,temperature,35.86,2026-01-06 11:00:00
4021,154,temperature,29.84,2025-08-21 16:00:00
4022,60,rainfall,36.45,2026-03-06 11:00:00
4023,135,humidity,62.27,2025-12-05 22:00:00
4024,137,humidity,44.5,2026-03-12 03:00:00
4025,17,temperature,27.32,2025-07-20 15:00:00
4026,73,humidity,78.9,2025-10-08 01:00:00
4027,168,soil_moisture,26.6,2026-03-28 11:00:00
4028,136,temperature,28.1,2025-11-12 23:00:00
4029,146,rainfall,0.0,2025-08-15 14:00:00
4030,157,humidity,39.74,2026-01-19 20:00:00
4031,16,rainfall,0.0,2025-08-19 02:00:00
4032,94,temperature,29.8,2025-09-28 03:00:00
4033,308,temperature,21.91,2025-12-27 12:00:00
4034,71,humidity,50.26,2025-10-01 09:00:00
4035,327,soil_moisture,35.93,2025-07-30 04:00:00
4036,146,rainfall,0.0,2025-08-16 00:00:00
4037,396,soil_moisture,40.87,2025-07-04 22:00:00
4038,45,rainfall,0.0,2026-02-08 12:00:00
4039,427,soil_moisture,30.96,2025-07-11 00:00:00
4040,18,soil_moisture,35.62,2026-03-16 00:00:00
4041,385,temperature,20.96,2026-03-22 21:00:00
4042,310,rainfall,29.56,2025-12-22 03:00:00
4043,169,soil_moisture,45.27,2026-03-23 02:00:00
4044,211,soil_moisture,22.05,2026-02-02 22:00:00
4045,60,humidity,44.97,2026-03-06 22:00:00
4046,65,humidity,68.76,2025-07-10 01:00:00
4047,48,soil_moisture,42.21,2025-12-31 10:00:00
4048,148,rainfall,55.49,2025-12-03 14:00:00
4049,178,temperature,34.34,2025-12-15 23:00:00
4050,184,humidity,48.74,2026-01-07 18:00:00
4051,294,rainfall,36.62,2026-01-03 01:00:00
4052,260,soil_moisture,34.85,2025-09-23 03:00:00
4053,382,temperature,20.67,2025-07-30 01:00:00
4054,212,rainfall,0.0,2025-11-18 07:00:00
4055,370,rainfall,0.0,2025-07-08 11:00:00
4056,47,humidity,62.15,2025-10-04 23:00:00
4057,293,soil_moisture,33.55,2026-02-09 10:00:00
4058,343,temperature,28.2,2026-01-13 04:00:00
4059,330,temperature,31.88,2025-10-01 13:00:00
4060,114,humidity,49.56,2026-04-20 06:00:00
4061,305,rainfall,0.0,2025-06-28 05:00:00
4062,335,humidity,60.46,2025-09-04 08:00:00
4063,327,soil_moisture,38.58,2025-07-30 07:00:00
4064,342,humidity,62.83,2026-03-30 01:00:00
4065,346,rainfall,0.0,2025-09-25 07:00:00
4066,361,temperature,26.97,2025-10-19 00:00:00
4067,60,rainfall,0.0,2026-03-06 01:00:00
4068,295,temperature,20.89,2026-04-11 14:00:00
4069,28,humidity,53.5,2025-07-11 03:00:00
4070,191,humidity,53.61,2026-04-06 14:00:00
4071,205,humidity,73.13,2025-12-25 11:00:00
4072,159,temperature,30.92,2025-09-20 01:00:00
4073,318,rainfall,0.0,2026-04-04 22:00:00
4074,74,soil_moisture,33.87,2025-10-23 21:00:00
4075,160,temperature,33.8,2026-04-14 12:00:00
4076,196,soil_moisture,45.53,2026-02-17 01:00:00
4077,70,temperature,28.97,2025-12-10 15:00:00
4078,157,rainfall,0.0,2026-01-20 07:00:00
4079,340,humidity,52.6,2025-12-25 22:00:00
4080,396,soil_moisture,31.56,2025-07-05 12:00:00
4081,340,rainfall,0.0,2025-12-25 13:00:00
4082,283,humidity,53.57,2026-02-22 00:00:00
4083,418,rainfall,50.13,2025-09-07 06:00:00
4084,24,rainfall,0.0,2026-03-04 14:00:00
4085,77,humidity,47.59,2026-03-26 08:00:00
4086,16,temperature,25.28,2025-08-19 14:00:00
4087,356,temperature,33.34,2025-12-13 09:00:00
4088,168,rainfall,34.1,2026-03-29 13:00:00
4089,376,rainfall,0.0,2025-09-14 21:00:00
4090,356,temperature,30.56,2025-12-14 06:00:00
4091,235,soil_moisture,38.54,2026-03-30 13:00:00
4092,7,soil_moisture,38.81,2025-12-15 03:00:00
4093,169,soil_moisture,44.82,2026-03-23 19:00:00
4094,215,humidity,39.36,2026-03-15 13:00:00
4095,440,soil_moisture,44.24,2025-07-08 09:00:00
4096,166,humidity,53.56,2025-11-30 11:00:00
4097,122,rainfall,36.05,2025-12-21 07:00:00
4098,137,rainfall,0.0,2026-03-14 00:00:00
4099,306,humidity,78.18,2025-12-30 17:00:00
4100,201,humidity,69.05,2026-03-30 05:00:00
4101,46,humidity,65.27,2025-09-20 17:00:00
4102,322,rainfall,0.0,2026-01-16 22:00:00
4103,385,humidity,46.66,2026-03-22 09:00:00
4104,290,temperature,25.59,2026-02-26 03:00:00
4105,288,humidity,68.39,2025-07-06 06:00:00
4106,90,temperature,34.17,2025-08-19 03:00:00
4107,115,humidity,58.06,2025-10-27 04:00:00
4108,166,temperature,31.9,2025-11-29 23:00:00
4109,309,humidity,44.91,2026-04-07 11:00:00
4110,321,rainfall,0.0,2025-09-11 07:00:00
4111,309,humidity,46.2,2026-04-09 05:00:00
4112,330,temperature,32.1,2025-10-01 16:00:00
4113,48,temperature,30.25,2025-12-31 18:00:00
4114,117,humidity,41.72,2025-08-21 05:00:00
4115,154,humidity,56.82,2025-08-20 06:00:00
4116,222,rainfall,0.0,2025-10-17 06:00:00
4117,16,humidity,64.26,2025-08-18 07:00:00
4118,361,rainfall,0.0,2025-10-19 19:00:00
4119,376,rainfall,0.0,2025-09-13 19:00:00
4120,389,rainfall,0.0,2026-03-16 08:00:00
4121,61,soil_moisture,44.05,2026-02-07 02:00:00
4122,364,soil_moisture,37.44,2025-12-21 07:00:00
4123,154,temperature,28.64,2025-08-21 10:00:00
4124,28,temperature,19.82,2025-07-10 03:00:00
4125,368,temperature,20.94,2026-03-04 17:00:00
4126,290,soil_moisture,25.3,2026-02-25 20:00:00
4127,342,humidity,71.75,2026-03-29 04:00:00
4128,105,temperature,24.83,2026-01-29 01:00:00
4129,372,humidity,65.8,2025-10-29 00:00:00
4130,16,soil_moisture,45.64,2025-08-19 06:00:00
4131,260,humidity,63.54,2025-09-21 19:00:00
4132,215,rainfall,0.0,2026-03-15 23:00:00
4133,193,temperature,28.29,2026-03-19 07:00:00
4134,44,humidity,53.1,2025-10-07 04:00:00
4135,263,humidity,62.33,2025-12-23 17:00:00
4136,440,soil_moisture,38.38,2025-07-09 11:00:00
4137,402,humidity,47.47,2026-03-30 01:00:00
4138,66,rainfall,0.0,2026-01-06 17:00:00
4139,210,temperature,33.51,2025-11-05 18:00:00
4140,6,soil_moisture,42.29,2025-08-12 02:00:00
4141,215,temperature,19.42,2026-03-15 18:00:00
4142,418,soil_moisture,40.52,2025-09-05 17:00:00
4143,55,soil_moisture,34.65,2025-09-01 08:00:00
4144,370,temperature,20.17,2025-07-10 02:00:00
4145,151,rainfall,0.0,2026-03-18 13:00:00
4146,402,soil_moisture,26.42,2026-03-29 20:00:00
4147,24,soil_moisture,39.82,2026-03-06 00:00:00
4148,151,soil_moisture,22.16,2026-03-18 03:00:00
4149,309,humidity,45.02,2026-04-07 16:00:00
4150,318,humidity,42.64,2026-04-04 09:00:00
4151,99,rainfall,0.0,2025-10-09 15:00:00
4152,327,rainfall,0.0,2025-07-28 19:00:00
4153,367,soil_moisture,40.09,2025-11-21 18:00:00
4154,205,soil_moisture,46.15,2025-12-24 08:00:00
4155,437,soil_moisture,43.73,2025-10-04 10:00:00
4156,309,temperature,21.56,2026-04-08 11:00:00
4157,354,soil_moisture,23.1,2026-03-06 11:00:00
4158,424,humidity,38.83,2026-01-07 05:00:00
4159,73,rainfall,0.0,2025-10-09 19:00:00
4160,210,humidity,65.58,2025-11-04 14:00:00
4161,341,humidity,51.13,2025-11-25 14:00:00
4162,115,rainfall,53.39,2025-10-25 08:00:00
4163,300,soil_moisture,36.74,2025-10-25 17:00:00
4164,136,soil_moisture,29.02,2025-11-11 22:00:00
4165,113,rainfall,52.62,2025-07-28 12:00:00
4166,222,temperature,29.35,2025-10-16 13:00:00
4167,18,temperature,28.71,2026-03-16 15:00:00
4168,76,temperature,22.54,2026-04-17 04:00:00
4169,381,rainfall,0.0,2025-10-25 05:00:00
4170,220,soil_moisture,19.97,2026-01-29 04:00:00
4171,240,soil_moisture,23.21,2026-04-21 01:00:00
4172,123,soil_moisture,36.01,2025-11-16 18:00:00
4173,447,temperature,19.47,2025-09-18 19:00:00
4174,94,humidity,71.44,2025-09-28 14:00:00
4175,44,humidity,54.01,2025-10-08 02:00:00
4176,396,rainfall,0.0,2025-07-04 10:00:00
4177,361,humidity,70.58,2025-10-20 06:00:00
4178,61,humidity,42.19,2026-02-05 05:00:00
4179,273,humidity,48.37,2026-01-08 08:00:00
4180,165,humidity,63.76,2025-06-30 22:00:00
4181,135,humidity,64.77,2025-12-07 02:00:00
4182,323,temperature,27.5,2025-07-26 16:00:00
4183,442,humidity,43.4,2025-10-15 22:00:00
4184,233,temperature,24.57,2025-12-15 12:00:00
4185,263,soil_moisture,31.97,2025-12-23 08:00:00
4186,353,soil_moisture,37.95,2026-03-20 03:00:00
4187,161,soil_moisture,40.17,2026-01-07 15:00:00
4188,13,soil_moisture,40.82,2025-11-01 08:00:00
4189,196,rainfall,45.5,2026-02-16 04:00:00
4190,272,soil_moisture,40.14,2025-12-03 23:00:00
4191,76,soil_moisture,28.75,2026-04-15 02:00:00
4192,29,humidity,35.11,2026-01-19 18:00:00
4193,268,soil_moisture,44.37,2025-12-24 07:00:00
4194,60,temperature,28.66,2026-03-06 10:00:00
4195,205,temperature,26.66,2025-12-24 07:00:00
4196,146,temperature,22.08,2025-08-15 02:00:00
4197,298,soil_moisture,32.16,2025-09-13 08:00:00
4198,384,humidity,50.75,2025-08-17 16:00:00
4199,342,humidity,70.61,2026-03-28 22:00:00
4200,385,soil_moisture,22.08,2026-03-24 11:00:00
4201,255,humidity,50.49,2025-11-02 01:00:00
4202,10,rainfall,0.0,2026-03-28 22:00:00
4203,226,humidity,41.84,2026-04-22 06:00:00
4204,29,humidity,33.08,2026-01-20 14:00:00
4205,29,temperature,33.84,2026-01-19 06:00:00
4206,296,humidity,51.46,2025-08-21 04:00:00
4207,36,humidity,49.98,2026-03-18 02:00:00
4208,78,temperature,27.7,2025-09-26 11:00:00
4209,204,humidity,67.03,2025-08-24 03:00:00
4210,385,rainfall,0.0,2026-03-23 06:00:00
4211,55,temperature,29.15,2025-08-31 06:00:00
4212,78,rainfall,0.0,2025-09-26 20:00:00
4213,324,humidity,58.45,2026-01-25 07:00:00
4214,298,soil_moisture,37.55,2025-09-12 09:00:00
4215,4,soil_moisture,20.56,2026-04-12 19:00:00
4216,294,temperature,30.85,2026-01-04 02:00:00
4217,191,rainfall,50.96,2026-04-07 14:00:00
4218,9,rainfall,32.61,2025-09-19 01:00:00
4219,170,temperature,29.51,2025-07-04 09:00:00
4220,147,soil_moisture,27.41,2026-03-08 09:00:00
4221,160,humidity,64.94,2026-04-15 21:00:00
4222,128,soil_moisture,43.86,2025-07-10 13:00:00
4223,318,rainfall,37.22,2026-04-04 02:00:00
4224,382,humidity,54.64,2025-07-30 15:00:00
4225,330,soil_moisture,24.45,2025-10-03 07:00:00
4226,73,soil_moisture,33.14,2025-10-09 05:00:00
4227,50,soil_moisture,32.87,2026-03-09 06:00:00
4228,277,soil_moisture,33.49,2025-09-11 17:00:00
4229,6,soil_moisture,38.79,2025-08-13 05:00:00
4230,419,temperature,22.35,2025-09-24 03:00:00
4231,193,soil_moisture,41.56,2026-03-18 08:00:00
4232,190,humidity,37.77,2026-02-11 07:00:00
4233,385,temperature,20.26,2026-03-23 00:00:00
4234,103,humidity,39.17,2026-01-08 17:00:00
4235,160,temperature,31.87,2026-04-15 17:00:00
4236,178,humidity,65.88,2025-12-15 11:00:00
4237,293,temperature,17.21,2026-02-08 23:00:00
4238,159,rainfall,0.0,2025-09-19 07:00:00
4239,305,soil_moisture,46.0,2025-06-26 18:00:00
4240,419,temperature,25.94,2025-09-25 11:00:00
4241,6,humidity,72.44,2025-08-11 10:00:00
4242,303,rainfall,0.0,2025-08-21 18:00:00
4243,126,rainfall,0.0,2025-08-18 13:00:00
4244,376,humidity,56.09,2025-09-14 09:00:00
4245,65,soil_moisture,44.44,2025-07-08 15:00:00
4246,171,rainfall,0.0,2026-01-16 16:00:00
4247,48,rainfall,50.21,2025-12-31 09:00:00
4248,306,temperature,33.02,2025-12-30 12:00:00
4249,342,soil_moisture,34.08,2026-03-28 02:00:00
4250,446,temperature,28.17,2026-04-20 19:00:00
4251,72,humidity,39.16,2025-08-21 12:00:00
4252,115,temperature,30.63,2025-10-26 12:00:00
4253,178,temperature,32.09,2025-12-15 17:00:00
4254,94,rainfall,0.0,2025-09-30 04:00:00
4255,133,humidity,60.25,2025-07-03 18:00:00
4256,76,rainfall,26.55,2026-04-16 14:00:00
4257,330,humidity,65.59,2025-10-01 19:00:00
4258,391,soil_moisture,40.12,2025-06-26 12:00:00
4259,178,temperature,30.45,2025-12-16 17:00:00
4260,318,temperature,33.14,2026-04-05 13:00:00
4261,436,humidity,62.98,2026-02-11 12:00:00
4262,122,humidity,74.6,2025-12-23 11:00:00
4263,295,rainfall,0.0,2026-04-11 11:00:00
4264,310,temperature,22.73,2025-12-22 09:00:00
4265,226,soil_moisture,41.48,2026-04-22 17:00:00
4266,94,soil_moisture,33.98,2025-09-28 20:00:00
4267,386,humidity,66.67,2026-04-05 02:00:00
4268,163,rainfall,31.64,2025-07-05 00:00:00
4269,321,humidity,61.3,2025-09-11 17:00:00
4270,114,rainfall,0.0,2026-04-19 21:00:00
4271,48,temperature,30.33,2026-01-01 03:00:00
4272,29,rainfall,12.42,2026-01-19 03:00:00
4273,126,soil_moisture,28.33,2025-08-18 02:00:00
4274,442,temperature,38.44,2025-10-14 12:00:00
4275,61,rainfall,36.79,2026-02-06 17:00:00
4276,219,humidity,76.45,2025-11-19 20:00:00
4277,418,humidity,45.49,2025-09-05 11:00:00
4278,444,humidity,63.72,2025-12-13 01:00:00
4279,377,humidity,41.91,2025-07-12 17:00:00
4280,77,temperature,20.03,2026-03-27 08:00:00
4281,354,rainfall,0.0,2026-03-06 23:00:00
4282,294,rainfall,27.03,2026-01-03 07:00:00
4283,220,rainfall,0.0,2026-01-29 13:00:00
4284,288,soil_moisture,34.9,2025-07-06 06:00:00
4285,277,humidity,72.37,2025-09-10 09:00:00
4286,424,humidity,37.53,2026-01-07 04:00:00
4287,29,humidity,45.31,2026-01-20 05:00:00
4288,391,humidity,42.25,2025-06-26 11:00:00
4289,190,rainfall,0.0,2026-02-11 10:00:00
4290,372,soil_moisture,41.3,2025-10-29 22:00:00
4291,446,rainfall,0.0,2026-04-20 03:00:00
4292,140,rainfall,0.0,2025-09-12 10:00:00
4293,368,rainfall,0.0,2026-03-04 03:00:00
4294,60,soil_moisture,25.45,2026-03-05 10:00:00
4295,444,temperature,26.4,2025-12-13 11:00:00
4296,260,humidity,54.33,2025-09-21 18:00:00
4297,185,soil_moisture,35.49,2026-03-04 06:00:00
4298,292,rainfall,0.0,2025-09-25 12:00:00
4299,90,rainfall,0.0,2025-08-19 09:00:00
4300,171,rainfall,0.0,2026-01-15 14:00:00
4301,431,soil_moisture,36.42,2025-07-01 11:00:00
4302,208,soil_moisture,18.61,2026-01-15 22:00:00
4303,446,humidity,50.98,2026-04-20 03:00:00
4304,186,humidity,64.38,2026-01-27 01:00:00
4305,308,rainfall,0.0,2025-12-26 21:00:00
4306,159,rainfall,31.37,2025-09-19 19:00:00
4307,30,soil_moisture,36.63,2025-08-20 11:00:00
4308,263,rainfall,0.0,2025-12-23 12:00:00
4309,61,humidity,45.93,2026-02-06 02:00:00
4310,403,soil_moisture,39.36,2025-11-06 04:00:00
4311,49,rainfall,0.0,2025-09-29 04:00:00
4312,9,humidity,65.41,2025-09-19 04:00:00
4313,65,temperature,26.62,2025-07-08 05:00:00
4314,376,soil_moisture,41.42,2025-09-14 18:00:00
4315,442,soil_moisture,46.2,2025-10-16 07:00:00
4316,371,rainfall,0.0,2026-03-30 11:00:00
4317,191,humidity,59.58,2026-04-07 12:00:00
4318,148,soil_moisture,47.21,2025-12-03 15:00:00
4319,114,temperature,19.67,2026-04-19 04:00:00
4320,223,temperature,25.39,2025-12-15 09:00:00
4321,424,soil_moisture,29.93,2026-01-07 04:00:00
4322,159,rainfall,0.0,2025-09-19 06:00:00
4323,115,humidity,67.46,2025-10-26 16:00:00
4324,385,soil_moisture,25.97,2026-03-24 17:00:00
4325,167,soil_moisture,45.14,2025-12-24 08:00:00
4326,440,soil_moisture,38.5,2025-07-08 10:00:00
4327,66,rainfall,0.0,2026-01-08 00:00:00
4328,184,temperature,31.74,2026-01-06 09:00:00
4329,134,soil_moisture,45.91,2026-01-06 13:00:00
4330,272,temperature,28.98,2025-12-03 04:00:00
4331,105,rainfall,0.0,2026-01-29 03:00:00
4332,382,rainfall,27.83,2025-07-31 06:00:00
4333,354,rainfall,0.0,2026-03-06 08:00:00
4334,47,soil_moisture,46.49,2025-10-04 14:00:00
4335,71,temperature,36.71,2025-10-01 10:00:00
4336,17,soil_moisture,31.08,2025-07-20 10:00:00
4337,351,soil_moisture,17.76,2026-02-13 13:00:00
4338,436,temperature,28.05,2026-02-11 17:00:00
4339,205,rainfall,39.13,2025-12-24 22:00:00
4340,114,rainfall,0.0,2026-04-19 10:00:00
4341,61,humidity,46.55,2026-02-06 01:00:00
4342,103,rainfall,0.0,2026-01-09 05:00:00
4343,318,soil_moisture,36.97,2026-04-05 13:00:00
4344,371,temperature,29.73,2026-04-01 16:00:00
4345,442,temperature,33.84,2025-10-15 15:00:00
4346,114,soil_moisture,24.76,2026-04-21 07:00:00
4347,137,humidity,48.56,2026-03-13 18:00:00
4348,364,soil_moisture,36.38,2025-12-21 04:00:00
4349,273,rainfall,0.0,2026-01-06 20:00:00
4350,137,humidity,49.31,2026-03-12 19:00:00
4351,30,soil_moisture,39.96,2025-08-20 10:00:00
4352,49,temperature,27.53,2025-09-29 17:00:00
4353,65,humidity,66.8,2025-07-09 16:00:00
4354,117,rainfall,0.0,2025-08-21 12:00:00
4355,396,soil_moisture,36.67,2025-07-05 21:00:00
4356,285,temperature,29.99,2025-09-06 22:00:00
4357,208,humidity,48.86,2026-01-17 08:00:00
4358,103,soil_moisture,24.11,2026-01-08 21:00:00
4359,351,temperature,19.54,2026-02-13 20:00:00
4360,180,soil_moisture,38.99,2025-12-24 05:00:00
4361,321,temperature,27.02,2025-09-10 09:00:00
4362,268,soil_moisture,42.42,2025-12-25 10:00:00
4363,382,rainfall,0.0,2025-07-31 02:00:00
4364,137,temperature,24.1,2026-03-12 05:00:00
4365,46,humidity,75.38,2025-09-21 04:00:00
4366,255,temperature,27.29,2025-11-02 12:00:00
4367,74,soil_moisture,41.47,2025-10-22 06:00:00
4368,427,temperature,35.72,2025-07-10 02:00:00
4369,342,rainfall,0.0,2026-03-28 19:00:00
4370,133,soil_moisture,32.2,2025-07-02 23:00:00
4371,419,rainfall,0.0,2025-09-24 13:00:00
4372,292,rainfall,0.0,2025-09-26 02:00:00
4373,74,rainfall,0.0,2025-10-22 05:00:00
4374,411,temperature,28.1,2025-08-24 21:00:00
4375,148,temperature,32.8,2025-12-03 20:00:00
4376,165,soil_moisture,32.87,2025-07-01 00:00:00
4377,99,temperature,35.63,2025-10-08 06:00:00
4378,346,soil_moisture,28.43,2025-09-24 12:00:00
4379,160,rainfall,50.31,2026-04-14 16:00:00
4380,1,soil_moisture,30.9,2026-03-01 09:00:00
4381,425,soil_moisture,33.14,2025-09-08 12:00:00
4382,1,rainfall,0.0,2026-03-01 23:00:00
4383,129,rainfall,0.0,2026-04-19 18:00:00
4384,122,rainfall,0.0,2025-12-23 02:00:00
4385,113,temperature,28.67,2025-07-28 07:00:00
4386,90,rainfall,0.0,2025-08-20 21:00:00
4387,273,temperature,26.84,2026-01-07 12:00:00
4388,318,rainfall,0.0,2026-04-05 07:00:00
4389,428,temperature,24.96,2026-01-31 10:00:00
4390,222,temperature,28.08,2025-10-17 09:00:00
4391,351,humidity,53.98,2026-02-12 08:00:00
4392,66,humidity,44.48,2026-01-08 05:00:00
4393,272,humidity,65.77,2025-12-03 11:00:00
4394,47,soil_moisture,39.22,2025-10-05 16:00:00
4395,49,rainfall,32.23,2025-09-29 14:00:00
4396,32,soil_moisture,43.05,2025-07-27 14:00:00
4397,142,rainfall,34.43,2025-11-17 11:00:00
4398,211,humidity,59.24,2026-02-03 22:00:00
4399,154,humidity,71.51,2025-08-22 01:00:00
4400,180,soil_moisture,38.32,2025-12-24 21:00:00
4401,335,rainfall,0.0,2025-09-05 10:00:00
4402,9,soil_moisture,35.68,2025-09-19 15:00:00
4403,425,soil_moisture,31.95,2025-09-09 06:00:00
4404,163,soil_moisture,41.74,2025-07-03 06:00:00
4405,220,soil_moisture,19.75,2026-01-30 21:00:00
4406,73,temperature,35.66,2025-10-08 03:00:00
4407,154,humidity,72.28,2025-08-20 08:00:00
4408,210,temperature,30.5,2025-11-05 05:00:00
4409,306,soil_moisture,36.53,2025-12-30 18:00:00
4410,327,soil_moisture,36.02,2025-07-28 14:00:00
4411,257,soil_moisture,31.16,2025-07-05 13:00:00
4412,285,rainfall,0.0,2025-09-06 15:00:00
4413,260,soil_moisture,35.02,2025-09-21 19:00:00
4414,103,humidity,50.09,2026-01-09 06:00:00
4415,43,temperature,22.43,2025-09-12 08:00:00
4416,76,rainfall,0.0,2026-04-15 10:00:00
4417,403,humidity,50.7,2025-11-06 12:00:00
4418,389,soil_moisture,33.48,2026-03-16 13:00:00
4419,351,soil_moisture,22.43,2026-02-13 15:00:00
4420,76,temperature,23.59,2026-04-15 08:00:00
4421,353,rainfall,0.0,2026-03-19 00:00:00
4422,418,temperature,32.08,2025-09-05 15:00:00
4423,167,humidity,63.27,2025-12-24 15:00:00
4424,16,soil_moisture,37.84,2025-08-18 20:00:00
4425,7,soil_moisture,41.91,2025-12-15 14:00:00
4426,168,rainfall,0.0,2026-03-29 10:00:00
4427,356,soil_moisture,31.37,2025-12-12 04:00:00
4428,171,soil_moisture,37.58,2026-01-16 11:00:00
4429,305,temperature,23.67,2025-06-26 23:00:00
4430,90,temperature,34.95,2025-08-20 18:00:00
4431,32,soil_moisture,35.18,2025-07-26 14:00:00
4432,29,soil_moisture,21.51,2026-01-18 13:00:00
4433,440,soil_moisture,40.91,2025-07-08 14:00:00
4434,66,humidity,43.08,2026-01-08 03:00:00
4435,82,humidity,43.29,2026-02-20 07:00:00
4436,447,soil_moisture,26.48,2025-09-20 06:00:00
4437,205,rainfall,0.0,2025-12-25 17:00:00
4438,371,soil_moisture,30.9,2026-03-30 04:00:00
4439,346,humidity,62.64,2025-09-24 21:00:00
4440,59,rainfall,0.0,2025-12-09 19:00:00
4441,391,humidity,45.87,2025-06-26 17:00:00
4442,135,rainfall,0.0,2025-12-06 12:00:00
4443,210,soil_moisture,46.92,2025-11-05 23:00:00
4444,401,humidity,54.7,2025-12-11 01:00:00
4445,193,temperature,26.26,2026-03-19 03:00:00
4446,285,rainfall,35.55,2025-09-06 14:00:00
4447,47,humidity,52.57,2025-10-04 07:00:00
4448,298,soil_moisture,37.67,2025-09-11 22:00:00
4449,293,soil_moisture,39.57,2026-02-08 03:00:00
4450,210,humidity,55.31,2025-11-04 03:00:00
4451,293,humidity,41.7,2026-02-08 10:00:00
4452,178,temperature,28.62,2025-12-15 02:00:00
4453,129,temperature,33.29,2026-04-20 00:00:00
4454,362,temperature,20.4,2026-04-19 16:00:00
4455,342,soil_moisture,34.56,2026-03-28 19:00:00
4456,94,temperature,27.25,2025-09-29 07:00:00
4457,146,temperature,22.14,2025-08-15 22:00:00
4458,46,humidity,67.41,2025-09-19 22:00:00
4459,180,humidity,57.65,2025-12-25 01:00:00
4460,1,rainfall,0.0,2026-03-01 14:00:00
4461,160,rainfall,0.0,2026-04-16 02:00:00
4462,340,temperature,35.65,2025-12-26 11:00:00
4463,134,rainfall,60.03,2026-01-08 02:00:00
4464,431,temperature,29.82,2025-07-02 13:00:00
4465,226,humidity,46.97,2026-04-23 05:00:00
4466,220,temperature,25.05,2026-01-30 16:00:00
4467,260,temperature,33.14,2025-09-21 09:00:00
4468,99,temperature,37.74,2025-10-09 18:00:00
4469,257,temperature,27.17,2025-07-05 04:00:00
4470,220,temperature,25.9,2026-01-29 10:00:00
4471,391,temperature,27.62,2025-06-27 14:00:00
4472,49,rainfall,0.0,2025-09-30 19:00:00
4473,361,rainfall,31.05,2025-10-20 15:00:00
4474,403,humidity,53.76,2025-11-05 23:00:00
4475,418,temperature,31.35,2025-09-06 16:00:00
4476,115,temperature,29.75,2025-10-26 11:00:00
4477,77,humidity,59.44,2026-03-27 01:00:00
4478,66,humidity,50.03,2026-01-07 00:00:00
4479,298,temperature,24.85,2025-09-13 13:00:00
4480,113,rainfall,52.3,2025-07-27 03:00:00
4481,427,humidity,58.8,2025-07-11 06:00:00
4482,431,humidity,60.7,2025-07-02 03:00:00
4483,447,humidity,56.17,2025-09-19 22:00:00
4484,402,temperature,32.92,2026-03-29 04:00:00
4485,147,rainfall,0.0,2026-03-09 05:00:00
4486,204,rainfall,0.0,2025-08-25 02:00:00
4487,18,temperature,28.75,2026-03-16 09:00:00
4488,76,soil_moisture,28.57,2026-04-16 07:00:00
4489,115,soil_moisture,36.91,2025-10-25 22:00:00
4490,444,humidity,63.15,2025-12-12 03:00:00
4491,9,rainfall,43.14,2025-09-20 03:00:00
4492,401,temperature,28.75,2025-12-09 06:00:00
4493,59,temperature,23.87,2025-12-09 12:00:00
4494,220,temperature,27.62,2026-01-30 02:00:00
4495,318,rainfall,0.0,2026-04-05 15:00:00
4496,446,soil_moisture,41.95,2026-04-21 03:00:00
4497,335,soil_moisture,42.47,2025-09-04 15:00:00
4498,114,rainfall,0.0,2026-04-19 20:00:00
4499,103,rainfall,0.0,2026-01-09 04:00:00
4500,381,humidity,49.01,2025-10-26 07:00:00
4501,6,soil_moisture,42.65,2025-08-12 01:00:00
4502,49,humidity,42.1,2025-09-30 06:00:00
4503,293,humidity,50.37,2026-02-08 08:00:00
4504,73,humidity,79.74,2025-10-08 14:00:00
4505,17,temperature,28.32,2025-07-19 18:00:00
4506,115,soil_moisture,34.25,2025-10-25 02:00:00
4507,185,humidity,56.33,2026-03-04 17:00:00
4508,105,soil_moisture,40.09,2026-01-28 02:00:00
4509,260,soil_moisture,37.21,2025-09-21 02:00:00
4510,165,rainfall,0.0,2025-07-01 04:00:00
4511,5,humidity,45.78,2026-04-08 09:00:00
4512,166,humidity,51.22,2025-11-29 15:00:00
4513,59,humidity,63.51,2025-12-08 14:00:00
4514,330,humidity,65.26,2025-10-02 15:00:00
4515,220,temperature,24.15,2026-01-29 19:00:00
4516,389,rainfall,0.0,2026-03-16 04:00:00
4517,136,soil_moisture,31.66,2025-11-10 21:00:00
4518,227,soil_moisture,41.09,2025-10-16 17:00:00
4519,32,rainfall,0.0,2025-07-27 19:00:00
4520,303,humidity,57.48,2025-08-22 20:00:00
4521,381,temperature,35.76,2025-10-25 07:00:00
4522,128,humidity,37.97,2025-07-11 03:00:00
4523,30,soil_moisture,34.44,2025-08-20 06:00:00
4524,308,temperature,25.19,2025-12-26 10:00:00
4525,389,soil_moisture,35.13,2026-03-17 19:00:00
4526,215,rainfall,21.16,2026-03-15 16:00:00
4527,142,temperature,27.44,2025-11-16 07:00:00
4528,322,temperature,22.68,2026-01-16 06:00:00
4529,428,humidity,42.89,2026-01-31 22:00:00
4530,402,humidity,55.53,2026-03-28 03:00:00
4531,201,soil_moisture,21.93,2026-03-30 09:00:00
4532,70,soil_moisture,32.95,2025-12-09 03:00:00
4533,318,temperature,32.56,2026-04-06 00:00:00
4534,61,rainfall,0.0,2026-02-07 06:00:00
4535,126,soil_moisture,28.66,2025-08-17 10:00:00
4536,418,rainfall,59.89,2025-09-07 00:00:00
4537,125,rainfall,0.0,2025-11-21 05:00:00
4538,49,temperature,26.38,2025-09-29 01:00:00
4539,70,rainfall,34.65,2025-12-10 20:00:00
4540,428,temperature,23.16,2026-02-01 10:00:00
4541,341,rainfall,52.76,2025-11-25 09:00:00
4542,159,temperature,28.02,2025-09-20 13:00:00
4543,157,rainfall,41.86,2026-01-21 08:00:00
4544,321,soil_moisture,30.07,2025-09-10 18:00:00
4545,113,soil_moisture,33.87,2025-07-27 08:00:00
4546,61,temperature,28.78,2026-02-06 01:00:00
4547,411,temperature,29.98,2025-08-23 09:00:00
4548,298,soil_moisture,37.19,2025-09-11 04:00:00
4549,117,soil_moisture,26.31,2025-08-21 03:00:00
4550,446,temperature,27.76,2026-04-20 17:00:00
4551,129,temperature,33.68,2026-04-19 12:00:00
4552,386,humidity,67.32,2026-04-04 10:00:00
4553,192,temperature,26.85,2026-01-20 12:00:00
4554,159,soil_moisture,32.3,2025-09-20 15:00:00
4555,309,rainfall,0.0,2026-04-08 05:00:00
4556,255,rainfall,0.0,2025-11-02 08:00:00
4557,260,soil_moisture,30.87,2025-09-22 22:00:00
4558,229,humidity,59.68,2025-11-11 10:00:00
4559,372,temperature,29.28,2025-10-28 10:00:00
4560,28,soil_moisture,37.55,2025-07-10 01:00:00
4561,287,humidity,51.27,2026-04-03 17:00:00
4562,287,rainfall,0.0,2026-04-04 01:00:00
4563,370,temperature,20.08,2025-07-10 05:00:00
4564,212,soil_moisture,36.46,2025-11-18 02:00:00
4565,113,humidity,37.46,2025-07-28 05:00:00
4566,240,soil_moisture,31.07,2026-04-21 22:00:00
4567,343,rainfall,58.75,2026-01-13 03:00:00
4568,70,soil_moisture,26.2,2025-12-09 12:00:00
4569,295,temperature,25.82,2026-04-12 05:00:00
4570,133,soil_moisture,36.87,2025-07-03 09:00:00
4571,263,temperature,30.98,2025-12-23 07:00:00
4572,436,humidity,70.06,2026-02-11 18:00:00
4573,342,soil_moisture,32.57,2026-03-28 09:00:00
4574,331,temperature,999.9,2026-04-09 23:00:00
4575,77,soil_moisture,22.0,2026-03-28 02:00:00
4576,326,temperature,19.98,2026-03-27 12:00:00
4577,60,humidity,46.92,2026-03-08 00:00:00
4578,123,rainfall,0.0,2025-11-16 05:00:00
4579,396,rainfall,48.32,2025-07-04 09:00:00
4580,13,temperature,27.96,2025-11-03 12:00:00
4581,419,rainfall,0.0,2025-09-24 12:00:00
4582,74,temperature,25.74,2025-10-23 12:00:00
4583,60,rainfall,0.0,2026-03-06 20:00:00
4584,148,soil_moisture,50.75,2025-12-03 10:00:00
4585,382,temperature,21.64,2025-08-01 01:00:00
4586,340,temperature,34.73,2025-12-25 06:00:00
4587,147,humidity,73.24,2026-03-10 00:00:00
4588,296,rainfall,0.0,2025-08-22 04:00:00
4589,184,humidity,36.02,2026-01-05 14:00:00
4590,170,soil_moisture,36.17,2025-07-05 07:00:00
4591,343,soil_moisture,42.18,2026-01-12 18:00:00
4592,287,temperature,20.29,2026-04-03 10:00:00
4593,368,temperature,23.17,2026-03-04 19:00:00
4594,257,humidity,61.07,2025-07-05 00:00:00
4595,196,temperature,21.23,2026-02-17 09:00:00
4596,389,rainfall,0.0,2026-03-16 21:00:00
4597,351,rainfall,0.0,2026-02-12 01:00:00
4598,160,temperature,30.29,2026-04-15 11:00:00
4599,321,temperature,23.72,2025-09-10 06:00:00
4600,293,humidity,39.45,2026-02-09 16:00:00
4601,177,humidity,54.1,2026-03-13 04:00:00
4602,311,temperature,26.22,2025-10-09 01:00:00
4603,76,humidity,70.22,2026-04-16 05:00:00
4604,167,humidity,73.67,2025-12-23 19:00:00
4605,342,humidity,67.0,2026-03-29 11:00:00
4606,268,soil_moisture,41.18,2025-12-25 04:00:00
4607,5,humidity,38.53,2026-04-07 09:00:00
4608,263,rainfall,0.0,2025-12-21 06:00:00
4609,73,humidity,76.7,2025-10-08 23:00:00
4610,191,soil_moisture,34.34,2026-04-07 17:00:00
4611,146,soil_moisture,35.97,2025-08-16 10:00:00
4612,117,soil_moisture,22.29,2025-08-22 22:00:00
4613,163,rainfall,0.0,2025-07-04 10:00:00
4614,210,temperature,29.05,2025-11-05 00:00:00
4615,186,temperature,24.66,2026-01-27 15:00:00
4616,447,humidity,57.26,2025-09-19 14:00:00
4617,447,soil_moisture,29.17,2025-09-19 00:00:00
4618,370,rainfall,0.0,2025-07-10 07:00:00
4619,292,humidity,58.57,2025-09-24 17:00:00
4620,186,soil_moisture,47.42,2026-01-27 19:00:00
4621,151,soil_moisture,24.2,2026-03-16 07:00:00
4622,354,humidity,65.43,2026-03-06 19:00:00
4623,90,rainfall,0.0,2025-08-20 00:00:00
4624,260,humidity,58.75,2025-09-23 04:00:00
4625,78,rainfall,61.58,2025-09-27 05:00:00
4626,421,rainfall,0.0,2025-07-12 17:00:00
4627,148,temperature,30.87,2025-12-04 06:00:00
4628,30,temperature,21.75,2025-08-19 14:00:00
4629,177,soil_moisture,26.82,2026-03-12 15:00:00
4630,330,temperature,32.25,2025-10-03 07:00:00
4631,376,temperature,26.36,2025-09-14 14:00:00
4632,73,rainfall,55.21,2025-10-07 23:00:00
4633,361,rainfall,0.0,2025-10-18 14:00:00
4634,425,humidity,69.44,2025-09-08 23:00:00
4635,177,soil_moisture,23.94,2026-03-12 10:00:00
4636,133,humidity,66.9,2025-07-03 04:00:00
4637,44,temperature,27.8,2025-10-08 23:00:00
4638,47,humidity,56.88,2025-10-04 10:00:00
4639,99,temperature,31.62,2025-10-08 03:00:00
4640,210,rainfall,0.0,2025-11-04 09:00:00
4641,7,soil_moisture,39.75,2025-12-16 21:00:00
4642,82,temperature,28.41,2026-02-21 11:00:00
4643,103,temperature,20.65,2026-01-08 01:00:00
4644,356,rainfall,42.65,2025-12-14 18:00:00
4645,140,soil_moisture,49.85,2025-09-13 12:00:00
4646,91,rainfall,0.0,2026-02-22 23:00:00
4647,263,humidity,49.21,2025-12-21 13:00:00
4648,117,soil_moisture,23.64,2025-08-22 06:00:00
4649,263,rainfall,0.0,2025-12-22 12:00:00
4650,36,rainfall,0.0,2026-03-18 11:00:00
4651,418,temperature,33.61,2025-09-06 01:00:00
4652,211,humidity,61.27,2026-02-03 14:00:00
4653,125,humidity,51.06,2025-11-21 06:00:00
4654,331,temperature,28.39,2026-04-11 06:00:00
4655,448,temperature,26.64,2025-12-14 04:00:00
4656,147,temperature,26.98,2026-03-10 06:00:00
4657,419,soil_moisture,28.49,2025-09-24 19:00:00
4658,82,rainfall,43.14,2026-02-20 13:00:00
4659,205,humidity,67.65,2025-12-25 17:00:00
4660,29,rainfall,26.67,2026-01-20 08:00:00
4661,306,humidity,85.14,2025-12-30 12:00:00
4662,311,humidity,47.69,2025-10-07 04:00:00
4663,386,rainfall,48.56,2026-04-05 17:00:00
4664,335,rainfall,0.0,2025-09-04 01:00:00
4665,364,rainfall,0.0,2025-12-20 22:00:00
4666,13,soil_moisture,39.99,2025-11-03 08:00:00
4667,185,rainfall,0.0,2026-03-04 16:00:00
4668,323,rainfall,0.0,2025-07-26 03:00:00
4669,308,rainfall,34.25,2025-12-26 13:00:00
4670,396,humidity,54.64,2025-07-06 16:00:00
4671,208,rainfall,0.0,2026-01-16 12:00:00
4672,47,temperature,29.7,2025-10-04 14:00:00
4673,273,rainfall,0.0,2026-01-06 17:00:00
4674,437,rainfall,0.0,2025-10-03 16:00:00
4675,190,soil_moisture,40.78,2026-02-09 16:00:00
4676,222,rainfall,38.48,2025-10-15 04:00:00
4677,137,soil_moisture,27.68,2026-03-12 19:00:00
4678,419,soil_moisture,26.42,2025-09-24 06:00:00
4679,7,temperature,32.67,2025-12-15 19:00:00
4680,308,soil_moisture,34.08,2025-12-26 02:00:00
4681,190,temperature,23.36,2026-02-09 12:00:00
4682,354,soil_moisture,30.85,2026-03-06 12:00:00
4683,255,rainfall,33.15,2025-11-03 08:00:00
4684,327,humidity,67.06,2025-07-29 00:00:00
4685,134,temperature,30.69,2026-01-07 00:00:00
4686,310,temperature,25.96,2025-12-24 06:00:00
4687,165,humidity,62.72,2025-07-02 01:00:00
4688,223,soil_moisture,24.25,2025-12-13 14:00:00
4689,220,temperature,25.79,2026-01-30 22:00:00
4690,30,temperature,21.72,2025-08-20 20:00:00
4691,16,soil_moisture,43.25,2025-08-18 18:00:00
4692,356,soil_moisture,-273.0,2025-12-13 22:00:00
4693,204,rainfall,39.8,2025-08-23 18:00:00
4694,295,humidity,52.57,2026-04-10 04:00:00
4695,384,rainfall,0.0,2025-08-17 00:00:00
4696,340,humidity,52.83,2025-12-25 01:00:00
4697,136,soil_moisture,34.73,2025-11-11 11:00:00
4698,340,soil_moisture,33.67,2025-12-27 14:00:00
4699,428,humidity,40.9,2026-01-30 04:00:00
4700,240,soil_moisture,31.07,2026-04-21 22:00:00
4701,184,temperature,32.03,2026-01-07 02:00:00
4702,7,rainfall,0.0,2025-12-16 22:00:00
4703,382,soil_moisture,43.05,2025-07-30 20:00:00
4704,148,rainfall,0.0,2025-12-03 23:00:00
4705,277,rainfall,0.0,2025-09-10 23:00:00
4706,238,humidity,75.37,2025-11-26 07:00:00
4707,298,soil_moisture,38.34,2025-09-13 02:00:00
4708,427,humidity,54.87,2025-07-09 15:00:00
4709,424,rainfall,40.98,2026-01-07 03:00:00
4710,74,temperature,27.1,2025-10-23 02:00:00
4711,113,temperature,29.22,2025-07-29 01:00:00
4712,411,humidity,66.83,2025-08-23 02:00:00
4713,5,humidity,47.22,2026-04-07 17:00:00
4714,47,temperature,33.39,2025-10-05 02:00:00
4715,140,rainfall,0.0,2025-09-13 09:00:00
4716,318,soil_moisture,46.38,2026-04-04 23:00:00
4717,60,rainfall,0.0,2026-03-05 14:00:00
4718,396,humidity,46.52,2025-07-04 06:00:00
4719,290,temperature,31.62,2026-02-26 13:00:00
4720,419,temperature,24.77,2025-09-25 09:00:00
4721,61,soil_moisture,40.14,2026-02-05 06:00:00
4722,94,temperature,31.06,2025-09-29 18:00:00
4723,167,rainfall,0.0,2025-12-25 08:00:00
4724,17,soil_moisture,21.57,2025-07-20 06:00:00
4725,322,rainfall,0.0,2026-01-17 01:00:00
4726,191,humidity,51.83,2026-04-06 23:00:00
4727,331,rainfall,28.68,2026-04-10 10:00:00
4728,295,soil_moisture,36.59,2026-04-11 19:00:00
4729,1,temperature,26.53,2026-03-01 23:00:00
4730,45,soil_moisture,28.13,2026-02-09 18:00:00
4731,135,soil_moisture,39.02,2025-12-06 15:00:00
4732,448,soil_moisture,27.65,2025-12-13 07:00:00
4733,74,soil_moisture,43.19,2025-10-23 10:00:00
4734,184,soil_moisture,26.92,2026-01-05 07:00:00
4735,361,humidity,67.64,2025-10-20 16:00:00
4736,163,rainfall,24.55,2025-07-05 19:00:00
4737,238,rainfall,63.4,2025-11-25 15:00:00
4738,229,soil_moisture,34.05,2025-11-12 11:00:00
4739,361,soil_moisture,24.15,2025-10-18 11:00:00
4740,447,rainfall,0.0,2025-09-20 07:00:00
4741,446,temperature,24.47,2026-04-20 14:00:00
4742,437,humidity,57.9,2025-10-04 21:00:00
4743,447,temperature,24.21,2025-09-18 22:00:00
4744,229,temperature,30.42,2025-11-12 05:00:00
4745,165,soil_moisture,23.64,2025-07-01 21:00:00
4746,211,soil_moisture,15.43,2026-02-03 00:00:00
4747,205,rainfall,0.0,2025-12-26 03:00:00
4748,1,temperature,25.95,2026-03-02 11:00:00
4749,201,rainfall,0.0,2026-03-31 12:00:00
4750,47,humidity,61.75,2025-10-05 05:00:00
4751,437,humidity,62.52,2025-10-05 07:00:00
4752,364,humidity,73.43,2025-12-21 12:00:00
4753,201,temperature,27.77,2026-03-31 18:00:00
4754,170,soil_moisture,41.27,2025-07-04 04:00:00
4755,385,temperature,21.12,2026-03-22 03:00:00
4756,342,soil_moisture,33.98,2026-03-29 18:00:00
4757,402,humidity,54.05,2026-03-28 18:00:00
4758,425,humidity,59.17,2025-09-08 13:00:00
4759,49,rainfall,0.0,2025-09-30 03:00:00
4760,167,temperature,36.09,2025-12-23 11:00:00
4761,306,humidity,75.26,2025-12-30 07:00:00
4762,277,temperature,30.31,2025-09-10 22:00:00
4763,310,rainfall,0.0,2025-12-23 01:00:00
4764,272,temperature,29.67,2025-12-04 00:00:00
4765,163,rainfall,0.0,2025-07-03 06:00:00
4766,382,temperature,20.98,2025-07-31 18:00:00
4767,418,soil_moisture,44.29,2025-09-06 19:00:00
4768,411,temperature,27.77,2025-08-24 06:00:00
4769,60,soil_moisture,27.13,2026-03-06 03:00:00
4770,169,temperature,30.96,2026-03-24 00:00:00
4771,10,temperature,26.39,2026-03-29 10:00:00
4772,233,humidity,46.14,2025-12-15 18:00:00
4773,192,soil_moisture,27.85,2026-01-20 06:00:00
4774,382,rainfall,0.0,2025-07-31 22:00:00
4775,260,rainfall,0.0,2025-09-22 12:00:00
4776,76,soil_moisture,25.14,2026-04-15 15:00:00
4777,18,temperature,28.29,2026-03-15 10:00:00
4778,367,soil_moisture,43.55,2025-11-22 09:00:00
4779,268,temperature,26.67,2025-12-23 08:00:00
4780,66,temperature,22.18,2026-01-07 15:00:00
4781,165,humidity,70.84,2025-06-30 14:00:00
4782,49,humidity,44.35,2025-09-29 10:00:00
4783,226,rainfall,58.79,2026-04-23 11:00:00
4784,403,temperature,31.85,2025-11-06 19:00:00
4785,126,soil_moisture,33.27,2025-08-17 07:00:00
4786,7,humidity,55.33,2025-12-17 05:00:00
4787,30,soil_moisture,37.24,2025-08-19 02:00:00
4788,159,humidity,45.81,2025-09-19 20:00:00
4789,137,rainfall,0.0,2026-03-14 05:00:00
4790,163,soil_moisture,41.26,2025-07-04 20:00:00
4791,396,humidity,48.57,2025-07-04 14:00:00
4792,166,rainfall,0.0,2025-11-30 23:00:00
4793,318,soil_moisture,41.99,2026-04-04 17:00:00
4794,227,rainfall,0.0,2025-10-18 02:00:00
4795,161,temperature,30.39,2026-01-08 05:00:00
4796,413,soil_moisture,49.64,2026-01-13 13:00:00
4797,53,temperature,20.47,2026-03-02 15:00:00
4798,310,temperature,22.5,2025-12-22 20:00:00
4799,113,humidity,48.63,2025-07-29 03:00:00
4800,277,humidity,74.94,2025-09-10 20:00:00
4801,263,rainfall,0.0,2025-12-21 16:00:00
4802,50,soil_moisture,28.96,2026-03-10 20:00:00
4803,105,soil_moisture,39.0,2026-01-29 00:00:00
4804,125,rainfall,0.0,2025-11-22 10:00:00
4805,364,soil_moisture,40.2,2025-12-20 04:00:00
4806,255,humidity,46.71,2025-11-02 23:00:00
4807,169,soil_moisture,40.23,2026-03-23 06:00:00
4808,235,temperature,29.75,2026-03-30 23:00:00
4809,448,temperature,23.37,2025-12-14 02:00:00
4810,377,temperature,32.51,2025-07-12 13:00:00
4811,70,soil_moisture,31.35,2025-12-10 19:00:00
4812,66,humidity,48.27,2026-01-06 11:00:00
4813,287,rainfall,0.0,2026-04-04 17:00:00
4814,17,humidity,41.32,2025-07-20 13:00:00
4815,368,rainfall,0.0,2026-03-04 02:00:00
4816,233,soil_moisture,32.95,2025-12-15 06:00:00
4817,342,rainfall,0.0,2026-03-28 11:00:00
4818,211,temperature,23.99,2026-02-02 19:00:00
4819,91,rainfall,0.0,2026-02-23 04:00:00
4820,210,temperature,32.15,2025-11-06 08:00:00
4821,18,soil_moisture,39.65,2026-03-15 12:00:00
4822,210,rainfall,33.92,2025-11-05 16:00:00
4823,16,rainfall,41.97,2025-08-18 22:00:00
4824,285,temperature,28.42,2025-09-05 05:00:00
4825,442,temperature,33.81,2025-10-14 16:00:00
4826,71,rainfall,0.0,2025-10-02 06:00:00
4827,136,temperature,31.64,2025-11-10 04:00:00
4828,322,humidity,56.76,2026-01-17 09:00:00
4829,190,temperature,17.17,2026-02-10 04:00:00
4830,356,humidity,79.82,2025-12-14 03:00:00
4831,294,temperature,29.82,2026-01-04 17:00:00
4832,330,soil_moisture,28.02,2025-10-02 13:00:00
4833,285,rainfall,0.0,2025-09-06 05:00:00
4834,17,humidity,51.71,2025-07-20 05:00:00
4835,161,temperature,27.81,2026-01-08 16:00:00
4836,146,rainfall,26.7,2025-08-15 17:00:00
4837,17,temperature,29.22,2025-07-20 20:00:00
4838,273,temperature,24.49,2026-01-08 00:00:00
4839,425,soil_moisture,34.01,2025-09-09 01:00:00
4840,298,rainfall,0.0,2025-09-12 04:00:00
4841,191,soil_moisture,32.83,2026-04-07 16:00:00
4842,125,rainfall,57.87,2025-11-20 06:00:00
4843,287,temperature,21.95,2026-04-03 22:00:00
4844,167,rainfall,0.0,2025-12-24 18:00:00
4845,17,rainfall,0.0,2025-07-19 16:00:00
4846,24,soil_moisture,31.32,2026-03-04 20:00:00
4847,28,rainfall,0.0,2025-07-10 05:00:00
4848,385,soil_moisture,31.4,2026-03-22 17:00:00
4849,208,rainfall,0.0,2026-01-17 06:00:00
4850,76,humidity,69.15,2026-04-15 05:00:00
4851,306,soil_moisture,41.22,2025-12-30 21:00:00
4852,421,humidity,53.9,2025-07-11 08:00:00
4853,191,temperature,30.23,2026-04-07 01:00:00
4854,364,rainfall,0.0,2025-12-20 18:00:00
4855,5,temperature,34.27,2026-04-07 23:00:00
4856,74,rainfall,65.47,2025-10-24 01:00:00
4857,431,soil_moisture,35.83,2025-07-02 08:00:00
4858,166,soil_moisture,27.35,2025-11-30 15:00:00
4859,133,rainfall,0.0,2025-07-02 02:00:00
4860,402,humidity,56.7,2026-03-29 03:00:00
4861,133,soil_moisture,31.19,2025-07-03 07:00:00
4862,303,humidity,56.33,2025-08-22 17:00:00
4863,7,humidity,62.97,2025-12-15 09:00:00
4864,45,temperature,22.94,2026-02-09 12:00:00
4865,94,temperature,27.29,2025-09-28 15:00:00
4866,343,humidity,55.86,2026-01-13 05:00:00
4867,427,humidity,52.19,2025-07-10 18:00:00
4868,305,rainfall,36.89,2025-06-26 08:00:00
4869,293,rainfall,46.02,2026-02-09 04:00:00
4870,151,soil_moisture,23.77,2026-03-18 04:00:00
4871,76,rainfall,0.0,2026-04-15 20:00:00
4872,367,humidity,45.71,2025-11-21 07:00:00
4873,223,temperature,26.14,2025-12-14 23:00:00
4874,193,temperature,28.91,2026-03-18 23:00:00
4875,191,humidity,58.18,2026-04-07 13:00:00
4876,300,rainfall,48.11,2025-10-27 09:00:00
4877,293,temperature,22.73,2026-02-08 21:00:00
4878,5,rainfall,0.0,2026-04-08 03:00:00
4879,343,rainfall,0.0,2026-01-14 01:00:00
4880,72,rainfall,0.0,2025-08-19 07:00:00
4881,310,rainfall,25.06,2025-12-22 15:00:00
4882,73,temperature,35.86,2025-10-07 20:00:00
4883,330,soil_moisture,22.74,2025-10-02 12:00:00
4884,437,soil_moisture,39.77,2025-10-03 23:00:00
4885,196,humidity,60.94,2026-02-16 22:00:00
4886,59,humidity,59.44,2025-12-08 22:00:00
4887,73,temperature,37.08,2025-10-07 21:00:00
4888,29,soil_moisture,22.9,2026-01-18 14:00:00
4889,166,temperature,29.79,2025-11-29 15:00:00
4890,105,temperature,23.61,2026-01-28 20:00:00
4891,227,humidity,77.1,2025-10-16 19:00:00
4892,142,humidity,71.62,2025-11-15 16:00:00
4893,288,soil_moisture,33.71,2025-07-06 05:00:00
4894,327,rainfall,0.0,2025-07-28 18:00:00
4895,157,humidity,30.38,2026-01-20 15:00:00
4896,126,soil_moisture,23.87,2025-08-17 08:00:00
4897,255,soil_moisture,46.49,2025-11-04 15:00:00
4898,382,humidity,48.86,2025-07-31 08:00:00
4899,55,temperature,34.98,2025-08-31 14:00:00
4900,413,rainfall,0.0,2026-01-13 23:00:00
4901,220,temperature,28.75,2026-01-29 07:00:00
4902,425,temperature,36.24,2025-09-09 18:00:00
4903,219,temperature,23.63,2025-11-20 06:00:00
4904,212,humidity,49.87,2025-11-17 04:00:00
4905,446,temperature,24.69,2026-04-20 23:00:00
4906,66,temperature,21.31,2026-01-07 20:00:00
4907,201,rainfall,0.0,2026-04-01 04:00:00
4908,326,humidity,44.99,2026-03-27 03:00:00
4909,295,temperature,21.66,2026-04-10 03:00:00
4910,447,humidity,60.04,2025-09-18 16:00:00
4911,235,humidity,52.75,2026-03-31 07:00:00
4912,6,soil_moisture,46.29,2025-08-11 20:00:00
4913,208,humidity,48.16,2026-01-15 15:00:00
4914,382,soil_moisture,42.06,2025-07-31 21:00:00
4915,47,humidity,48.77,2025-10-04 02:00:00
4916,364,soil_moisture,40.12,2025-12-20 18:00:00
4917,184,soil_moisture,29.99,2026-01-07 00:00:00
4918,283,soil_moisture,44.98,2026-02-23 22:00:00
4919,219,humidity,73.4,2025-11-21 02:00:00
4920,364,soil_moisture,38.92,2025-12-22 02:00:00
4921,427,soil_moisture,23.9,2025-07-11 21:00:00
4922,18,temperature,24.74,2026-03-15 14:00:00
4923,171,humidity,48.64,2026-01-16 16:00:00
4924,161,humidity,42.47,2026-01-06 21:00:00
4925,372,soil_moisture,38.27,2025-10-28 06:00:00
4926,10,soil_moisture,40.71,2026-03-30 09:00:00
4927,137,humidity,48.43,2026-03-13 09:00:00
4928,226,temperature,30.57,2026-04-21 11:00:00
4929,233,temperature,26.82,2025-12-15 15:00:00
4930,233,soil_moisture,31.0,2025-12-14 09:00:00
4931,222,temperature,30.45,2025-10-17 12:00:00
4932,73,rainfall,51.22,2025-10-07 20:00:00
4933,293,humidity,49.35,2026-02-09 21:00:00
4934,205,humidity,67.33,2025-12-26 03:00:00
4935,49,soil_moisture,33.29,2025-09-30 20:00:00
4936,125,temperature,22.11,2025-11-22 03:00:00
4937,385,humidity,56.82,2026-03-23 10:00:00
4938,168,rainfall,0.0,2026-03-29 19:00:00
4939,148,rainfall,0.0,2025-12-03 20:00:00
4940,376,rainfall,0.0,2025-09-14 04:00:00
4941,300,rainfall,0.0,2025-10-26 08:00:00
4942,421,soil_moisture,27.56,2025-07-12 10:00:00
4943,142,humidity,66.14,2025-11-15 11:00:00
4944,36,soil_moisture,27.6,2026-03-20 00:00:00
4945,385,rainfall,0.0,2026-03-23 20:00:00
4946,303,humidity,64.32,2025-08-22 06:00:00
4947,73,temperature,33.63,2025-10-07 08:00:00
4948,49,temperature,28.36,2025-10-01 01:00:00
4949,311,soil_moisture,42.49,2025-10-09 04:00:00
4950,197,temperature,31.1,2026-03-16 02:00:00
4951,9,humidity,63.91,2025-09-21 08:00:00
4952,159,humidity,44.82,2025-09-20 05:00:00
4953,322,temperature,21.04,2026-01-16 04:00:00
4954,340,temperature,32.6,2025-12-27 02:00:00
4955,44,rainfall,33.79,2025-10-06 08:00:00
4956,273,soil_moisture,35.67,2026-01-06 16:00:00
4957,55,humidity,59.65,2025-08-31 21:00:00
4958,134,temperature,31.79,2026-01-07 09:00:00
4959,335,soil_moisture,44.6,2025-09-03 08:00:00
4960,372,soil_moisture,38.55,2025-10-29 23:00:00
4961,305,soil_moisture,40.6,2025-06-27 21:00:00
4962,36,temperature,21.71,2026-03-20 09:00:00
4963,255,soil_moisture,42.53,2025-11-02 17:00:00
4964,59,rainfall,0.0,2025-12-10 18:00:00
4965,210,humidity,69.41,2025-11-04 21:00:00
4966,361,temperature,22.52,2025-10-19 18:00:00
4967,294,humidity,38.81,2026-01-04 20:00:00
4968,178,humidity,63.28,2025-12-15 12:00:00
4969,257,soil_moisture,27.35,2025-07-04 01:00:00
4970,185,temperature,28.31,2026-03-04 21:00:00
4971,136,soil_moisture,31.01,2025-11-10 12:00:00
4972,126,rainfall,0.0,2025-08-17 14:00:00
4973,427,rainfall,0.0,2025-07-09 02:00:00
4974,89,humidity,65.34,2026-02-28 06:00:00
4975,240,rainfall,50.09,2026-04-22 23:00:00
4976,24,rainfall,0.0,2026-03-05 16:00:00
4977,421,humidity,48.43,2025-07-13 00:00:00
4978,442,humidity,47.72,2025-10-15 20:00:00
4979,362,humidity,57.46,2026-04-17 02:00:00
4980,134,soil_moisture,39.09,2026-01-06 04:00:00
4981,324,temperature,26.52,2026-01-25 11:00:00
4982,167,temperature,33.72,2025-12-23 22:00:00
4983,70,soil_moisture,26.47,2025-12-09 02:00:00
4984,226,soil_moisture,37.14,2026-04-21 07:00:00
4985,292,temperature,30.32,2025-09-24 22:00:00
4986,431,humidity,56.87,2025-07-02 04:00:00
4987,151,temperature,28.73,2026-03-18 12:00:00
4988,364,soil_moisture,34.17,2025-12-21 08:00:00
4989,370,humidity,999.9,2025-07-09 21:00:00
4990,60,humidity,45.92,2026-03-05 18:00:00
4991,411,humidity,58.64,2025-08-24 09:00:00
4992,292,soil_moisture,43.89,2025-09-25 14:00:00
4993,402,soil_moisture,26.67,2026-03-28 15:00:00
4994,134,temperature,32.46,2026-01-08 00:00:00
4995,272,rainfall,0.0,2025-12-03 15:00:00
4996,177,rainfall,33.84,2026-03-13 02:00:00
4997,1,rainfall,0.0,2026-03-01 01:00:00
4998,205,temperature,24.02,2025-12-25 17:00:00
4999,16,soil_moisture,39.61,2025-08-18 12:00:00
5000,226,humidity,38.05,2026-04-22 16:00:00
5001,382,humidity,42.98,2025-07-31 21:00:00
5002,77,rainfall,31.04,2026-03-28 07:00:00
5003,148,temperature,32.27,2025-12-03 17:00:00
5004,24,soil_moisture,31.84,2026-03-04 19:00:00
5005,166,rainfall,0.0,2025-11-29 15:00:00
5006,436,humidity,70.14,2026-02-12 09:00:00
5007,293,rainfall,41.55,2026-02-08 23:00:00
5008,157,rainfall,0.0,2026-01-19 21:00:00
5009,361,soil_moisture,26.13,2025-10-20 09:00:00
5010,192,rainfall,40.92,2026-01-19 07:00:00
5011,197,temperature,29.24,2026-03-16 17:00:00
5012,10,soil_moisture,41.13,2026-03-28 23:00:00
5013,331,temperature,24.97,2026-04-09 13:00:00
5014,424,temperature,23.77,2026-01-07 11:00:00
5015,171,temperature,27.34,2026-01-15 20:00:00
5016,205,rainfall,44.12,2025-12-25 07:00:00
5017,391,rainfall,0.0,2025-06-27 19:00:00
5018,74,soil_moisture,36.08,2025-10-23 12:00:00
5019,342,rainfall,0.0,2026-03-29 10:00:00
5020,47,soil_moisture,43.7,2025-10-06 08:00:00
5021,362,humidity,56.6,2026-04-17 20:00:00
5022,115,temperature,31.27,2025-10-26 08:00:00
5023,215,soil_moisture,35.82,2026-03-15 16:00:00
5024,10,soil_moisture,40.4,2026-03-28 10:00:00
5025,146,rainfall,0.0,2025-08-15 01:00:00
5026,285,soil_moisture,29.48,2025-09-05 02:00:00
5027,208,soil_moisture,18.35,2026-01-15 06:00:00
5028,205,soil_moisture,46.73,2025-12-26 09:00:00
5029,89,temperature,32.4,2026-02-26 08:00:00
5030,17,humidity,52.55,2025-07-19 09:00:00
5031,36,temperature,27.24,2026-03-20 04:00:00
5032,160,humidity,67.47,2026-04-15 17:00:00
5033,103,soil_moisture,24.56,2026-01-10 03:00:00
5034,335,soil_moisture,38.16,2025-09-04 16:00:00
5035,4,temperature,31.4,2026-04-12 01:00:00
5036,45,humidity,41.07,2026-02-08 13:00:00
5037,381,soil_moisture,45.27,2025-10-24 05:00:00
5038,343,humidity,63.59,2026-01-12 05:00:00
5039,113,rainfall,0.0,2025-07-27 10:00:00
5040,288,humidity,70.96,2025-07-07 04:00:00
5041,233,soil_moisture,30.02,2025-12-14 01:00:00
5042,151,soil_moisture,26.36,2026-03-18 01:00:00
5043,18,humidity,51.43,2026-03-17 02:00:00
5044,263,temperature,23.94,2025-12-21 01:00:00
5045,168,rainfall,0.0,2026-03-28 12:00:00
5046,32,soil_moisture,36.14,2025-07-28 02:00:00
5047,185,humidity,56.8,2026-03-04 02:00:00
5048,6,humidity,60.44,2025-08-11 19:00:00
5049,160,rainfall,-273.0,2026-04-15 12:00:00
5050,341,rainfall,0.0,2025-11-24 17:00:00
5051,208,rainfall,0.0,2026-01-16 15:00:00
5052,48,soil_moisture,50.19,2025-12-30 11:00:00
5053,190,rainfall,0.0,2026-02-11 05:00:00
5054,66,soil_moisture,27.32,2026-01-07 16:00:00
5055,226,temperature,26.88,2026-04-22 13:00:00
5056,65,soil_moisture,44.46,2025-07-08 10:00:00
5057,351,soil_moisture,14.98,2026-02-12 18:00:00
5058,117,temperature,21.77,2025-08-23 10:00:00
5059,343,rainfall,0.0,2026-01-13 06:00:00
5060,323,humidity,60.5,2025-07-25 15:00:00
5061,126,soil_moisture,31.41,2025-08-17 11:00:00
5062,193,humidity,58.52,2026-03-19 01:00:00
5063,283,rainfall,0.0,2026-02-21 05:00:00
5064,97,humidity,59.61,2026-02-15 02:00:00
5065,161,humidity,41.06,2026-01-06 20:00:00
5066,78,humidity,44.04,2025-09-25 11:00:00
5067,229,soil_moisture,38.75,2025-11-11 03:00:00
5068,24,humidity,45.98,2026-03-05 11:00:00
5069,342,temperature,20.28,2026-03-29 11:00:00
5070,364,temperature,33.43,2025-12-20 23:00:00
5071,268,rainfall,0.0,2025-12-24 11:00:00
5072,16,temperature,26.19,2025-08-18 08:00:00
5073,330,soil_moisture,23.25,2025-10-02 15:00:00
5074,335,temperature,25.89,2025-09-03 03:00:00
5075,28,soil_moisture,32.67,2025-07-10 14:00:00
5076,272,humidity,58.3,2025-12-03 12:00:00
5077,361,temperature,23.11,2025-10-18 13:00:00
5078,362,soil_moisture,27.92,2026-04-17 20:00:00
5079,74,temperature,27.82,2025-10-23 01:00:00
5080,72,temperature,25.49,2025-08-20 21:00:00
5081,419,soil_moisture,32.65,2025-09-24 13:00:00
5082,419,soil_moisture,31.01,2025-09-24 08:00:00
5083,159,humidity,41.54,2025-09-20 20:00:00
5084,74,rainfall,0.0,2025-10-23 11:00:00
5085,235,rainfall,0.0,2026-03-30 11:00:00
5086,308,rainfall,0.0,2025-12-26 20:00:00
5087,233,humidity,55.94,2025-12-14 12:00:00
5088,449,rainfall,50.31,2025-09-16 15:00:00
5089,223,soil_moisture,31.36,2025-12-15 05:00:00
5090,185,humidity,60.59,2026-03-05 16:00:00
5091,163,rainfall,22.5,2025-07-04 03:00:00
5092,143,soil_moisture,36.79,2025-08-12 10:00:00
5093,335,rainfall,0.0,2025-09-04 18:00:00
5094,386,humidity,64.45,2026-04-05 19:00:00
5095,233,soil_moisture,30.46,2025-12-15 15:00:00
5096,72,temperature,23.91,2025-08-19 17:00:00
5097,381,humidity,49.45,2025-10-25 04:00:00
5098,71,soil_moisture,40.42,2025-10-02 14:00:00
5099,427,rainfall,0.0,2025-07-09 01:00:00
5100,222,rainfall,32.01,2025-10-17 17:00:00
5101,143,temperature,33.33,2025-08-10 19:00:00
5102,282,soil_moisture,39.77,2026-01-09 03:00:00
5103,342,soil_moisture,29.61,2026-03-29 08:00:00
5104,117,humidity,37.44,2025-08-21 07:00:00
5105,240,rainfall,51.68,2026-04-21 13:00:00
5106,211,temperature,23.92,2026-02-02 07:00:00
5107,148,soil_moisture,51.63,2025-12-03 02:00:00
5108,293,humidity,43.42,2026-02-10 00:00:00
5109,137,humidity,34.9,2026-03-12 04:00:00
5110,99,temperature,29.68,2025-10-08 08:00:00
5111,220,temperature,25.5,2026-01-29 05:00:00
5112,385,rainfall,22.67,2026-03-23 09:00:00
5113,305,humidity,51.66,2025-06-27 09:00:00
5114,367,rainfall,0.0,2025-11-22 10:00:00
5115,419,temperature,28.38,2025-09-25 13:00:00
5116,411,soil_moisture,36.66,2025-08-24 18:00:00
5117,192,soil_moisture,30.98,2026-01-20 05:00:00
5118,18,soil_moisture,44.33,2026-03-16 14:00:00
5119,186,soil_moisture,40.59,2026-01-28 13:00:00
5120,272,rainfall,0.0,2025-12-02 16:00:00
5121,219,temperature,27.58,2025-11-20 17:00:00
5122,212,temperature,24.88,2025-11-17 18:00:00
5123,331,soil_moisture,35.44,2026-04-10 07:00:00
5124,190,temperature,20.71,2026-02-10 17:00:00
5125,196,soil_moisture,44.7,2026-02-16 16:00:00
5126,226,rainfall,0.0,2026-04-23 02:00:00
5127,442,temperature,34.21,2025-10-14 19:00:00
5128,331,soil_moisture,37.64,2026-04-09 10:00:00
5129,277,rainfall,0.0,2025-09-10 09:00:00
5130,421,temperature,27.41,2025-07-12 17:00:00
5131,134,rainfall,0.0,2026-01-08 13:00:00
5132,73,rainfall,0.0,2025-10-07 07:00:00
5133,137,soil_moisture,22.24,2026-03-13 05:00:00
5134,170,humidity,41.16,2025-07-04 04:00:00
5135,437,temperature,31.3,2025-10-03 17:00:00
5136,178,humidity,63.1,2025-12-15 19:00:00
5137,205,temperature,25.65,2025-12-25 02:00:00
5138,60,humidity,51.67,2026-03-05 20:00:00
5139,66,temperature,18.45,2026-01-07 16:00:00
5140,370,humidity,52.4,2025-07-08 14:00:00
5141,428,humidity,34.84,2026-01-30 19:00:00
5142,163,rainfall,30.52,2025-07-05 02:00:00
5143,448,temperature,28.13,2025-12-14 09:00:00
5144,196,temperature,26.24,2026-02-15 06:00:00
5145,133,temperature,20.84,2025-07-03 02:00:00
5146,122,soil_moisture,46.23,2025-12-22 06:00:00
5147,49,temperature,24.67,2025-09-29 11:00:00
5148,140,rainfall,0.0,2025-09-13 20:00:00
5149,76,soil_moisture,22.04,2026-04-15 03:00:00
5150,65,rainfall,0.0,2025-07-09 23:00:00
5151,4,humidity,58.16,2026-04-12 13:00:00
5152,353,temperature,21.05,2026-03-20 07:00:00
5153,135,soil_moisture,42.17,2025-12-05 21:00:00
5154,440,humidity,39.46,2025-07-08 16:00:00
5155,7,humidity,60.57,2025-12-15 10:00:00
5156,327,rainfall,0.0,2025-07-29 13:00:00
5157,193,temperature,29.8,2026-03-19 20:00:00
5158,74,rainfall,0.0,2025-10-23 05:00:00
5159,308,humidity,55.13,2025-12-26 01:00:00
5160,306,rainfall,41.5,2025-12-30 04:00:00
5161,50,rainfall,0.0,2026-03-10 22:00:00
5162,384,rainfall,0.0,2025-08-17 13:00:00
5163,227,soil_moisture,46.06,2025-10-16 14:00:00
5164,427,temperature,33.8,2025-07-09 01:00:00
5165,257,temperature,29.68,2025-07-03 06:00:00
5166,210,rainfall,0.0,2025-11-05 06:00:00
5167,381,rainfall,0.0,2025-10-26 07:00:00
5168,211,soil_moisture,23.72,2026-02-03 23:00:00
5169,186,rainfall,0.0,2026-01-28 07:00:00
5170,437,temperature,33.01,2025-10-05 14:00:00
5171,222,rainfall,0.0,2025-10-16 15:00:00
5172,449,temperature,35.33,2025-09-16 23:00:00
5173,196,temperature,23.13,2026-02-15 18:00:00
5174,323,temperature,27.22,2025-07-26 05:00:00
5175,260,rainfall,0.0,2025-09-21 08:00:00
5176,49,soil_moisture,28.11,2025-09-30 19:00:00
5177,437,humidity,63.56,2025-10-03 15:00:00
5178,192,rainfall,33.91,2026-01-20 08:00:00
5179,389,humidity,35.92,2026-03-16 03:00:00
5180,311,temperature,28.55,2025-10-09 03:00:00
5181,197,soil_moisture,40.55,2026-03-17 02:00:00
5182,364,temperature,34.83,2025-12-21 06:00:00
5183,367,rainfall,0.0,2025-11-22 06:00:00
5184,10,rainfall,0.0,2026-03-30 06:00:00
5185,298,rainfall,51.92,2025-09-11 04:00:00
5186,10,soil_moisture,39.71,2026-03-28 03:00:00
5187,71,humidity,45.97,2025-10-02 14:00:00
5188,117,rainfall,0.0,2025-08-22 03:00:00
5189,294,rainfall,0.0,2026-01-05 04:00:00
5190,72,rainfall,27.21,2025-08-20 04:00:00
5191,148,humidity,62.68,2025-12-02 02:00:00
5192,10,temperature,29.93,2026-03-30 07:00:00
5193,78,humidity,43.16,2025-09-25 16:00:00
5194,105,soil_moisture,44.12,2026-01-28 23:00:00
5195,133,rainfall,0.0,2025-07-02 11:00:00
5196,193,humidity,53.91,2026-03-19 18:00:00
5197,424,rainfall,0.0,2026-01-05 21:00:00
5198,159,temperature,31.02,2025-09-20 22:00:00
5199,255,rainfall,0.0,2025-11-04 06:00:00
5200,192,rainfall,0.0,2026-01-20 04:00:00
5201,300,rainfall,0.0,2025-10-27 12:00:00
5202,419,soil_moisture,35.5,2025-09-24 05:00:00
5203,305,temperature,26.55,2025-06-28 01:00:00
5204,163,humidity,42.5,2025-07-03 23:00:00
5205,72,rainfall,0.0,2025-08-19 20:00:00
5206,263,soil_moisture,30.08,2025-12-22 02:00:00
5207,123,soil_moisture,34.16,2025-11-17 02:00:00
5208,49,temperature,24.53,2025-10-01 17:00:00
5209,160,humidity,66.6,2026-04-15 00:00:00
5210,226,temperature,30.94,2026-04-22 12:00:00
5211,306,humidity,65.85,2025-12-31 07:00:00
5212,326,humidity,47.39,2026-03-26 12:00:00
5213,90,humidity,63.23,2025-08-19 07:00:00
5214,44,temperature,26.29,2025-10-08 06:00:00
5215,50,humidity,47.5,2026-03-10 16:00:00
5216,180,humidity,62.09,2025-12-25 00:00:00
5217,48,soil_moisture,47.46,2025-12-31 04:00:00
5218,448,soil_moisture,33.82,2025-12-15 08:00:00
5219,331,humidity,35.19,2026-04-10 23:00:00
5220,389,rainfall,0.0,2026-03-17 19:00:00
5221,167,rainfall,0.0,2025-12-25 00:00:00
5222,222,rainfall,0.0,2025-10-16 12:00:00
5223,180,temperature,27.97,2025-12-25 03:00:00
5224,142,temperature,29.08,2025-11-17 00:00:00
5225,285,humidity,42.15,2025-09-05 13:00:00
5226,233,rainfall,0.0,2025-12-15 02:00:00
5227,240,soil_moisture,22.11,2026-04-22 22:00:00
5228,178,temperature,35.75,2025-12-16 21:00:00
5229,353,temperature,25.21,2026-03-19 02:00:00
5230,298,humidity,61.15,2025-09-12 13:00:00
5231,324,soil_moisture,29.79,2026-01-26 09:00:00
5232,74,rainfall,55.27,2025-10-24 02:00:00
5233,43,humidity,67.61,2025-09-12 17:00:00
5234,61,soil_moisture,37.36,2026-02-05 18:00:00
5235,401,temperature,28.15,2025-12-10 14:00:00
5236,372,rainfall,0.0,2025-10-28 07:00:00
5237,113,rainfall,0.0,2025-07-27 11:00:00
5238,210,temperature,32.98,2025-11-04 14:00:00
5239,386,humidity,60.77,2026-04-04 06:00:00
5240,215,temperature,20.55,2026-03-14 18:00:00
5241,442,temperature,36.67,2025-10-15 17:00:00
5242,311,temperature,26.62,2025-10-08 22:00:00
5243,103,soil_moisture,30.74,2026-01-10 06:00:00
5244,354,temperature,28.16,2026-03-06 12:00:00
5245,105,humidity,36.81,2026-01-27 04:00:00
5246,326,rainfall,0.0,2026-03-27 08:00:00
5247,341,rainfall,0.0,2025-11-24 16:00:00
5248,49,rainfall,0.0,2025-09-29 23:00:00
5249,285,soil_moisture,27.2,2025-09-06 01:00:00
5250,168,rainfall,33.13,2026-03-29 20:00:00
5251,306,rainfall,45.6,2025-12-31 05:00:00
5252,401,soil_moisture,32.65,2025-12-11 02:00:00
5253,204,humidity,57.92,2025-08-23 02:00:00
5254,5,humidity,38.15,2026-04-07 16:00:00
5255,240,temperature,26.56,2026-04-23 08:00:00
5256,13,humidity,66.47,2025-11-01 16:00:00
5257,309,rainfall,0.0,2026-04-07 07:00:00
5258,257,soil_moisture,29.89,2025-07-04 15:00:00
5259,135,temperature,27.62,2025-12-06 03:00:00
5260,210,humidity,65.08,2025-11-04 09:00:00
5261,90,rainfall,0.0,2025-08-20 13:00:00
5262,340,rainfall,0.0,2025-12-26 19:00:00
5263,59,temperature,24.1,2025-12-08 21:00:00
5264,59,rainfall,51.62,2025-12-10 01:00:00
5265,18,temperature,26.53,2026-03-16 02:00:00
5266,82,temperature,26.88,2026-02-22 06:00:00
5267,282,humidity,58.44,2026-01-10 18:00:00
5268,137,humidity,43.16,2026-03-13 11:00:00
5269,368,temperature,20.24,2026-03-05 14:00:00
5270,215,humidity,46.57,2026-03-15 10:00:00
5271,382,soil_moisture,43.53,2025-07-31 18:00:00
5272,381,temperature,33.75,2025-10-24 04:00:00
5273,113,temperature,26.2,2025-07-28 01:00:00
5274,343,humidity,61.76,2026-01-12 11:00:00
5275,377,soil_moisture,33.35,2025-07-13 05:00:00
5276,204,rainfall,0.0,2025-08-25 10:00:00
5277,82,rainfall,0.0,2026-02-22 01:00:00
5278,28,soil_moisture,42.21,2025-07-10 07:00:00
5279,136,humidity,67.93,2025-11-12 00:00:00
5280,296,soil_moisture,41.98,2025-08-22 06:00:00
5281,285,soil_moisture,28.98,2025-09-06 05:00:00
5282,210,rainfall,36.52,2025-11-05 07:00:00
5283,44,soil_moisture,33.67,2025-10-06 07:00:00
5284,185,soil_moisture,38.44,2026-03-05 00:00:00
5285,229,temperature,31.15,2025-11-13 22:00:00
5286,151,humidity,59.28,2026-03-16 16:00:00
5287,240,soil_moisture,26.76,2026-04-22 23:00:00
5288,170,soil_moisture,36.34,2025-07-03 09:00:00
5289,197,temperature,28.61,2026-03-15 15:00:00
5290,421,temperature,25.08,2025-07-12 04:00:00
5291,385,rainfall,0.0,2026-03-22 16:00:00
5292,310,soil_moisture,31.69,2025-12-23 19:00:00
5293,229,temperature,31.26,2025-11-12 01:00:00
5294,351,soil_moisture,22.39,2026-02-13 09:00:00
5295,140,humidity,45.43,2025-09-12 15:00:00
5296,283,soil_moisture,42.05,2026-02-22 19:00:00
5297,129,humidity,47.61,2026-04-20 12:00:00
5298,421,humidity,49.59,2025-07-11 23:00:00
5299,48,temperature,29.41,2025-12-31 11:00:00
5300,72,rainfall,0.0,2025-08-19 14:00:00
5301,327,rainfall,0.0,2025-07-29 16:00:00
5302,7,rainfall,0.0,2025-12-17 06:00:00
5303,372,soil_moisture,37.43,2025-10-29 17:00:00
5304,367,rainfall,0.0,2025-11-22 17:00:00
5305,74,humidity,38.21,2025-10-24 00:00:00
5306,381,rainfall,0.0,2025-10-24 03:00:00
5307,389,temperature,31.15,2026-03-17 06:00:00
5308,29,humidity,44.57,2026-01-19 06:00:00
5309,290,soil_moisture,24.03,2026-02-26 21:00:00
5310,295,rainfall,59.07,2026-04-10 09:00:00
5311,212,temperature,25.75,2025-11-16 12:00:00
5312,115,humidity,65.54,2025-10-26 08:00:00
5313,201,rainfall,0.0,2026-03-31 13:00:00
5314,36,soil_moisture,32.54,2026-03-19 22:00:00
5315,168,soil_moisture,25.26,2026-03-27 10:00:00
5316,257,soil_moisture,25.11,2025-07-04 07:00:00
5317,1,temperature,24.94,2026-03-01 02:00:00
5318,283,rainfall,45.38,2026-02-21 11:00:00
5319,191,temperature,26.8,2026-04-06 10:00:00
5320,161,soil_moisture,39.12,2026-01-07 01:00:00
5321,346,temperature,34.54,2025-09-24 13:00:00
5322,170,temperature,30.09,2025-07-03 22:00:00
5323,1,temperature,26.54,2026-02-28 04:00:00
5324,447,rainfall,55.52,2025-09-20 17:00:00
5325,94,humidity,74.32,2025-09-30 04:00:00
5326,167,soil_moisture,43.29,2025-12-24 00:00:00
5327,326,temperature,25.46,2026-03-27 10:00:00
5328,18,temperature,27.94,2026-03-15 12:00:00
5329,147,humidity,63.95,2026-03-09 07:00:00
5330,354,temperature,29.64,2026-03-08 15:00:00
5331,50,temperature,21.81,2026-03-11 08:00:00
5332,60,humidity,44.79,2026-03-06 05:00:00
5333,97,rainfall,0.0,2026-02-15 02:00:00
5334,268,humidity,59.58,2025-12-23 19:00:00
5335,326,temperature,22.63,2026-03-26 17:00:00
5336,205,humidity,77.74,2025-12-24 05:00:00
5337,136,humidity,61.69,2025-11-11 00:00:00
5338,36,rainfall,0.0,2026-03-18 02:00:00
5339,55,humidity,65.53,2025-09-01 10:00:00
5340,288,temperature,26.46,2025-07-07 06:00:00
5341,310,temperature,25.2,2025-12-22 17:00:00
5342,361,temperature,22.78,2025-10-19 07:00:00
5343,190,humidity,44.55,2026-02-10 19:00:00
5344,391,temperature,26.6,2025-06-26 21:00:00
5345,211,soil_moisture,22.14,2026-02-04 08:00:00
5346,29,humidity,34.35,2026-01-18 06:00:00
5347,440,soil_moisture,43.79,2025-07-08 22:00:00
5348,76,soil_moisture,31.12,2026-04-15 18:00:00
5349,136,soil_moisture,32.75,2025-11-11 21:00:00
5350,44,rainfall,0.0,2025-10-08 13:00:00
5351,257,rainfall,31.84,2025-07-03 02:00:00
5352,72,soil_moisture,37.6,2025-08-20 19:00:00
5353,229,humidity,50.61,2025-11-11 12:00:00
5354,440,rainfall,0.0,2025-07-09 22:00:00
5355,28,rainfall,0.0,2025-07-09 02:00:00
5356,171,soil_moisture,35.86,2026-01-17 07:00:00
5357,382,temperature,22.92,2025-08-01 11:00:00
5358,163,humidity,52.92,2025-07-03 03:00:00
5359,129,soil_moisture,26.98,2026-04-19 01:00:00
5360,122,soil_moisture,46.34,2025-12-21 04:00:00
5361,367,rainfall,34.81,2025-11-22 20:00:00
5362,103,humidity,51.67,2026-01-08 09:00:00
5363,28,rainfall,40.33,2025-07-11 01:00:00
5364,143,humidity,60.58,2025-08-11 17:00:00
5365,381,soil_moisture,49.14,2025-10-25 08:00:00
5366,294,humidity,49.16,2026-01-03 10:00:00
5367,446,rainfall,36.98,2026-04-22 03:00:00
5368,18,rainfall,0.0,2026-03-15 23:00:00
5369,55,temperature,29.73,2025-08-31 20:00:00
5370,55,soil_moisture,32.86,2025-09-02 03:00:00
5371,446,temperature,28.57,2026-04-21 14:00:00
5372,59,humidity,62.0,2025-12-09 11:00:00
5373,427,humidity,55.95,2025-07-09 12:00:00
5374,163,soil_moisture,35.25,2025-07-05 22:00:00
5375,303,rainfall,0.0,2025-08-21 08:00:00
5376,55,humidity,72.43,2025-09-01 14:00:00
5377,5,temperature,32.71,2026-04-08 07:00:00
5378,71,soil_moisture,42.59,2025-10-02 02:00:00
5379,437,temperature,31.62,2025-10-04 21:00:00
5380,45,temperature,22.68,2026-02-08 05:00:00
5381,403,rainfall,0.0,2025-11-05 20:00:00
5382,133,temperature,23.62,2025-07-02 22:00:00
5383,122,soil_moisture,37.82,2025-12-22 10:00:00
5384,342,rainfall,0.0,2026-03-28 09:00:00
5385,354,humidity,69.27,2026-03-07 13:00:00
5386,335,humidity,60.46,2025-09-04 07:00:00
5387,437,temperature,31.02,2025-10-04 03:00:00
5388,1,rainfall,0.0,2026-03-01 12:00:00
5389,36,soil_moisture,26.37,2026-03-19 07:00:00
5390,66,soil_moisture,27.04,2026-01-06 17:00:00
5391,447,rainfall,58.46,2025-09-18 06:00:00
5392,7,soil_moisture,44.03,2025-12-16 04:00:00
5393,16,temperature,26.7,2025-08-18 15:00:00
5394,76,rainfall,25.33,2026-04-15 11:00:00
5395,147,temperature,32.37,2026-03-10 05:00:00
5396,125,rainfall,0.0,2025-11-22 07:00:00
5397,191,temperature,33.4,2026-04-06 06:00:00
5398,163,humidity,45.0,2025-07-04 13:00:00
5399,446,soil_moisture,43.5,2026-04-21 18:00:00
5400,300,rainfall,0.0,2025-10-26 06:00:00
5401,294,temperature,29.26,2026-01-04 05:00:00
5402,205,rainfall,35.59,2025-12-24 14:00:00
5403,74,temperature,24.34,2025-10-24 01:00:00
5404,411,temperature,32.25,2025-08-24 07:00:00
5405,419,soil_moisture,30.52,2025-09-25 09:00:00
5406,219,temperature,26.04,2025-11-19 07:00:00
5407,287,humidity,49.75,2026-04-04 17:00:00
5408,292,rainfall,0.0,2025-09-26 05:00:00
5409,49,humidity,50.05,2025-09-30 02:00:00
5410,122,humidity,77.18,2025-12-22 13:00:00
5411,229,soil_moisture,30.07,2025-11-12 03:00:00
5412,219,temperature,27.29,2025-11-19 15:00:00
5413,99,soil_moisture,24.97,2025-10-09 17:00:00
5414,321,rainfall,0.0,2025-09-12 13:00:00
5415,78,humidity,46.18,2025-09-25 12:00:00
5416,403,rainfall,51.65,2025-11-07 17:00:00
5417,129,rainfall,0.0,2026-04-20 09:00:00
5418,295,humidity,49.85,2026-04-10 10:00:00
5419,46,rainfall,58.62,2025-09-19 12:00:00
5420,177,rainfall,0.0,2026-03-12 21:00:00
5421,55,temperature,28.19,2025-09-01 05:00:00
5422,287,rainfall,0.0,2026-04-03 02:00:00
5423,447,rainfall,0.0,2025-09-20 03:00:00
5424,77,humidity,62.63,2026-03-26 02:00:00
5425,125,temperature,23.45,2025-11-21 14:00:00
5426,322,rainfall,27.17,2026-01-17 11:00:00
5427,91,rainfall,0.0,2026-02-22 11:00:00
5428,403,humidity,49.67,2025-11-05 14:00:00
5429,196,temperature,25.69,2026-02-15 08:00:00
5430,45,rainfall,0.0,2026-02-09 01:00:00
5431,308,temperature,26.95,2025-12-26 08:00:00
5432,222,humidity,68.74,2025-10-16 11:00:00
5433,6,temperature,24.74,2025-08-11 08:00:00
5434,201,rainfall,55.23,2026-03-31 18:00:00
5435,6,soil_moisture,50.85,2025-08-12 12:00:00
5436,184,humidity,36.18,2026-01-06 19:00:00
5437,159,rainfall,0.0,2025-09-20 01:00:00
5438,32,rainfall,0.0,2025-07-28 08:00:00
5439,180,temperature,29.15,2025-12-25 00:00:00
5440,305,temperature,21.37,2025-06-28 00:00:00
5441,94,humidity,77.05,2025-09-29 01:00:00
5442,346,rainfall,0.0,2025-09-24 09:00:00
5443,233,rainfall,0.0,2025-12-16 10:00:00
5444,140,soil_moisture,47.62,2025-09-12 16:00:00
5445,24,soil_moisture,39.41,2026-03-05 08:00:00
5446,185,rainfall,0.0,2026-03-06 13:00:00
5447,343,rainfall,0.0,2026-01-14 00:00:00
5448,24,humidity,45.91,2026-03-05 04:00:00
5449,122,temperature,25.03,2025-12-22 11:00:00
5450,418,temperature,31.93,2025-09-05 04:00:00
5451,233,rainfall,0.0,2025-12-15 13:00:00
5452,401,humidity,58.44,2025-12-09 23:00:00
5453,117,rainfall,0.0,2025-08-23 07:00:00
5454,368,temperature,20.91,2026-03-06 08:00:00
5455,227,soil_moisture,41.39,2025-10-16 13:00:00
5456,171,humidity,46.17,2026-01-16 04:00:00
5457,293,soil_moisture,30.74,2026-02-08 23:00:00
5458,48,rainfall,0.0,2025-12-30 13:00:00
5459,16,temperature,22.86,2025-08-20 14:00:00
5460,70,humidity,54.43,2025-12-09 05:00:00
5461,171,rainfall,0.0,2026-01-15 17:00:00
5462,293,rainfall,37.49,2026-02-08 07:00:00
5463,235,rainfall,25.26,2026-03-31 04:00:00
5464,65,rainfall,0.0,2025-07-09 17:00:00
5465,160,temperature,30.42,2026-04-15 19:00:00
5466,212,humidity,51.29,2025-11-17 03:00:00
5467,229,rainfall,0.0,2025-11-11 13:00:00
5468,310,rainfall,0.0,2025-12-24 02:00:00
5469,18,temperature,26.0,2026-03-15 21:00:00
5470,361,rainfall,0.0,2025-10-18 08:00:00
5471,238,soil_moisture,30.21,2025-11-24 19:00:00
5472,201,soil_moisture,17.59,2026-03-31 23:00:00
5473,303,humidity,55.8,2025-08-22 03:00:00
5474,7,temperature,27.22,2025-12-15 03:00:00
5475,135,soil_moisture,44.78,2025-12-05 10:00:00
5476,290,humidity,47.43,2026-02-26 14:00:00
5477,403,rainfall,0.0,2025-11-05 21:00:00
5478,330,soil_moisture,25.57,2025-10-01 14:00:00
5479,310,soil_moisture,36.06,2025-12-23 18:00:00
5480,401,temperature,25.3,2025-12-09 16:00:00
5481,99,soil_moisture,25.19,2025-10-10 07:00:00
5482,303,temperature,33.88,2025-08-22 15:00:00
5483,396,humidity,41.6,2025-07-05 11:00:00
5484,346,soil_moisture,35.03,2025-09-26 15:00:00
5485,146,temperature,25.24,2025-08-15 15:00:00
5486,440,soil_moisture,42.41,2025-07-10 02:00:00
5487,205,humidity,78.53,2025-12-24 11:00:00
5488,191,rainfall,0.0,2026-04-07 03:00:00
5489,193,temperature,27.99,2026-03-18 16:00:00
5490,382,humidity,54.07,2025-07-31 07:00:00
5491,61,humidity,47.9,2026-02-05 23:00:00
5492,353,temperature,21.85,2026-03-20 16:00:00
5493,402,rainfall,0.0,2026-03-28 19:00:00
5494,353,temperature,22.96,2026-03-21 01:00:00
5495,117,temperature,25.43,2025-08-21 07:00:00
5496,169,rainfall,38.67,2026-03-22 06:00:00
5497,413,soil_moisture,42.73,2026-01-12 20:00:00
5498,48,temperature,26.74,2025-12-31 13:00:00
5499,444,rainfall,0.0,2025-12-11 04:00:00
5500,168,temperature,23.11,2026-03-27 07:00:00
5501,167,humidity,65.35,2025-12-23 09:00:00
5502,61,temperature,27.11,2026-02-05 07:00:00
5503,340,rainfall,0.0,2025-12-25 12:00:00
5504,318,soil_moisture,46.1,2026-04-05 02:00:00
5505,310,rainfall,0.0,2025-12-22 19:00:00
5506,290,temperature,32.49,2026-02-25 07:00:00
5507,273,humidity,49.15,2026-01-08 10:00:00
5508,73,soil_moisture,28.64,2025-10-08 12:00:00
5509,273,temperature,23.5,2026-01-06 22:00:00
5510,47,rainfall,0.0,2025-10-05 03:00:00
5511,210,rainfall,0.0,2025-11-05 03:00:00
5512,220,humidity,49.43,2026-01-30 15:00:00
5513,140,soil_moisture,42.86,2025-09-13 13:00:00
5514,296,temperature,32.31,2025-08-20 12:00:00
5515,326,humidity,46.76,2026-03-27 00:00:00
5516,103,temperature,24.25,2026-01-09 01:00:00
5517,125,humidity,61.19,2025-11-21 16:00:00
5518,229,humidity,61.65,2025-11-12 22:00:00
5519,288,rainfall,41.99,2025-07-07 23:00:00
5520,10,soil_moisture,42.94,2026-03-30 00:00:00
5521,377,soil_moisture,42.26,2025-07-11 17:00:00
5522,91,soil_moisture,42.83,2026-02-22 02:00:00
5523,293,rainfall,0.0,2026-02-10 01:00:00
5524,396,soil_moisture,33.67,2025-07-05 02:00:00
5525,197,humidity,45.72,2026-03-16 06:00:00
5526,1,soil_moisture,35.77,2026-02-28 04:00:00
5527,326,humidity,47.92,2026-03-26 01:00:00
5528,1,humidity,71.19,2026-02-28 18:00:00
5529,178,humidity,51.49,2025-12-15 01:00:00
5530,351,soil_moisture,20.03,2026-02-13 08:00:00
5531,178,humidity,55.09,2025-12-16 22:00:00
5532,170,rainfall,0.0,2025-07-03 08:00:00
5533,184,rainfall,0.0,2026-01-05 08:00:00
5534,143,humidity,57.35,2025-08-12 05:00:00
5535,178,humidity,64.34,2025-12-16 13:00:00
5536,82,soil_moisture,37.93,2026-02-21 18:00:00
5537,330,rainfall,0.0,2025-10-02 17:00:00
5538,61,humidity,51.66,2026-02-05 06:00:00
5539,215,humidity,50.16,2026-03-14 17:00:00
5540,73,soil_moisture,36.17,2025-10-07 20:00:00
5541,128,soil_moisture,48.61,2025-07-10 20:00:00
5542,146,soil_moisture,40.44,2025-08-16 04:00:00
5543,306,humidity,74.54,2025-12-30 23:00:00
5544,70,rainfall,32.29,2025-12-10 05:00:00
5545,7,rainfall,0.0,2025-12-15 21:00:00
5546,61,humidity,45.95,2026-02-05 15:00:00
5547,381,temperature,32.77,2025-10-25 05:00:00
5548,192,temperature,26.55,2026-01-20 17:00:00
5549,343,soil_moisture,42.43,2026-01-12 07:00:00
5550,147,humidity,67.6,2026-03-09 18:00:00
5551,59,soil_moisture,43.19,2025-12-10 03:00:00
5552,44,temperature,29.87,2025-10-07 00:00:00
5553,154,rainfall,0.0,2025-08-20 19:00:00
5554,257,humidity,66.78,2025-07-04 12:00:00
5555,4,temperature,30.86,2026-04-13 04:00:00
5556,99,soil_moisture,20.33,2025-10-10 23:00:00
5557,60,rainfall,42.28,2026-03-06 02:00:00
5558,287,humidity,57.73,2026-04-03 06:00:00
5559,123,humidity,64.89,2025-11-17 20:00:00
5560,151,soil_moisture,26.39,2026-03-18 06:00:00
5561,59,temperature,22.28,2025-12-09 16:00:00
5562,113,temperature,26.32,2025-07-29 05:00:00
5563,70,rainfall,0.0,2025-12-10 00:00:00
5564,305,soil_moisture,41.3,2025-06-26 06:00:00
5565,376,humidity,62.5,2025-09-13 09:00:00
5566,123,soil_moisture,36.01,2025-11-15 22:00:00
5567,282,temperature,28.46,2026-01-09 19:00:00
5568,128,temperature,23.26,2025-07-11 18:00:00
5569,147,soil_moisture,26.43,2026-03-08 13:00:00
5570,147,humidity,69.81,2026-03-09 20:00:00
5571,128,rainfall,49.75,2025-07-10 11:00:00
5572,448,humidity,76.97,2025-12-14 04:00:00
5573,24,soil_moisture,39.43,2026-03-05 21:00:00
5574,171,humidity,42.96,2026-01-16 18:00:00
5575,17,humidity,44.93,2025-07-19 03:00:00
5576,219,soil_moisture,40.5,2025-11-20 17:00:00
5577,431,humidity,65.78,2025-07-01 10:00:00
5578,303,soil_moisture,35.41,2025-08-22 05:00:00
5579,49,temperature,27.68,2025-09-29 07:00:00
5580,45,soil_moisture,22.65,2026-02-08 13:00:00
5581,185,temperature,27.03,2026-03-04 01:00:00
5582,125,humidity,69.76,2025-11-21 17:00:00
5583,161,temperature,23.87,2026-01-08 04:00:00
5584,288,humidity,70.47,2025-07-07 23:00:00
5585,74,temperature,24.79,2025-10-22 04:00:00
5586,444,soil_moisture,32.16,2025-12-13 02:00:00
5587,45,humidity,42.29,2026-02-09 23:00:00
5588,60,temperature,28.15,2026-03-05 13:00:00
5589,137,soil_moisture,30.11,2026-03-14 06:00:00
5590,268,soil_moisture,38.3,2025-12-24 22:00:00
5591,184,humidity,38.75,2026-01-06 20:00:00
5592,43,humidity,61.62,2025-09-13 21:00:00
5593,44,temperature,31.56,2025-10-06 11:00:00
5594,440,soil_moisture,40.91,2025-07-08 14:00:00
5595,71,soil_moisture,43.63,2025-10-02 09:00:00
5596,288,humidity,76.52,2025-07-06 14:00:00
5597,240,humidity,69.43,2026-04-22 08:00:00
5598,157,humidity,50.43,2026-01-19 23:00:00
5599,78,humidity,46.48,2025-09-25 14:00:00
5600,46,humidity,70.74,2025-09-19 09:00:00
5601,197,rainfall,0.0,2026-03-16 16:00:00
5602,90,rainfall,26.61,2025-08-20 06:00:00
5603,192,rainfall,45.48,2026-01-19 21:00:00
5604,163,temperature,20.8,2025-07-05 15:00:00
5605,287,temperature,23.99,2026-04-03 16:00:00
5606,115,soil_moisture,33.38,2025-10-26 14:00:00
5607,384,rainfall,0.0,2025-08-17 23:00:00
5608,372,humidity,58.12,2025-10-28 19:00:00
5609,103,temperature,20.94,2026-01-10 06:00:00
5610,353,soil_moisture,29.15,2026-03-19 21:00:00
5611,290,rainfall,0.0,2026-02-27 02:00:00
5612,136,humidity,63.08,2025-11-10 21:00:00
5613,115,humidity,74.98,2025-10-26 05:00:00
5614,45,rainfall,37.59,2026-02-09 10:00:00
5615,76,humidity,63.32,2026-04-16 15:00:00
5616,411,rainfall,0.0,2025-08-24 15:00:00
5617,78,temperature,30.37,2025-09-26 08:00:00
5618,308,humidity,58.99,2025-12-27 06:00:00
5619,372,rainfall,0.0,2025-10-28 11:00:00
5620,318,temperature,32.02,2026-04-05 17:00:00
5621,186,soil_moisture,45.66,2026-01-29 05:00:00
5622,9,humidity,60.06,2025-09-20 19:00:00
5623,444,soil_moisture,28.95,2025-12-12 18:00:00
5624,192,rainfall,0.0,2026-01-20 09:00:00
5625,442,soil_moisture,500.0,2025-10-14 21:00:00
5626,6,temperature,26.11,2025-08-11 09:00:00
5627,24,soil_moisture,39.8,2026-03-05 02:00:00
5628,446,rainfall,0.0,2026-04-21 02:00:00
5629,171,soil_moisture,38.3,2026-01-16 17:00:00
5630,55,soil_moisture,29.3,2025-09-01 16:00:00
5631,389,temperature,33.45,2026-03-17 03:00:00
5632,170,rainfall,44.11,2025-07-05 17:00:00
5633,44,rainfall,54.39,2025-10-06 03:00:00
5634,233,humidity,46.15,2025-12-15 00:00:00
5635,60,temperature,29.91,2026-03-05 21:00:00
5636,370,temperature,23.47,2025-07-08 17:00:00
5637,208,temperature,29.84,2026-01-16 17:00:00
5638,303,temperature,32.45,2025-08-23 06:00:00
5639,219,rainfall,0.0,2025-11-19 11:00:00
5640,353,soil_moisture,31.05,2026-03-19 06:00:00
5641,285,temperature,31.92,2025-09-06 02:00:00
5642,89,soil_moisture,35.03,2026-02-28 04:00:00
5643,105,rainfall,0.0,2026-01-27 23:00:00
5644,123,rainfall,0.0,2025-11-16 06:00:00
5645,204,soil_moisture,36.61,2025-08-24 11:00:00
5646,170,soil_moisture,41.7,2025-07-05 05:00:00
5647,215,soil_moisture,45.67,2026-03-15 06:00:00
5648,396,temperature,31.24,2025-07-04 08:00:00
5649,401,humidity,53.53,2025-12-09 05:00:00
5650,123,humidity,52.73,2025-11-15 23:00:00
5651,309,humidity,44.12,2026-04-08 10:00:00
5652,103,humidity,39.51,2026-01-08 15:00:00
5653,437,humidity,59.87,2025-10-03 03:00:00
5654,391,rainfall,0.0,2025-06-26 02:00:00
5655,353,temperature,25.61,2026-03-18 20:00:00
5656,381,soil_moisture,44.6,2025-10-24 03:00:00
5657,60,soil_moisture,25.83,2026-03-06 15:00:00
5658,324,soil_moisture,27.64,2026-01-25 16:00:00
5659,272,rainfall,0.0,2025-12-04 00:00:00
5660,235,temperature,35.16,2026-03-31 17:00:00
5661,292,temperature,33.27,2025-09-24 20:00:00
5662,103,humidity,37.89,2026-01-08 07:00:00
5663,255,humidity,50.17,2025-11-02 22:00:00
5664,327,temperature,27.96,2025-07-30 05:00:00
5665,115,humidity,68.88,2025-10-25 20:00:00
5666,74,temperature,23.66,2025-10-22 13:00:00
5667,126,soil_moisture,30.8,2025-08-18 15:00:00
5668,431,temperature,29.58,2025-07-02 19:00:00
5669,384,soil_moisture,27.85,2025-08-17 01:00:00
5670,263,soil_moisture,33.16,2025-12-22 11:00:00
5671,170,rainfall,0.0,2025-07-04 22:00:00
5672,292,rainfall,44.88,2025-09-25 23:00:00
5673,125,humidity,50.73,2025-11-20 03:00:00
5674,226,rainfall,0.0,2026-04-22 05:00:00
5675,282,humidity,64.06,2026-01-09 01:00:00
5676,10,humidity,39.75,2026-03-29 10:00:00
5677,326,humidity,57.36,2026-03-26 11:00:00
5678,361,soil_moisture,28.57,2025-10-19 00:00:00
5679,257,humidity,59.97,2025-07-03 21:00:00
5680,233,rainfall,0.0,2025-12-16 18:00:00
5681,268,soil_moisture,44.7,2025-12-25 11:00:00
5682,226,soil_moisture,34.18,2026-04-21 15:00:00
5683,135,rainfall,0.0,2025-12-06 08:00:00
5684,296,humidity,59.57,2025-08-21 00:00:00
5685,180,humidity,69.95,2025-12-24 10:00:00
5686,177,humidity,52.65,2026-03-13 19:00:00
5687,146,humidity,55.5,2025-08-16 12:00:00
5688,424,rainfall,0.0,2026-01-06 20:00:00
5689,113,temperature,25.19,2025-07-27 01:00:00
5690,222,soil_moisture,500.0,2025-10-15 16:00:00
5691,293,rainfall,47.48,2026-02-08 15:00:00
5692,340,rainfall,0.0,2025-12-26 22:00:00
5693,331,soil_moisture,37.21,2026-04-11 05:00:00
5694,89,humidity,63.04,2026-02-27 19:00:00
5695,403,soil_moisture,43.35,2025-11-05 05:00:00
5696,268,humidity,63.71,2025-12-23 15:00:00
5697,157,temperature,25.32,2026-01-19 12:00:00
5698,444,humidity,56.87,2025-12-11 11:00:00
5699,157,rainfall,35.61,2026-01-20 20:00:00
5700,377,humidity,43.0,2025-07-12 19:00:00
5701,323,soil_moisture,32.28,2025-07-26 15:00:00
5702,204,temperature,33.37,2025-08-26 01:00:00
5703,125,temperature,23.85,2025-11-22 01:00:00
5704,89,temperature,31.2,2026-02-27 06:00:00
5705,137,temperature,20.33,2026-03-13 06:00:00
5706,233,rainfall,55.24,2025-12-15 07:00:00
5707,327,humidity,65.52,2025-07-30 04:00:00
5708,55,temperature,31.37,2025-09-01 07:00:00
5709,346,temperature,31.76,2025-09-25 09:00:00
5710,436,soil_moisture,27.05,2026-02-11 18:00:00
5711,305,soil_moisture,44.38,2025-06-27 09:00:00
5712,10,rainfall,0.0,2026-03-28 23:00:00
5713,105,temperature,23.96,2026-01-28 23:00:00
5714,288,rainfall,0.0,2025-07-06 16:00:00
5715,154,rainfall,0.0,2025-08-21 16:00:00
5716,356,soil_moisture,35.05,2025-12-13 10:00:00
5717,169,soil_moisture,39.19,2026-03-22 22:00:00
5718,97,temperature,31.25,2026-02-14 03:00:00
5719,167,humidity,66.48,2025-12-23 13:00:00
5720,16,temperature,24.29,2025-08-20 11:00:00
5721,17,temperature,29.01,2025-07-20 14:00:00
5722,140,humidity,44.08,2025-09-12 14:00:00
5723,168,soil_moisture,28.66,2026-03-27 16:00:00
5724,268,rainfall,48.64,2025-12-25 06:00:00
5725,285,soil_moisture,22.65,2025-09-06 10:00:00
5726,177,humidity,49.68,2026-03-14 04:00:00
5727,391,rainfall,32.13,2025-06-27 15:00:00
5728,74,soil_moisture,38.87,2025-10-23 07:00:00
5729,77,rainfall,0.0,2026-03-27 03:00:00
5730,372,temperature,29.48,2025-10-29 02:00:00
5731,277,soil_moisture,38.64,2025-09-10 22:00:00
5732,146,humidity,58.35,2025-08-15 15:00:00
5733,419,humidity,63.68,2025-09-24 19:00:00
5734,376,humidity,59.08,2025-09-14 14:00:00
5735,346,rainfall,0.0,2025-09-26 01:00:00
5736,303,rainfall,0.0,2025-08-23 05:00:00
5737,115,temperature,36.35,2025-10-25 07:00:00
5738,346,soil_moisture,32.47,2025-09-24 05:00:00
5739,28,rainfall,0.0,2025-07-10 04:00:00
5740,322,temperature,20.89,2026-01-16 09:00:00
5741,76,soil_moisture,26.5,2026-04-16 16:00:00
5742,226,soil_moisture,31.58,2026-04-22 13:00:00
5743,318,humidity,44.81,2026-04-05 02:00:00
5744,165,soil_moisture,31.45,2025-07-01 02:00:00
5745,424,soil_moisture,24.1,2026-01-05 14:00:00
5746,171,soil_moisture,37.6,2026-01-16 06:00:00
5747,146,humidity,59.91,2025-08-18 05:00:00
5748,115,humidity,70.95,2025-10-25 03:00:00
5749,197,temperature,27.89,2026-03-15 23:00:00
5750,356,temperature,29.04,2025-12-12 12:00:00
5751,125,humidity,53.1,2025-11-20 19:00:00
5752,170,temperature,31.76,2025-07-04 00:00:00
5753,255,temperature,26.55,2025-11-04 14:00:00
5754,386,rainfall,0.0,2026-04-05 14:00:00
5755,305,temperature,21.68,2025-06-27 16:00:00
5756,128,rainfall,0.0,2025-07-11 06:00:00
5757,49,humidity,41.69,2025-09-29 09:00:00
5758,303,rainfall,49.84,2025-08-22 13:00:00
5759,204,humidity,55.25,2025-08-25 02:00:00
5760,65,rainfall,0.0,2025-07-10 00:00:00
5761,346,rainfall,39.24,2025-09-26 04:00:00
5762,257,rainfall,0.0,2025-07-04 18:00:00
5763,43,temperature,21.25,2025-09-13 13:00:00
5764,382,humidity,46.35,2025-07-30 09:00:00
5765,71,temperature,30.82,2025-10-01 05:00:00
5766,65,humidity,60.58,2025-07-09 07:00:00
5767,227,soil_moisture,48.0,2025-10-17 00:00:00
5768,303,rainfall,59.27,2025-08-21 20:00:00
5769,428,soil_moisture,40.84,2026-02-01 03:00:00
5770,303,humidity,64.91,2025-08-23 08:00:00
5771,126,rainfall,0.0,2025-08-19 01:00:00
5772,290,humidity,43.44,2026-02-25 06:00:00
5773,290,soil_moisture,28.83,2026-02-26 02:00:00
5774,411,soil_moisture,38.02,2025-08-24 04:00:00
5775,59,soil_moisture,46.57,2025-12-09 05:00:00
5776,419,rainfall,0.0,2025-09-24 06:00:00
5777,382,rainfall,0.0,2025-07-31 05:00:00
5778,125,humidity,49.79,2025-11-20 20:00:00
5779,133,rainfall,0.0,2025-07-02 02:00:00
5780,240,temperature,22.39,2026-04-21 15:00:00
5781,170,temperature,29.57,2025-07-03 02:00:00
5782,59,temperature,24.76,2025-12-08 15:00:00
5783,165,rainfall,27.92,2025-06-30 06:00:00
5784,424,humidity,27.7,2026-01-05 07:00:00
5785,32,temperature,26.76,2025-07-27 17:00:00
5786,367,soil_moisture,37.76,2025-11-23 04:00:00
5787,6,rainfall,0.0,2025-08-11 20:00:00
5788,260,humidity,62.29,2025-09-23 10:00:00
5789,447,soil_moisture,27.6,2025-09-19 03:00:00
5790,346,temperature,33.13,2025-09-24 08:00:00
5791,204,soil_moisture,33.81,2025-08-25 17:00:00
5792,442,soil_moisture,46.08,2025-10-15 23:00:00
5793,372,temperature,31.19,2025-10-28 16:00:00
5794,364,rainfall,61.71,2025-12-21 14:00:00
5795,201,temperature,29.88,2026-03-31 13:00:00
5796,126,soil_moisture,30.51,2025-08-17 13:00:00
5797,166,soil_moisture,27.53,2025-11-29 18:00:00
5798,446,rainfall,0.0,2026-04-20 08:00:00
5799,94,soil_moisture,33.74,2025-09-29 14:00:00
5800,268,rainfall,0.0,2025-12-25 13:00:00
5801,24,temperature,22.12,2026-03-04 21:00:00
5802,210,humidity,74.74,2025-11-06 03:00:00
5803,323,soil_moisture,31.95,2025-07-26 11:00:00
5804,45,humidity,45.96,2026-02-08 16:00:00
5805,50,humidity,33.36,2026-03-09 12:00:00
5806,263,temperature,26.27,2025-12-23 06:00:00
5807,376,temperature,29.1,2025-09-15 07:00:00
5808,190,humidity,41.59,2026-02-10 05:00:00
5809,282,temperature,29.87,2026-01-10 00:00:00
5810,136,rainfall,0.0,2025-11-11 05:00:00
5811,148,soil_moisture,41.2,2025-12-02 12:00:00
5812,59,humidity,66.45,2025-12-08 21:00:00
5813,147,rainfall,0.0,2026-03-09 19:00:00
5814,135,temperature,24.85,2025-12-07 08:00:00
5815,257,temperature,32.11,2025-07-04 16:00:00
5816,240,soil_moisture,23.21,2026-04-23 11:00:00
5817,117,temperature,25.94,2025-08-23 01:00:00
5818,186,rainfall,0.0,2026-01-27 03:00:00
5819,60,soil_moisture,31.78,2026-03-05 09:00:00
5820,178,humidity,56.79,2025-12-16 19:00:00
5821,185,soil_moisture,36.79,2026-03-05 19:00:00
5822,421,rainfall,0.0,2025-07-11 21:00:00
5823,105,soil_moisture,37.38,2026-01-27 15:00:00
5824,30,temperature,22.72,2025-08-21 02:00:00
5825,165,rainfall,0.0,2025-06-30 14:00:00
5826,223,soil_moisture,33.47,2025-12-13 11:00:00
5827,82,soil_moisture,33.87,2026-02-22 08:00:00
5828,5,rainfall,0.0,2026-04-08 01:00:00
5829,185,temperature,31.37,2026-03-04 08:00:00
5830,17,soil_moisture,29.89,2025-07-21 03:00:00
5831,151,rainfall,0.0,2026-03-18 18:00:00
5832,413,rainfall,45.69,2026-01-12 17:00:00
5833,133,humidity,68.74,2025-07-03 17:00:00
5834,134,rainfall,0.0,2026-01-06 08:00:00
5835,384,temperature,25.63,2025-08-18 10:00:00
5836,97,rainfall,0.0,2026-02-14 13:00:00
5837,371,temperature,30.74,2026-03-30 13:00:00
5838,122,soil_moisture,38.13,2025-12-22 18:00:00
5839,126,soil_moisture,35.64,2025-08-18 23:00:00
5840,94,soil_moisture,33.66,2025-09-29 08:00:00
5841,331,rainfall,0.0,2026-04-10 12:00:00
5842,418,temperature,35.43,2025-09-06 04:00:00
5843,137,rainfall,0.0,2026-03-13 17:00:00
5844,97,soil_moisture,32.06,2026-02-15 01:00:00
5845,197,rainfall,0.0,2026-03-16 21:00:00
5846,321,rainfall,0.0,2025-09-10 23:00:00
5847,391,soil_moisture,43.63,2025-06-27 11:00:00
5848,370,soil_moisture,31.36,2025-07-09 08:00:00
5849,76,humidity,70.22,2026-04-15 19:00:00
5850,205,temperature,27.35,2025-12-24 22:00:00
5851,323,temperature,21.54,2025-07-25 23:00:00
5852,290,rainfall,0.0,2026-02-25 16:00:00
5853,171,temperature,25.6,2026-01-17 15:00:00
5854,376,temperature,30.77,2025-09-13 16:00:00
5855,44,humidity,43.45,2025-10-07 18:00:00
5856,309,soil_moisture,28.3,2026-04-07 23:00:00
5857,367,rainfall,0.0,2025-11-21 01:00:00
5858,361,soil_moisture,26.34,2025-10-19 01:00:00
5859,293,humidity,42.35,2026-02-10 11:00:00
5860,402,humidity,49.07,2026-03-29 22:00:00
5861,210,humidity,62.53,2025-11-06 04:00:00
5862,431,rainfall,35.32,2025-07-02 05:00:00
5863,300,rainfall,-99.0,2025-10-26 23:00:00
5864,185,rainfall,0.0,2026-03-05 18:00:00
5865,318,temperature,32.88,2026-04-04 16:00:00
5866,448,rainfall,0.0,2025-12-14 13:00:00
5867,346,rainfall,0.0,2025-09-26 00:00:00
5868,419,humidity,53.74,2025-09-26 00:00:00
5869,227,rainfall,0.0,2025-10-16 21:00:00
5870,257,soil_moisture,32.02,2025-07-03 10:00:00
5871,133,soil_moisture,38.38,2025-07-02 11:00:00
5872,418,temperature,33.53,2025-09-05 19:00:00
5873,311,humidity,44.78,2025-10-08 12:00:00
5874,322,humidity,63.36,2026-01-17 03:00:00
5875,28,soil_moisture,40.03,2025-07-09 06:00:00
5876,89,humidity,64.41,2026-02-27 21:00:00
5877,403,temperature,30.87,2025-11-06 12:00:00
5878,446,humidity,52.03,2026-04-20 22:00:00
5879,114,temperature,22.45,2026-04-21 13:00:00
5880,1,temperature,26.51,2026-02-28 17:00:00
5881,318,soil_moisture,42.31,2026-04-06 11:00:00
5882,123,humidity,55.75,2025-11-16 08:00:00
5883,296,humidity,57.26,2025-08-21 13:00:00
5884,128,rainfall,0.0,2025-07-11 04:00:00
5885,403,rainfall,0.0,2025-11-05 19:00:00
5886,137,humidity,49.09,2026-03-12 16:00:00
5887,60,humidity,50.13,2026-03-07 04:00:00
5888,135,temperature,29.76,2025-12-06 08:00:00
5889,268,soil_moisture,41.12,2025-12-23 20:00:00
5890,136,temperature,34.65,2025-11-11 20:00:00
5891,298,temperature,31.33,2025-09-11 23:00:00
5892,72,temperature,24.0,2025-08-19 07:00:00
5893,32,humidity,72.96,2025-07-26 21:00:00
5894,44,soil_moisture,33.71,2025-10-06 18:00:00
5895,440,humidity,44.81,2025-07-09 09:00:00
5896,46,temperature,32.16,2025-09-19 07:00:00
5897,326,soil_moisture,20.65,2026-03-27 19:00:00
5898,308,humidity,57.31,2025-12-27 03:00:00
5899,4,rainfall,38.51,2026-04-12 00:00:00
5900,123,temperature,20.69,2025-11-16 19:00:00
5901,401,humidity,42.31,2025-12-09 16:00:00
5902,371,temperature,31.97,2026-04-01 15:00:00
5903,296,soil_moisture,42.26,2025-08-20 18:00:00
5904,180,rainfall,0.0,2025-12-25 08:00:00
5905,180,soil_moisture,43.45,2025-12-24 13:00:00
5906,331,rainfall,0.0,2026-04-10 20:00:00
5907,413,rainfall,0.0,2026-01-12 14:00:00
5908,273,soil_moisture,42.93,2026-01-07 04:00:00
5909,296,soil_moisture,45.42,2025-08-21 21:00:00
5910,74,humidity,43.88,2025-10-24 01:00:00
5911,343,soil_moisture,41.4,2026-01-14 16:00:00
5912,146,humidity,52.93,2025-08-15 22:00:00
5913,122,soil_moisture,44.02,2025-12-21 23:00:00
5914,362,humidity,63.89,2026-04-17 05:00:00
5915,6,soil_moisture,44.58,2025-08-11 16:00:00
5916,431,soil_moisture,35.71,2025-07-02 20:00:00
5917,137,rainfall,0.0,2026-03-13 16:00:00
5918,143,rainfall,0.0,2025-08-11 16:00:00
5919,296,temperature,34.08,2025-08-21 05:00:00
5920,171,temperature,30.05,2026-01-16 17:00:00
5921,308,rainfall,0.0,2025-12-27 04:00:00
5922,330,temperature,32.5,2025-10-02 22:00:00
5923,117,soil_moisture,26.8,2025-08-21 15:00:00
5924,55,humidity,59.52,2025-09-01 04:00:00
5925,128,humidity,50.55,2025-07-11 00:00:00
5926,294,temperature,32.08,2026-01-03 16:00:00
5927,72,temperature,23.33,2025-08-20 14:00:00
5928,290,soil_moisture,19.35,2026-02-26 20:00:00
5929,223,humidity,64.04,2025-12-15 10:00:00
5930,142,temperature,28.66,2025-11-16 16:00:00
5931,364,humidity,60.0,2025-12-21 08:00:00
5932,184,temperature,35.33,2026-01-07 11:00:00
5933,238,rainfall,0.0,2025-11-25 17:00:00
5934,29,soil_moisture,24.33,2026-01-19 03:00:00
5935,440,soil_moisture,42.79,2025-07-09 14:00:00
5936,326,soil_moisture,21.36,2026-03-27 05:00:00
5937,223,soil_moisture,27.84,2025-12-13 22:00:00
5938,229,humidity,56.54,2025-11-12 12:00:00
5939,287,soil_moisture,44.56,2026-04-04 18:00:00
5940,44,humidity,57.49,2025-10-07 07:00:00
5941,295,rainfall,0.0,2026-04-11 08:00:00
5942,444,soil_moisture,38.02,2025-12-11 22:00:00
5943,72,rainfall,0.0,2025-08-20 06:00:00
5944,44,soil_moisture,28.36,2025-10-06 08:00:00
5945,48,humidity,44.51,2025-12-31 11:00:00
5946,117,humidity,44.49,2025-08-21 15:00:00
5947,260,rainfall,43.75,2025-09-21 17:00:00
5948,257,humidity,71.04,2025-07-04 21:00:00
5949,135,humidity,66.83,2025-12-05 19:00:00
5950,45,temperature,20.22,2026-02-09 14:00:00
5951,4,rainfall,0.0,2026-04-12 04:00:00
5952,354,rainfall,0.0,2026-03-07 10:00:00
5953,323,humidity,54.33,2025-07-26 10:00:00
5954,403,soil_moisture,29.87,2025-11-06 12:00:00
5955,159,humidity,46.68,2025-09-20 18:00:00
5956,205,soil_moisture,41.5,2025-12-25 17:00:00
5957,306,temperature,34.65,2025-12-29 13:00:00
5958,272,rainfall,0.0,2025-12-02 18:00:00
5959,137,rainfall,0.0,2026-03-14 02:00:00
5960,186,rainfall,0.0,2026-01-28 21:00:00
5961,161,temperature,26.91,2026-01-08 02:00:00
5962,377,rainfall,0.0,2025-07-13 16:00:00
5963,47,temperature,30.56,2025-10-05 00:00:00
5964,117,soil_moisture,32.31,2025-08-21 04:00:00
5965,381,humidity,51.58,2025-10-26 10:00:00
5966,233,soil_moisture,33.02,2025-12-14 12:00:00
5967,211,rainfall,40.56,2026-02-04 02:00:00
5968,376,rainfall,55.74,2025-09-13 20:00:00
5969,178,soil_moisture,27.46,2025-12-17 09:00:00
5970,196,temperature,21.87,2026-02-15 02:00:00
5971,324,soil_moisture,20.51,2026-01-27 19:00:00
5972,342,rainfall,0.0,2026-03-28 14:00:00
5973,361,soil_moisture,26.69,2025-10-18 18:00:00
5974,82,rainfall,0.0,2026-02-21 23:00:00
5975,7,rainfall,0.0,2025-12-16 20:00:00
5976,402,temperature,32.36,2026-03-29 21:00:00
5977,126,temperature,35.19,2025-08-17 14:00:00
5978,105,humidity,37.21,2026-01-27 08:00:00
5979,185,temperature,31.28,2026-03-04 18:00:00
5980,77,rainfall,0.0,2026-03-26 01:00:00
5981,136,temperature,31.55,2025-11-12 21:00:00
5982,300,rainfall,0.0,2025-10-25 15:00:00
5983,128,humidity,40.3,2025-07-09 21:00:00
5984,53,soil_moisture,26.74,2026-03-02 02:00:00
5985,306,humidity,69.48,2025-12-29 11:00:00
5986,442,temperature,34.02,2025-10-14 13:00:00
5987,210,temperature,29.67,2025-11-04 12:00:00
5988,377,humidity,38.91,2025-07-12 07:00:00
5989,391,soil_moisture,39.98,2025-06-27 12:00:00
5990,327,soil_moisture,39.41,2025-07-28 01:00:00
5991,71,rainfall,44.96,2025-10-01 12:00:00
5992,191,temperature,31.28,2026-04-07 17:00:00
5993,140,temperature,28.07,2025-09-13 15:00:00
5994,191,rainfall,51.16,2026-04-06 23:00:00
5995,178,soil_moisture,32.55,2025-12-16 21:00:00
5996,309,soil_moisture,25.32,2026-04-09 04:00:00
5997,135,soil_moisture,46.17,2025-12-05 07:00:00
5998,71,soil_moisture,45.79,2025-10-02 04:00:00
5999,436,temperature,26.12,2026-02-12 05:00:00
6000,376,soil_moisture,46.14,2025-09-14 20:00:00
6001,61,soil_moisture,45.65,2026-02-06 23:00:00
6002,43,soil_moisture,34.47,2025-09-13 14:00:00
6003,73,rainfall,0.0,2025-10-09 01:00:00
6004,446,temperature,25.66,2026-04-20 20:00:00
6005,73,humidity,73.81,2025-10-07 14:00:00
6006,330,temperature,30.91,2025-10-02 20:00:00
6007,411,rainfall,0.0,2025-08-24 09:00:00
6008,177,temperature,999.9,2026-03-12 06:00:00
6009,16,soil_moisture,43.61,2025-08-19 17:00:00
6010,72,rainfall,0.0,2025-08-20 13:00:00
6011,24,temperature,28.65,2026-03-05 20:00:00
6012,396,rainfall,0.0,2025-07-04 19:00:00
6013,296,temperature,36.44,2025-08-21 01:00:00
6014,166,humidity,53.79,2025-11-30 20:00:00
6015,311,temperature,24.37,2025-10-07 04:00:00
6016,134,soil_moisture,45.14,2026-01-08 09:00:00
6017,191,temperature,30.1,2026-04-06 22:00:00
6018,257,soil_moisture,23.21,2025-07-04 08:00:00
6019,361,rainfall,0.0,2025-10-18 06:00:00
6020,238,humidity,79.8,2025-11-24 21:00:00
6021,148,humidity,57.86,2025-12-03 09:00:00
6022,330,rainfall,63.99,2025-10-01 12:00:00
6023,66,soil_moisture,30.22,2026-01-07 05:00:00
6024,24,humidity,51.29,2026-03-04 07:00:00
6025,283,temperature,29.51,2026-02-22 16:00:00
6026,446,humidity,50.63,2026-04-21 13:00:00
6027,411,temperature,25.36,2025-08-23 10:00:00
6028,255,temperature,22.58,2025-11-04 07:00:00
6029,300,rainfall,37.62,2025-10-27 03:00:00
6030,47,soil_moisture,32.02,2025-10-05 07:00:00
6031,287,rainfall,0.0,2026-04-05 03:00:00
6032,159,rainfall,0.0,2025-09-20 04:00:00
6033,196,temperature,23.9,2026-02-15 19:00:00
6034,128,soil_moisture,46.05,2025-07-11 05:00:00
6035,293,rainfall,0.0,2026-02-09 02:00:00
6036,72,temperature,23.1,2025-08-19 21:00:00
6037,411,soil_moisture,40.33,2025-08-24 20:00:00
6038,335,humidity,59.26,2025-09-05 11:00:00
6039,372,humidity,48.91,2025-10-28 18:00:00
6040,89,soil_moisture,40.52,2026-02-27 17:00:00
6041,306,rainfall,0.0,2025-12-31 00:00:00
6042,335,rainfall,65.14,2025-09-05 09:00:00
6043,13,humidity,64.31,2025-11-01 14:00:00
6044,368,humidity,66.82,2026-03-04 03:00:00
6045,140,temperature,25.61,2025-09-13 16:00:00
6046,44,rainfall,0.0,2025-10-08 01:00:00
6047,10,soil_moisture,41.12,2026-03-29 01:00:00
6048,354,soil_moisture,25.86,2026-03-06 19:00:00
6049,310,soil_moisture,31.51,2025-12-22 07:00:00
6050,386,soil_moisture,38.89,2026-04-05 05:00:00
6051,287,rainfall,0.0,2026-04-04 21:00:00
6052,133,rainfall,0.0,2025-07-02 04:00:00
6053,169,soil_moisture,47.46,2026-03-22 11:00:00
6054,170,soil_moisture,41.13,2025-07-05 06:00:00
6055,89,soil_moisture,41.83,2026-02-27 11:00:00
6056,346,soil_moisture,33.82,2025-09-24 06:00:00
6057,16,soil_moisture,45.14,2025-08-18 11:00:00
6058,371,humidity,60.68,2026-03-31 07:00:00
6059,385,temperature,22.65,2026-03-22 20:00:00
6060,24,humidity,40.55,2026-03-04 14:00:00
6061,94,rainfall,0.0,2025-09-28 05:00:00
6062,272,humidity,60.61,2025-12-03 18:00:00
6063,272,rainfall,0.0,2025-12-04 21:00:00
6064,419,temperature,26.27,2025-09-24 14:00:00
6065,419,rainfall,0.0,2025-09-25 12:00:00
6066,169,soil_moisture,42.07,2026-03-23 05:00:00
6067,154,soil_moisture,31.5,2025-08-21 03:00:00
6068,240,temperature,21.3,2026-04-22 04:00:00
6069,411,temperature,29.69,2025-08-24 13:00:00
6070,185,temperature,30.98,2026-03-06 07:00:00
6071,419,humidity,53.92,2025-09-25 17:00:00
6072,368,humidity,73.02,2026-03-04 15:00:00
6073,335,temperature,23.27,2025-09-03 16:00:00
6074,305,humidity,45.06,2025-06-27 16:00:00
6075,215,temperature,21.85,2026-03-14 22:00:00
6076,154,soil_moisture,36.19,2025-08-21 16:00:00
6077,72,humidity,52.37,2025-08-21 00:00:00
6078,204,temperature,33.01,2025-08-24 06:00:00
6079,277,temperature,31.34,2025-09-11 00:00:00
6080,146,rainfall,0.0,2025-08-16 18:00:00
6081,362,rainfall,28.64,2026-04-18 17:00:00
6082,326,humidity,44.71,2026-03-26 15:00:00
6083,165,rainfall,0.0,2025-07-02 06:00:00
6084,66,soil_moisture,27.06,2026-01-06 16:00:00
6085,29,rainfall,0.0,2026-01-18 17:00:00
6086,372,humidity,59.22,2025-10-28 01:00:00
6087,17,temperature,31.39,2025-07-19 09:00:00
6088,401,humidity,52.24,2025-12-09 19:00:00
6089,447,temperature,26.14,2025-09-19 08:00:00
6090,288,soil_moisture,32.1,2025-07-06 03:00:00
6091,137,humidity,39.94,2026-03-13 10:00:00
6092,208,humidity,62.67,2026-01-16 09:00:00
6093,215,temperature,19.27,2026-03-16 01:00:00
6094,50,temperature,19.99,2026-03-10 14:00:00
6095,46,temperature,29.7,2025-09-21 14:00:00
6096,303,temperature,31.65,2025-08-21 07:00:00
6097,240,humidity,64.31,2026-04-21 10:00:00
6098,235,soil_moisture,36.85,2026-03-31 08:00:00
6099,418,temperature,34.08,2025-09-06 09:00:00
6100,436,rainfall,0.0,2026-02-13 05:00:00
6101,362,temperature,22.09,2026-04-19 19:00:00
6102,293,rainfall,46.13,2026-02-08 14:00:00
6103,47,humidity,58.79,2025-10-05 19:00:00
6104,103,temperature,18.6,2026-01-09 21:00:00
6105,72,soil_moisture,44.97,2025-08-19 05:00:00
6106,184,rainfall,0.0,2026-01-06 16:00:00
6107,6,temperature,25.85,2025-08-11 02:00:00
6108,341,temperature,33.43,2025-11-25 14:00:00
6109,32,humidity,64.64,2025-07-27 22:00:00
6110,89,soil_moisture,40.34,2026-02-28 01:00:00
6111,66,temperature,21.08,2026-01-06 08:00:00
6112,65,temperature,25.33,2025-07-08 14:00:00
6113,10,temperature,25.75,2026-03-28 03:00:00
6114,82,soil_moisture,35.27,2026-02-22 00:00:00
6115,49,rainfall,0.0,2025-09-30 09:00:00
6116,4,humidity,55.99,2026-04-12 06:00:00
6117,391,humidity,59.43,2025-06-26 09:00:00
6118,449,temperature,35.62,2025-09-16 21:00:00
6119,300,rainfall,0.0,2025-10-27 05:00:00
6120,223,temperature,24.96,2025-12-13 12:00:00
6121,303,temperature,30.61,2025-08-22 02:00:00
6122,61,humidity,46.9,2026-02-06 07:00:00
6123,48,humidity,46.48,2025-12-31 18:00:00
6124,50,temperature,24.11,2026-03-09 09:00:00
6125,402,temperature,30.97,2026-03-28 09:00:00
6126,190,soil_moisture,43.32,2026-02-09 19:00:00
6127,356,soil_moisture,35.02,2025-12-13 19:00:00
6128,364,temperature,37.26,2025-12-22 00:00:00
6129,411,soil_moisture,29.81,2025-08-24 17:00:00
6130,53,humidity,47.61,2026-03-03 01:00:00
6131,169,rainfall,0.0,2026-03-24 08:00:00
6132,255,temperature,24.84,2025-11-02 15:00:00
6133,255,soil_moisture,47.91,2025-11-04 08:00:00
6134,180,temperature,32.37,2025-12-24 09:00:00
6135,427,rainfall,0.0,2025-07-10 20:00:00
6136,178,rainfall,0.0,2025-12-16 05:00:00
6137,353,rainfall,48.74,2026-03-19 20:00:00
6138,257,temperature,33.47,2025-07-04 22:00:00
6139,326,rainfall,0.0,2026-03-27 06:00:00
6140,59,rainfall,51.79,2025-12-10 04:00:00
6141,424,humidity,36.43,2026-01-07 10:00:00
6142,413,soil_moisture,40.41,2026-01-12 01:00:00
6143,402,soil_moisture,28.32,2026-03-28 01:00:00
6144,227,soil_moisture,47.33,2025-10-17 20:00:00
6145,122,humidity,71.21,2025-12-23 02:00:00
6146,205,soil_moisture,42.54,2025-12-24 15:00:00
6147,148,temperature,31.97,2025-12-02 11:00:00
6148,50,soil_moisture,29.94,2026-03-10 14:00:00
6149,222,temperature,27.16,2025-10-16 06:00:00
6150,49,soil_moisture,34.88,2025-09-30 06:00:00
6151,113,soil_moisture,33.22,2025-07-28 09:00:00
6152,386,humidity,67.6,2026-04-05 21:00:00
6153,340,temperature,34.16,2025-12-26 16:00:00
6154,272,rainfall,38.86,2025-12-04 08:00:00
6155,154,soil_moisture,33.74,2025-08-21 10:00:00
6156,306,soil_moisture,36.09,2025-12-30 05:00:00
6157,354,humidity,64.34,2026-03-07 09:00:00
6158,424,soil_moisture,27.75,2026-01-05 12:00:00
6159,340,humidity,49.63,2025-12-25 17:00:00
6160,135,humidity,61.48,2025-12-07 06:00:00
6161,288,humidity,72.08,2025-07-07 07:00:00
6162,103,temperature,20.42,2026-01-08 10:00:00
6163,168,soil_moisture,24.32,2026-03-29 22:00:00
6164,277,humidity,79.08,2025-09-11 07:00:00
6165,48,temperature,30.11,2025-12-30 21:00:00
6166,197,humidity,45.97,2026-03-15 13:00:00
6167,240,humidity,68.61,2026-04-23 12:00:00
6168,428,temperature,25.11,2026-01-30 03:00:00
6169,300,humidity,74.17,2025-10-26 21:00:00
6170,205,rainfall,0.0,2025-12-24 08:00:00
6171,4,rainfall,0.0,2026-04-12 03:00:00
6172,166,soil_moisture,22.09,2025-11-29 01:00:00
6173,4,rainfall,0.0,2026-04-13 12:00:00
6174,4,temperature,31.05,2026-04-13 01:00:00
6175,142,soil_moisture,35.06,2025-11-16 08:00:00
6176,16,temperature,24.22,2025-08-18 06:00:00
6177,222,soil_moisture,47.82,2025-10-16 09:00:00
6178,65,temperature,21.88,2025-07-08 21:00:00
6179,99,temperature,32.73,2025-10-08 14:00:00
6180,7,temperature,28.74,2025-12-16 03:00:00
6181,4,humidity,64.62,2026-04-11 06:00:00
6182,6,rainfall,0.0,2025-08-12 05:00:00
6183,147,rainfall,0.0,2026-03-08 01:00:00
6184,157,soil_moisture,32.94,2026-01-20 17:00:00
6185,370,temperature,20.95,2025-07-08 10:00:00
6186,235,humidity,66.42,2026-03-30 13:00:00
6187,211,soil_moisture,19.0,2026-02-02 01:00:00
6188,311,temperature,25.65,2025-10-07 03:00:00
6189,226,soil_moisture,28.25,2026-04-22 15:00:00
6190,142,rainfall,0.0,2025-11-17 07:00:00
6191,222,soil_moisture,32.04,2025-10-16 08:00:00
6192,277,temperature,31.5,2025-09-11 16:00:00
6193,113,humidity,50.41,2025-07-27 04:00:00
6194,66,soil_moisture,25.3,2026-01-06 14:00:00
6195,300,rainfall,51.82,2025-10-27 08:00:00
6196,72,temperature,24.97,2025-08-19 04:00:00
6197,341,soil_moisture,44.9,2025-11-24 17:00:00
6198,159,soil_moisture,22.51,2025-09-19 10:00:00
6199,371,humidity,57.25,2026-03-31 13:00:00
6200,282,soil_moisture,43.36,2026-01-10 00:00:00
6201,136,soil_moisture,29.67,2025-11-10 09:00:00
6202,326,rainfall,0.0,2026-03-27 23:00:00
6203,372,soil_moisture,38.93,2025-10-28 22:00:00
6204,13,temperature,25.38,2025-11-02 12:00:00
6205,48,temperature,28.99,2025-12-31 14:00:00
6206,137,rainfall,0.0,2026-03-12 01:00:00
6207,143,rainfall,0.0,2025-08-10 04:00:00
6208,59,humidity,62.51,2025-12-09 23:00:00
6209,171,rainfall,27.3,2026-01-16 02:00:00
6210,340,rainfall,0.0,2025-12-27 04:00:00
6211,238,humidity,72.41,2025-11-24 10:00:00
6212,66,temperature,21.13,2026-01-06 02:00:00
6213,16,rainfall,0.0,2025-08-18 15:00:00
6214,277,rainfall,0.0,2025-09-12 06:00:00
6215,204,humidity,58.81,2025-08-23 01:00:00
6216,136,humidity,60.99,2025-11-10 06:00:00
6217,385,temperature,23.76,2026-03-22 10:00:00
6218,386,temperature,25.81,2026-04-04 22:00:00
6219,61,temperature,28.09,2026-02-05 19:00:00
6220,306,humidity,81.96,2025-12-30 01:00:00
6221,32,rainfall,40.67,2025-07-26 21:00:00
6222,171,humidity,46.55,2026-01-15 15:00:00
6223,396,temperature,32.81,2025-07-04 15:00:00
6224,367,rainfall,0.0,2025-11-21 15:00:00
6225,29,temperature,30.9,2026-01-18 02:00:00
6226,169,rainfall,0.0,2026-03-22 08:00:00
6227,419,rainfall,23.64,2025-09-26 16:00:00
6228,201,humidity,62.54,2026-03-31 03:00:00
6229,47,rainfall,0.0,2025-10-06 01:00:00
6230,428,humidity,42.03,2026-01-31 19:00:00
6231,99,rainfall,33.85,2025-10-09 08:00:00
6232,446,soil_moisture,44.33,2026-04-21 17:00:00
6233,421,temperature,27.12,2025-07-13 04:00:00
6234,5,soil_moisture,24.23,2026-04-08 01:00:00
6235,76,humidity,64.4,2026-04-15 12:00:00
6236,147,humidity,74.42,2026-03-09 12:00:00
6237,7,temperature,31.2,2025-12-15 08:00:00
6238,442,soil_moisture,50.03,2025-10-14 06:00:00
6239,48,soil_moisture,47.58,2025-12-30 05:00:00
6240,436,humidity,65.72,2026-02-11 13:00:00
6241,290,humidity,41.74,2026-02-25 02:00:00
6242,117,rainfall,37.48,2025-08-22 17:00:00
6243,89,humidity,62.26,2026-02-27 18:00:00
6244,442,temperature,35.91,2025-10-14 18:00:00
6245,321,rainfall,0.0,2025-09-12 05:00:00
6246,447,temperature,23.53,2025-09-19 09:00:00
6247,446,temperature,25.78,2026-04-20 09:00:00
6248,381,temperature,36.39,2025-10-25 09:00:00
6249,296,humidity,59.87,2025-08-20 12:00:00
6250,364,soil_moisture,36.67,2025-12-21 03:00:00
6251,384,soil_moisture,24.9,2025-08-16 22:00:00
6252,74,rainfall,0.0,2025-10-23 17:00:00
6253,386,soil_moisture,44.09,2026-04-06 06:00:00
6254,193,rainfall,0.0,2026-03-20 10:00:00
6255,277,soil_moisture,35.17,2025-09-10 12:00:00
6256,18,soil_moisture,28.85,2026-03-15 06:00:00
6257,77,temperature,20.76,2026-03-27 04:00:00
6258,364,humidity,55.48,2025-12-20 10:00:00
6259,103,rainfall,35.38,2026-01-08 13:00:00
6260,211,rainfall,0.0,2026-02-02 08:00:00
6261,220,humidity,44.0,2026-01-30 06:00:00
6262,340,humidity,42.13,2025-12-25 09:00:00
6263,331,rainfall,0.0,2026-04-10 23:00:00
6264,396,soil_moisture,38.04,2025-07-04 18:00:00
6265,151,humidity,62.36,2026-03-18 13:00:00
6266,4,humidity,60.15,2026-04-12 23:00:00
6267,290,humidity,53.69,2026-02-27 05:00:00
6268,77,soil_moisture,26.76,2026-03-26 19:00:00
6269,425,temperature,33.01,2025-09-08 04:00:00
6270,294,soil_moisture,17.88,2026-01-04 22:00:00
6271,126,rainfall,49.18,2025-08-18 19:00:00
6272,238,soil_moisture,35.61,2025-11-24 13:00:00
6273,309,humidity,43.29,2026-04-09 08:00:00
6274,446,soil_moisture,47.29,2026-04-21 09:00:00
6275,436,soil_moisture,20.25,2026-02-12 11:00:00
6276,376,rainfall,0.0,2025-09-14 19:00:00
6277,223,humidity,63.45,2025-12-14 17:00:00
6278,351,rainfall,0.0,2026-02-12 14:00:00
6279,396,humidity,47.87,2025-07-05 17:00:00
6280,128,temperature,22.44,2025-07-11 04:00:00
6281,401,soil_moisture,25.24,2025-12-10 13:00:00
6282,74,humidity,53.42,2025-10-22 11:00:00
6283,180,soil_moisture,41.43,2025-12-26 11:00:00
6284,163,soil_moisture,41.46,2025-07-04 00:00:00
6285,171,humidity,46.59,2026-01-15 12:00:00
6286,351,humidity,46.0,2026-02-12 17:00:00
6287,318,soil_moisture,41.41,2026-04-04 01:00:00
6288,283,temperature,28.47,2026-02-22 06:00:00
6289,255,rainfall,0.0,2025-11-03 19:00:00
6290,5,rainfall,24.82,2026-04-08 15:00:00
6291,28,temperature,20.17,2025-07-09 22:00:00
6292,384,temperature,21.98,2025-08-16 12:00:00
6293,421,rainfall,26.6,2025-07-13 03:00:00
6294,125,soil_moisture,35.39,2025-11-20 08:00:00
6295,305,rainfall,41.19,2025-06-27 10:00:00
6296,384,humidity,50.63,2025-08-18 17:00:00
6297,343,soil_moisture,44.0,2026-01-12 22:00:00
6298,36,soil_moisture,28.68,2026-03-18 07:00:00
6299,353,rainfall,0.0,2026-03-19 12:00:00
6300,66,soil_moisture,26.52,2026-01-06 10:00:00
6301,142,soil_moisture,37.04,2025-11-15 15:00:00
6302,282,temperature,31.65,2026-01-09 12:00:00
6303,331,rainfall,0.0,2026-04-10 13:00:00
6304,105,rainfall,41.96,2026-01-27 02:00:00
6305,178,humidity,52.94,2025-12-17 00:00:00
6306,323,rainfall,24.36,2025-07-25 20:00:00
6307,74,humidity,44.74,2025-10-22 09:00:00
6308,97,rainfall,0.0,2026-02-13 07:00:00
6309,44,rainfall,42.17,2025-10-06 04:00:00
6310,356,rainfall,42.75,2025-12-14 19:00:00
6311,295,temperature,19.97,2026-04-10 09:00:00
6312,77,soil_moisture,24.7,2026-03-28 17:00:00
6313,97,temperature,30.29,2026-02-13 01:00:00
6314,293,temperature,20.04,2026-02-08 08:00:00
6315,356,soil_moisture,35.12,2025-12-12 05:00:00
6316,17,temperature,28.73,2025-07-20 21:00:00
6317,177,soil_moisture,18.02,2026-03-12 03:00:00
6318,186,temperature,23.8,2026-01-28 01:00:00
6319,4,humidity,59.87,2026-04-13 09:00:00
6320,129,temperature,33.51,2026-04-20 06:00:00
6321,324,soil_moisture,22.05,2026-01-26 13:00:00
6322,45,humidity,44.17,2026-02-09 02:00:00
6323,260,soil_moisture,26.69,2025-09-22 21:00:00
6324,66,rainfall,0.0,2026-01-06 20:00:00
6325,385,temperature,22.45,2026-03-23 03:00:00
6326,50,rainfall,23.6,2026-03-09 05:00:00
6327,362,soil_moisture,24.83,2026-04-18 21:00:00
6328,411,soil_moisture,33.93,2025-08-23 03:00:00
6329,193,humidity,57.54,2026-03-19 20:00:00
6330,362,humidity,51.36,2026-04-18 22:00:00
6331,168,temperature,21.94,2026-03-27 01:00:00
6332,113,soil_moisture,32.4,2025-07-28 07:00:00
6333,260,humidity,62.97,2025-09-22 03:00:00
6334,431,temperature,29.92,2025-07-01 17:00:00
6335,82,rainfall,0.0,2026-02-20 12:00:00
6336,396,rainfall,0.0,2025-07-06 11:00:00
6337,135,humidity,66.34,2025-12-05 13:00:00
6338,46,soil_moisture,34.02,2025-09-19 20:00:00
6339,381,soil_moisture,46.2,2025-10-24 12:00:00
6340,273,soil_moisture,39.86,2026-01-08 08:00:00
6341,403,temperature,31.3,2025-11-07 14:00:00
6342,235,humidity,60.91,2026-03-31 16:00:00
6343,442,temperature,38.91,2025-10-15 20:00:00
6344,448,temperature,26.02,2025-12-13 16:00:00
6345,442,rainfall,0.0,2025-10-14 22:00:00
6346,343,soil_moisture,42.91,2026-01-12 04:00:00
6347,444,rainfall,0.0,2025-12-12 09:00:00
6348,4,rainfall,50.65,2026-04-11 23:00:00
6349,148,rainfall,0.0,2025-12-03 01:00:00
6350,105,soil_moisture,41.72,2026-01-27 06:00:00
6351,382,temperature,21.67,2025-07-31 05:00:00
6352,273,temperature,25.51,2026-01-06 14:00:00
6353,372,rainfall,0.0,2025-10-28 15:00:00
6354,310,humidity,65.55,2025-12-22 01:00:00
6355,233,rainfall,45.87,2025-12-15 20:00:00
6356,196,soil_moisture,47.88,2026-02-15 02:00:00
6357,396,rainfall,0.0,2025-07-04 05:00:00
6358,296,humidity,52.89,2025-08-21 03:00:00
6359,377,rainfall,50.2,2025-07-11 08:00:00
6360,335,humidity,64.22,2025-09-04 22:00:00
6361,376,rainfall,0.0,2025-09-13 15:00:00
6362,341,rainfall,0.0,2025-11-24 23:00:00
6363,318,rainfall,27.31,2026-04-05 00:00:00
6364,386,soil_moisture,37.29,2026-04-06 00:00:00
6365,65,humidity,72.91,2025-07-09 13:00:00
6366,59,soil_moisture,45.51,2025-12-10 11:00:00
6367,1,soil_moisture,36.89,2026-03-02 08:00:00
6368,157,rainfall,0.0,2026-01-21 04:00:00
6369,389,humidity,40.18,2026-03-16 13:00:00
6370,368,rainfall,0.0,2026-03-05 01:00:00
6371,306,humidity,66.97,2025-12-29 15:00:00
6372,364,humidity,64.21,2025-12-21 13:00:00
6373,240,humidity,64.31,2026-04-21 10:00:00
6374,220,soil_moisture,25.77,2026-01-30 01:00:00
6375,310,humidity,63.0,2025-12-22 23:00:00
6376,227,humidity,60.23,2025-10-18 02:00:00
6377,310,rainfall,0.0,2025-12-22 02:00:00
6378,403,humidity,60.0,2025-11-05 08:00:00
6379,370,temperature,22.43,2025-07-09 18:00:00
6380,309,humidity,46.01,2026-04-07 05:00:00
6381,418,rainfall,0.0,2025-09-07 12:00:00
6382,168,rainfall,38.58,2026-03-29 12:00:00
6383,421,soil_moisture,22.26,2025-07-12 09:00:00
6384,424,humidity,29.69,2026-01-05 12:00:00
6385,91,rainfall,31.15,2026-02-22 14:00:00
6386,220,humidity,40.26,2026-01-29 09:00:00
6387,240,temperature,25.76,2026-04-22 01:00:00
6388,5,rainfall,30.11,2026-04-08 10:00:00
6389,61,rainfall,20.56,2026-02-05 08:00:00
6390,340,temperature,34.31,2025-12-25 02:00:00
6391,229,temperature,26.71,2025-11-12 13:00:00
6392,311,temperature,25.24,2025-10-08 05:00:00
6393,361,rainfall,40.35,2025-10-19 00:00:00
6394,282,rainfall,0.0,2026-01-10 21:00:00
6395,125,rainfall,0.0,2025-11-20 12:00:00
6396,142,rainfall,40.14,2025-11-15 17:00:00
6397,77,rainfall,0.0,2026-03-26 12:00:00
6398,208,soil_moisture,22.58,2026-01-16 09:00:00
6399,308,soil_moisture,33.37,2025-12-26 03:00:00
6400,70,humidity,46.45,2025-12-10 08:00:00
6401,427,temperature,35.9,2025-07-11 03:00:00
6402,448,humidity,78.12,2025-12-13 18:00:00
6403,376,soil_moisture,35.78,2025-09-14 04:00:00
6404,154,humidity,73.77,2025-08-20 07:00:00
6405,90,soil_moisture,43.75,2025-08-19 12:00:00
6406,377,soil_moisture,39.43,2025-07-12 21:00:00
6407,222,humidity,999.9,2025-10-16 10:00:00
6408,342,humidity,65.71,2026-03-29 05:00:00
6409,196,humidity,63.36,2026-02-16 17:00:00
6410,148,rainfall,0.0,2025-12-02 11:00:00
6411,227,rainfall,0.0,2025-10-16 15:00:00
6412,238,temperature,28.39,2025-11-25 20:00:00
6413,401,rainfall,0.0,2025-12-09 01:00:00
6414,294,humidity,42.78,2026-01-05 15:00:00
6415,371,temperature,29.49,2026-04-01 09:00:00
6416,385,soil_moisture,23.37,2026-03-24 05:00:00
6417,17,soil_moisture,27.33,2025-07-19 16:00:00
6418,402,rainfall,0.0,2026-03-28 13:00:00
6419,368,humidity,67.31,2026-03-04 14:00:00
6420,114,soil_moisture,29.26,2026-04-20 05:00:00
6421,444,soil_moisture,30.7,2025-12-13 07:00:00
6422,61,soil_moisture,41.97,2026-02-06 00:00:00
6423,76,humidity,74.99,2026-04-16 09:00:00
6424,326,humidity,49.06,2026-03-26 07:00:00
6425,70,soil_moisture,27.45,2025-12-09 10:00:00
6426,327,rainfall,43.74,2025-07-30 07:00:00
6427,114,rainfall,28.08,2026-04-19 08:00:00
6428,44,soil_moisture,32.4,2025-10-08 03:00:00
6429,371,soil_moisture,23.12,2026-03-31 12:00:00
6430,223,soil_moisture,28.08,2025-12-13 19:00:00
6431,44,temperature,27.64,2025-10-06 12:00:00
6432,193,soil_moisture,38.21,2026-03-20 10:00:00
6433,208,rainfall,42.55,2026-01-17 07:00:00
6434,440,humidity,46.45,2025-07-10 15:00:00
6435,285,soil_moisture,20.59,2025-09-06 00:00:00
6436,171,temperature,28.02,2026-01-15 03:00:00
6437,331,humidity,47.37,2026-04-11 02:00:00
6438,386,humidity,67.77,2026-04-05 16:00:00
6439,184,soil_moisture,29.08,2026-01-07 03:00:00
6440,361,humidity,71.49,2025-10-18 13:00:00
6441,431,temperature,27.99,2025-07-01 12:00:00
6442,126,rainfall,0.0,2025-08-18 22:00:00
6443,82,humidity,45.9,2026-02-21 16:00:00
6444,185,temperature,28.31,2026-03-04 21:00:00
6445,240,rainfall,0.0,2026-04-21 01:00:00
6446,354,humidity,71.43,2026-03-06 04:00:00
6447,208,rainfall,0.0,2026-01-16 01:00:00
6448,411,soil_moisture,37.91,2025-08-24 01:00:00
6449,117,rainfall,0.0,2025-08-22 20:00:00
6450,4,rainfall,53.45,2026-04-11 07:00:00
6451,288,rainfall,41.78,2025-07-07 09:00:00
6452,55,humidity,68.63,2025-09-02 02:00:00
6453,126,humidity,55.58,2025-08-18 14:00:00
6454,70,soil_moisture,28.5,2025-12-09 11:00:00
6455,293,humidity,54.66,2026-02-10 08:00:00
6456,137,soil_moisture,22.63,2026-03-14 18:00:00
6457,126,rainfall,0.0,2025-08-18 03:00:00
6458,48,soil_moisture,45.94,2025-12-31 03:00:00
6459,372,soil_moisture,32.65,2025-10-28 11:00:00
6460,71,humidity,52.61,2025-10-01 06:00:00
6461,50,soil_moisture,29.94,2026-03-09 22:00:00
6462,91,humidity,67.58,2026-02-23 04:00:00
6463,46,humidity,70.11,2025-09-21 10:00:00
6464,113,humidity,46.18,2025-07-28 20:00:00
6465,167,soil_moisture,43.97,2025-12-24 06:00:00
6466,444,humidity,63.07,2025-12-12 13:00:00
6467,382,soil_moisture,42.88,2025-07-30 14:00:00
6468,180,temperature,25.89,2025-12-24 21:00:00
6469,185,humidity,51.14,2026-03-04 10:00:00
6470,191,humidity,59.01,2026-04-07 03:00:00
6471,396,temperature,29.59,2025-07-05 18:00:00
6472,283,temperature,30.54,2026-02-21 12:00:00
6473,340,soil_moisture,33.26,2025-12-26 05:00:00
6474,82,soil_moisture,35.74,2026-02-20 02:00:00
6475,277,temperature,28.58,2025-09-11 22:00:00
6476,10,temperature,24.9,2026-03-29 15:00:00
6477,82,humidity,42.18,2026-02-20 10:00:00
6478,403,humidity,48.25,2025-11-07 12:00:00
6479,191,rainfall,0.0,2026-04-06 10:00:00
6480,331,temperature,21.78,2026-04-09 23:00:00
6481,382,soil_moisture,43.41,2025-07-30 22:00:00
6482,402,soil_moisture,26.88,2026-03-28 05:00:00
6483,196,humidity,69.02,2026-02-15 09:00:00
6484,436,temperature,27.85,2026-02-11 18:00:00
6485,424,temperature,26.69,2026-01-06 05:00:00
6486,126,temperature,33.7,2025-08-17 22:00:00
6487,431,rainfall,0.0,2025-07-02 04:00:00
6488,386,soil_moisture,39.24,2026-04-05 17:00:00
6489,401,humidity,59.65,2025-12-09 18:00:00
6490,292,humidity,61.15,2025-09-24 14:00:00
6491,222,temperature,27.29,2025-10-16 08:00:00
6492,168,rainfall,0.0,2026-03-28 16:00:00
6493,46,temperature,33.81,2025-09-20 15:00:00
6494,103,soil_moisture,28.64,2026-01-09 17:00:00
6495,193,soil_moisture,36.1,2026-03-18 11:00:00
6496,447,soil_moisture,23.43,2025-09-20 17:00:00
6497,43,humidity,61.23,2025-09-13 17:00:00
6498,13,temperature,24.4,2025-11-03 06:00:00
6499,340,temperature,33.98,2025-12-27 12:00:00
6500,91,soil_moisture,36.31,2026-02-23 00:00:00
6501,90,rainfall,0.0,2025-08-21 00:00:00
6502,309,humidity,40.17,2026-04-09 01:00:00
6503,384,soil_moisture,22.5,2025-08-18 16:00:00
6504,30,temperature,22.46,2025-08-19 11:00:00
6505,235,temperature,32.54,2026-03-31 15:00:00
6506,44,rainfall,57.43,2025-10-06 09:00:00
6507,89,soil_moisture,37.29,2026-02-26 04:00:00
6508,128,temperature,22.34,2025-07-10 08:00:00
6509,146,humidity,55.4,2025-08-17 00:00:00
6510,403,soil_moisture,39.97,2025-11-05 07:00:00
6511,403,temperature,31.19,2025-11-07 03:00:00
6512,123,soil_moisture,34.68,2025-11-16 06:00:00
6513,303,rainfall,0.0,2025-08-23 03:00:00
6514,59,soil_moisture,40.64,2025-12-10 05:00:00
6515,220,temperature,26.81,2026-01-29 14:00:00
6516,151,rainfall,0.0,2026-03-17 19:00:00
6517,324,rainfall,0.0,2026-01-26 00:00:00
6518,76,humidity,67.03,2026-04-15 20:00:00
6519,135,humidity,59.71,2025-12-07 01:00:00
6520,28,soil_moisture,35.04,2025-07-11 00:00:00
6521,210,temperature,33.04,2025-11-04 11:00:00
6522,177,temperature,18.46,2026-03-12 14:00:00
6523,446,rainfall,0.0,2026-04-22 00:00:00
6524,91,humidity,65.8,2026-02-22 02:00:00
6525,171,rainfall,0.0,2026-01-16 03:00:00
6526,446,soil_moisture,46.95,2026-04-20 06:00:00
6527,24,soil_moisture,31.19,2026-03-04 02:00:00
6528,448,soil_moisture,31.97,2025-12-14 05:00:00
6529,285,humidity,53.34,2025-09-05 01:00:00
6530,113,humidity,52.07,2025-07-29 04:00:00
6531,219,soil_moisture,38.96,2025-11-19 06:00:00
6532,137,rainfall,0.0,2026-03-12 15:00:00
6533,208,humidity,57.8,2026-01-16 18:00:00
6534,60,rainfall,29.09,2026-03-05 12:00:00
6535,53,temperature,24.64,2026-03-03 17:00:00
6536,45,soil_moisture,25.53,2026-02-09 14:00:00
6537,17,rainfall,0.0,2025-07-19 15:00:00
6538,136,temperature,32.14,2025-11-12 02:00:00
6539,311,humidity,40.35,2025-10-08 14:00:00
6540,184,humidity,44.93,2026-01-07 12:00:00
6541,192,soil_moisture,35.28,2026-01-19 09:00:00
6542,310,soil_moisture,29.05,2025-12-23 06:00:00
6543,294,temperature,26.47,2026-01-04 13:00:00
6544,117,temperature,23.86,2025-08-21 15:00:00
6545,449,rainfall,0.0,2025-09-16 22:00:00
6546,381,soil_moisture,47.53,2025-10-25 15:00:00
6547,154,humidity,67.0,2025-08-21 11:00:00
6548,114,soil_moisture,31.15,2026-04-20 00:00:00
6549,306,temperature,33.72,2025-12-29 23:00:00
6550,115,rainfall,0.0,2025-10-25 03:00:00
6551,323,soil_moisture,35.27,2025-07-25 19:00:00
6552,381,soil_moisture,51.6,2025-10-24 10:00:00
6553,9,soil_moisture,34.47,2025-09-19 11:00:00
6554,117,rainfall,35.49,2025-08-21 03:00:00
6555,238,humidity,77.22,2025-11-24 19:00:00
6556,377,soil_moisture,33.36,2025-07-11 18:00:00
6557,178,rainfall,55.2,2025-12-16 20:00:00
6558,113,soil_moisture,33.57,2025-07-27 10:00:00
6559,47,rainfall,0.0,2025-10-04 09:00:00
6560,208,temperature,27.38,2026-01-15 05:00:00
6561,135,rainfall,0.0,2025-12-05 01:00:00
6562,401,temperature,25.36,2025-12-09 05:00:00
6563,268,temperature,20.68,2025-12-24 19:00:00
6564,53,humidity,50.37,2026-03-02 17:00:00
6565,190,temperature,20.59,2026-02-11 06:00:00
6566,226,temperature,32.47,2026-04-22 16:00:00
6567,418,rainfall,0.0,2025-09-07 14:00:00
6568,444,rainfall,0.0,2025-12-12 20:00:00
6569,82,soil_moisture,33.16,2026-02-20 04:00:00
6570,273,humidity,48.81,2026-01-06 06:00:00
6571,125,soil_moisture,44.27,2025-11-20 14:00:00
6572,140,temperature,28.67,2025-09-13 22:00:00
6573,133,humidity,71.36,2025-07-02 21:00:00
6574,419,rainfall,30.05,2025-09-26 04:00:00
6575,340,humidity,45.75,2025-12-26 06:00:00
6576,148,rainfall,0.0,2025-12-03 01:00:00
6577,403,humidity,51.93,2025-11-06 15:00:00
6578,78,soil_moisture,40.54,2025-09-25 10:00:00
6579,97,temperature,34.78,2026-02-13 17:00:00
6580,90,rainfall,0.0,2025-08-20 01:00:00
6581,362,temperature,22.02,2026-04-18 18:00:00
6582,368,soil_moisture,20.5,2026-03-04 19:00:00
6583,298,soil_moisture,35.72,2025-09-13 05:00:00
6584,219,humidity,74.59,2025-11-19 07:00:00
6585,6,soil_moisture,42.9,2025-08-11 08:00:00
6586,428,temperature,22.67,2026-01-31 12:00:00
6587,185,soil_moisture,37.68,2026-03-04 08:00:00
6588,28,rainfall,0.0,2025-07-09 04:00:00
6589,65,temperature,23.5,2025-07-09 16:00:00
6590,91,soil_moisture,38.46,2026-02-22 05:00:00
6591,45,temperature,20.77,2026-02-09 01:00:00
6592,29,soil_moisture,26.23,2026-01-18 11:00:00
6593,419,temperature,22.09,2025-09-24 04:00:00
6594,122,humidity,66.49,2025-12-23 10:00:00
6595,10,humidity,35.25,2026-03-29 00:00:00
6596,324,temperature,23.38,2026-01-25 12:00:00
6597,171,humidity,42.12,2026-01-15 11:00:00
6598,272,humidity,60.99,2025-12-04 02:00:00
6599,321,temperature,27.46,2025-09-10 12:00:00
6600,223,temperature,22.09,2025-12-13 07:00:00
6601,36,rainfall,0.0,2026-03-18 20:00:00
6602,49,soil_moisture,38.69,2025-10-01 15:00:00
6603,205,temperature,26.92,2025-12-25 10:00:00
6604,197,rainfall,23.77,2026-03-15 23:00:00
6605,444,rainfall,29.36,2025-12-12 12:00:00
6606,185,temperature,27.95,2026-03-04 20:00:00
6607,1,humidity,64.27,2026-02-28 17:00:00
6608,290,humidity,46.55,2026-02-25 03:00:00
6609,134,rainfall,0.0,2026-01-07 13:00:00
6610,222,soil_moisture,43.04,2025-10-15 01:00:00
6611,6,rainfall,0.0,2025-08-12 06:00:00
6612,343,rainfall,0.0,2026-01-13 11:00:00
6613,91,humidity,70.07,2026-02-23 19:00:00
6614,61,soil_moisture,43.57,2026-02-07 01:00:00
6615,94,rainfall,0.0,2025-09-29 22:00:00
6616,45,temperature,24.15,2026-02-09 03:00:00
6617,17,temperature,29.0,2025-07-20 17:00:00
6618,204,soil_moisture,38.53,2025-08-23 19:00:00
6619,210,rainfall,0.0,2025-11-04 17:00:00
6620,381,humidity,55.91,2025-10-25 13:00:00
6621,157,rainfall,0.0,2026-01-19 02:00:00
6622,113,soil_moisture,37.46,2025-07-28 02:00:00
6623,305,humidity,50.35,2025-06-26 13:00:00
6624,444,humidity,60.07,2025-12-12 01:00:00
6625,288,humidity,69.27,2025-07-08 01:00:00
6626,180,humidity,62.43,2025-12-25 04:00:00
6627,89,humidity,59.78,2026-02-26 22:00:00
6628,300,soil_moisture,33.93,2025-10-25 09:00:00
6629,323,soil_moisture,32.01,2025-07-26 14:00:00
6630,367,soil_moisture,36.82,2025-11-21 23:00:00
6631,293,soil_moisture,36.09,2026-02-09 04:00:00
6632,82,humidity,47.96,2026-02-21 12:00:00
6633,60,humidity,33.1,2026-03-06 02:00:00
6634,342,rainfall,31.69,2026-03-29 11:00:00
6635,310,soil_moisture,32.86,2025-12-23 17:00:00
6636,7,soil_moisture,41.72,2025-12-16 18:00:00
6637,391,soil_moisture,39.81,2025-06-27 14:00:00
6638,197,temperature,29.54,2026-03-15 11:00:00
6639,384,temperature,25.76,2025-08-17 07:00:00
6640,215,soil_moisture,42.4,2026-03-15 18:00:00
6641,385,soil_moisture,28.03,2026-03-23 17:00:00
6642,193,rainfall,26.34,2026-03-18 18:00:00
6643,288,humidity,68.61,2025-07-07 18:00:00
6644,215,temperature,22.88,2026-03-15 07:00:00
6645,73,rainfall,0.0,2025-10-07 19:00:00
6646,346,rainfall,31.12,2025-09-24 07:00:00
6647,377,temperature,32.73,2025-07-12 14:00:00
6648,372,soil_moisture,40.21,2025-10-30 00:00:00
6649,44,soil_moisture,36.22,2025-10-06 09:00:00
6650,113,soil_moisture,39.85,2025-07-27 16:00:00
6651,318,humidity,48.25,2026-04-05 22:00:00
6652,418,rainfall,0.0,2025-09-05 08:00:00
6653,235,soil_moisture,33.96,2026-03-30 08:00:00
6654,204,temperature,32.86,2025-08-23 07:00:00
6655,419,humidity,53.7,2025-09-25 21:00:00
6656,233,soil_moisture,31.0,2025-12-14 11:00:00
6657,362,humidity,56.6,2026-04-17 20:00:00
6658,76,temperature,19.7,2026-04-16 16:00:00
6659,235,soil_moisture,36.73,2026-03-31 20:00:00
6660,321,humidity,49.65,2025-09-11 19:00:00
6661,428,temperature,24.52,2026-02-01 11:00:00
6662,381,rainfall,63.52,2025-10-25 14:00:00
6663,142,rainfall,0.0,2025-11-15 11:00:00
6664,157,humidity,45.01,2026-01-20 18:00:00
6665,36,soil_moisture,26.14,2026-03-18 06:00:00
6666,165,temperature,24.72,2025-06-30 10:00:00
6667,24,temperature,23.72,2026-03-04 05:00:00
6668,257,temperature,29.1,2025-07-03 10:00:00
6669,10,humidity,44.37,2026-03-29 16:00:00
6670,43,soil_moisture,35.83,2025-09-13 15:00:00
6671,385,humidity,49.52,2026-03-23 06:00:00
6672,205,humidity,74.5,2025-12-25 13:00:00
6673,142,rainfall,0.0,2025-11-15 19:00:00
6674,321,humidity,52.83,2025-09-11 18:00:00
6675,113,rainfall,0.0,2025-07-28 00:00:00
6676,331,temperature,20.07,2026-04-10 08:00:00
6677,413,temperature,27.28,2026-01-14 09:00:00
6678,290,soil_moisture,26.71,2026-02-25 12:00:00
6679,341,humidity,56.43,2025-11-25 11:00:00
6680,169,temperature,30.34,2026-03-23 12:00:00
6681,82,soil_moisture,32.93,2026-02-21 05:00:00
6682,89,humidity,62.61,2026-02-27 13:00:00
6683,354,humidity,69.82,2026-03-07 10:00:00
6684,146,rainfall,0.0,2025-08-15 21:00:00
6685,65,soil_moisture,45.94,2025-07-08 01:00:00
6686,151,soil_moisture,26.37,2026-03-17 18:00:00
6687,343,soil_moisture,39.39,2026-01-12 05:00:00
6688,60,humidity,39.77,2026-03-06 07:00:00
6689,169,rainfall,35.68,2026-03-23 07:00:00
6690,197,soil_moisture,41.77,2026-03-16 06:00:00
6691,402,temperature,29.77,2026-03-29 19:00:00
6692,340,soil_moisture,36.49,2025-12-25 10:00:00
6693,46,humidity,66.13,2025-09-20 00:00:00
6694,73,humidity,70.05,2025-10-09 02:00:00
6695,287,soil_moisture,43.6,2026-04-05 03:00:00
6696,330,rainfall,61.45,2025-10-02 20:00:00
6697,229,rainfall,52.63,2025-11-11 09:00:00
6698,60,rainfall,0.0,2026-03-06 05:00:00
6699,177,humidity,47.7,2026-03-14 08:00:00
6700,294,soil_moisture,22.71,2026-01-04 18:00:00
6701,327,humidity,62.4,2025-07-29 21:00:00
6702,427,rainfall,22.36,2025-07-11 07:00:00
6703,354,temperature,32.97,2026-03-06 01:00:00
6704,419,humidity,62.59,2025-09-25 04:00:00
6705,4,soil_moisture,26.81,2026-04-11 01:00:00
6706,133,soil_moisture,34.65,2025-07-03 06:00:00
6707,74,humidity,43.61,2025-10-22 17:00:00
6708,168,temperature,25.71,2026-03-28 21:00:00
6709,46,temperature,35.76,2025-09-20 13:00:00
6710,61,rainfall,0.0,2026-02-05 23:00:00
6711,115,temperature,27.55,2025-10-25 16:00:00
6712,444,soil_moisture,30.6,2025-12-11 04:00:00
6713,431,rainfall,25.79,2025-07-02 08:00:00
6714,444,temperature,30.51,2025-12-11 06:00:00
6715,296,temperature,32.93,2025-08-21 04:00:00
6716,13,temperature,25.94,2025-11-01 06:00:00
6717,386,soil_moisture,42.54,2026-04-04 06:00:00
6718,146,humidity,59.18,2025-08-17 14:00:00
6719,287,temperature,22.53,2026-04-03 08:00:00
6720,91,temperature,22.5,2026-02-22 15:00:00
6721,43,temperature,20.9,2025-09-13 02:00:00
6722,326,soil_moisture,19.06,2026-03-26 22:00:00
6723,330,temperature,32.98,2025-10-03 08:00:00
6724,205,soil_moisture,46.73,2025-12-25 07:00:00
6725,421,temperature,26.3,2025-07-13 01:00:00
6726,161,rainfall,32.14,2026-01-06 01:00:00
6727,154,soil_moisture,24.59,2025-08-21 08:00:00
6728,340,temperature,33.58,2025-12-26 03:00:00
6729,105,soil_moisture,38.14,2026-01-28 10:00:00
6730,260,temperature,28.15,2025-09-23 00:00:00
6731,72,temperature,26.33,2025-08-20 22:00:00
6732,238,rainfall,0.0,2025-11-25 16:00:00
6733,114,temperature,22.61,2026-04-20 00:00:00
6734,219,soil_moisture,37.82,2025-11-19 07:00:00
6735,169,humidity,64.26,2026-03-23 08:00:00
6736,13,temperature,25.69,2025-11-02 19:00:00
6737,283,humidity,43.96,2026-02-21 12:00:00
6738,370,soil_moisture,24.34,2025-07-09 18:00:00
6739,17,humidity,42.23,2025-07-19 22:00:00
6740,431,soil_moisture,34.16,2025-07-02 17:00:00
6741,47,soil_moisture,37.45,2025-10-06 14:00:00
6742,437,soil_moisture,43.09,2025-10-03 19:00:00
6743,282,soil_moisture,38.87,2026-01-10 11:00:00
6744,170,temperature,31.69,2025-07-03 15:00:00
6745,205,humidity,79.54,2025-12-25 16:00:00
6746,197,soil_moisture,45.91,2026-03-15 15:00:00
6747,190,rainfall,0.0,2026-02-11 08:00:00
6748,377,temperature,35.39,2025-07-12 23:00:00
6749,272,temperature,29.6,2025-12-03 07:00:00
6750,205,rainfall,0.0,2025-12-25 06:00:00
6751,288,humidity,73.92,2025-07-06 17:00:00
6752,370,temperature,23.86,2025-07-09 06:00:00
6753,190,rainfall,0.0,2026-02-09 17:00:00
6754,222,rainfall,37.04,2025-10-15 16:00:00
6755,324,temperature,25.13,2026-01-26 00:00:00
6756,324,temperature,26.96,2026-01-26 09:00:00
6757,305,humidity,43.71,2025-06-27 00:00:00
6758,135,soil_moisture,45.9,2025-12-05 03:00:00
6759,444,rainfall,0.0,2025-12-12 18:00:00
6760,9,temperature,32.09,2025-09-19 15:00:00
6761,371,rainfall,0.0,2026-03-31 12:00:00
6762,192,temperature,24.63,2026-01-20 08:00:00
6763,36,temperature,27.07,2026-03-19 06:00:00
6764,303,rainfall,0.0,2025-08-21 15:00:00
6765,165,soil_moisture,33.6,2025-07-01 05:00:00
6766,351,soil_moisture,19.49,2026-02-13 12:00:00
6767,9,temperature,30.45,2025-09-20 03:00:00
6768,421,temperature,25.69,2025-07-11 10:00:00
6769,287,soil_moisture,41.6,2026-04-05 23:00:00
6770,351,temperature,23.68,2026-02-13 07:00:00
6771,444,soil_moisture,35.68,2025-12-13 09:00:00
6772,134,rainfall,0.0,2026-01-06 02:00:00
6773,330,humidity,66.26,2025-10-01 20:00:00
6774,184,soil_moisture,27.36,2026-01-05 22:00:00
6775,403,humidity,60.39,2025-11-05 18:00:00
6776,226,temperature,29.62,2026-04-22 21:00:00
6777,283,temperature,26.76,2026-02-22 18:00:00
6778,5,humidity,38.74,2026-04-07 06:00:00
6779,341,temperature,34.53,2025-11-25 03:00:00
6780,238,temperature,28.32,2025-11-26 05:00:00
6781,367,soil_moisture,37.41,2025-11-22 15:00:00
6782,341,temperature,32.03,2025-11-25 16:00:00
6783,418,humidity,44.01,2025-09-05 09:00:00
6784,384,humidity,55.59,2025-08-16 16:00:00
6785,346,temperature,33.19,2025-09-24 20:00:00
6786,125,rainfall,0.0,2025-11-21 11:00:00
6787,82,soil_moisture,27.7,2026-02-20 20:00:00
6788,428,temperature,26.16,2026-01-31 18:00:00
6789,212,temperature,30.02,2025-11-17 00:00:00
6790,354,humidity,67.96,2026-03-06 13:00:00
6791,367,soil_moisture,40.7,2025-11-22 01:00:00
6792,159,soil_moisture,24.39,2025-09-20 23:00:00
6793,49,rainfall,28.12,2025-09-30 10:00:00
6794,227,rainfall,0.0,2025-10-17 14:00:00
6795,356,rainfall,0.0,2025-12-13 13:00:00
6796,55,temperature,29.81,2025-08-31 11:00:00
6797,425,temperature,30.16,2025-09-08 20:00:00
6798,308,soil_moisture,41.7,2025-12-27 18:00:00
6799,341,soil_moisture,49.04,2025-11-24 07:00:00
6800,77,rainfall,0.0,2026-03-26 13:00:00
6801,10,temperature,27.01,2026-03-28 18:00:00
6802,303,rainfall,0.0,2025-08-22 03:00:00
6803,169,rainfall,0.0,2026-03-22 09:00:00
6804,428,rainfall,25.1,2026-01-30 02:00:00
6805,94,temperature,29.91,2025-09-30 07:00:00
6806,219,soil_moisture,41.55,2025-11-19 17:00:00
6807,223,temperature,23.68,2025-12-14 21:00:00
6808,24,humidity,45.57,2026-03-06 09:00:00
6809,376,soil_moisture,45.37,2025-09-14 10:00:00
6810,59,rainfall,0.0,2025-12-10 12:00:00
6811,322,rainfall,0.0,2026-01-17 08:00:00
6812,300,rainfall,0.0,2025-10-27 10:00:00
6813,335,humidity,-99.0,2025-09-03 18:00:00
6814,74,humidity,49.63,2025-10-22 15:00:00
6815,229,temperature,25.11,2025-11-11 01:00:00
6816,105,soil_moisture,39.0,2026-01-29 00:00:00
6817,184,rainfall,0.0,2026-01-06 17:00:00
6818,24,rainfall,0.0,2026-03-05 13:00:00
6819,170,temperature,29.64,2025-07-04 22:00:00
6820,32,rainfall,0.0,2025-07-27 20:00:00
6821,294,rainfall,0.0,2026-01-03 12:00:00
6822,362,soil_moisture,28.15,2026-04-17 08:00:00
6823,70,rainfall,0.0,2025-12-10 01:00:00
6824,197,temperature,29.13,2026-03-15 14:00:00
6825,326,rainfall,0.0,2026-03-26 09:00:00
6826,223,temperature,25.21,2025-12-13 08:00:00
6827,115,soil_moisture,39.79,2025-10-25 13:00:00
6828,36,humidity,44.81,2026-03-18 08:00:00
6829,157,temperature,25.84,2026-01-20 14:00:00
6830,303,soil_moisture,30.05,2025-08-23 05:00:00
6831,229,rainfall,0.0,2025-11-12 11:00:00
6832,168,temperature,27.1,2026-03-28 19:00:00
6833,322,temperature,21.43,2026-01-17 11:00:00
6834,370,soil_moisture,26.78,2025-07-10 11:00:00
6835,342,rainfall,30.55,2026-03-28 01:00:00
6836,372,temperature,30.31,2025-10-28 14:00:00
6837,59,temperature,22.98,2025-12-09 05:00:00
6838,65,humidity,74.95,2025-07-08 04:00:00
6839,371,soil_moisture,29.19,2026-03-30 18:00:00
6840,306,temperature,32.36,2025-12-29 19:00:00
6841,427,rainfall,0.0,2025-07-10 22:00:00
6842,342,rainfall,18.29,2026-03-28 05:00:00
6843,427,temperature,39.25,2025-07-10 22:00:00
6844,49,humidity,49.89,2025-09-29 14:00:00
6845,168,temperature,24.83,2026-03-27 20:00:00
6846,9,humidity,55.22,2025-09-19 10:00:00
6847,177,rainfall,0.0,2026-03-13 04:00:00
6848,161,humidity,36.32,2026-01-07 23:00:00
6849,197,soil_moisture,45.89,2026-03-16 11:00:00
6850,294,rainfall,0.0,2026-01-03 14:00:00
6851,46,soil_moisture,32.41,2025-09-19 12:00:00
6852,356,temperature,28.08,2025-12-13 03:00:00
6853,377,rainfall,60.37,2025-07-12 08:00:00
6854,128,temperature,22.33,2025-07-09 02:00:00
6855,220,temperature,23.62,2026-01-30 01:00:00
6856,425,soil_moisture,33.53,2025-09-09 14:00:00
6857,389,rainfall,28.63,2026-03-17 13:00:00
6858,351,humidity,49.98,2026-02-12 23:00:00
6859,99,temperature,31.76,2025-10-10 05:00:00
6860,180,rainfall,0.0,2025-12-24 06:00:00
6861,103,rainfall,0.0,2026-01-09 19:00:00
6862,330,humidity,66.94,2025-10-02 05:00:00
6863,229,soil_moisture,34.17,2025-11-12 04:00:00
6864,449,rainfall,0.0,2025-09-15 15:00:00
6865,185,rainfall,0.0,2026-03-04 07:00:00
6866,238,rainfall,0.0,2025-11-25 00:00:00
6867,413,humidity,39.5,2026-01-14 04:00:00
6868,300,humidity,68.68,2025-10-25 06:00:00
6869,148,humidity,52.45,2025-12-03 21:00:00
6870,257,rainfall,0.0,2025-07-03 18:00:00
6871,1,rainfall,0.0,2026-02-28 05:00:00
6872,411,humidity,66.21,2025-08-23 15:00:00
6873,362,temperature,21.33,2026-04-19 14:00:00
6874,59,soil_moisture,49.45,2025-12-09 07:00:00
6875,377,temperature,34.8,2025-07-11 06:00:00
6876,364,temperature,37.95,2025-12-21 04:00:00
6877,60,humidity,38.39,2026-03-05 23:00:00
6878,99,temperature,34.73,2025-10-09 11:00:00
6879,105,rainfall,0.0,2026-01-27 14:00:00
6880,335,soil_moisture,39.49,2025-09-06 01:00:00
6881,401,temperature,25.74,2025-12-11 02:00:00
6882,318,rainfall,25.58,2026-04-04 21:00:00
6883,303,soil_moisture,32.77,2025-08-22 07:00:00
6884,73,rainfall,0.0,2025-10-09 20:00:00
6885,60,temperature,24.29,2026-03-05 08:00:00
6886,296,soil_moisture,39.48,2025-08-21 13:00:00
6887,168,soil_moisture,27.76,2026-03-27 08:00:00
6888,384,soil_moisture,18.85,2025-08-17 13:00:00
6889,354,humidity,69.14,2026-03-07 03:00:00
6890,326,rainfall,0.0,2026-03-26 07:00:00
6891,147,humidity,62.51,2026-03-09 11:00:00
6892,166,humidity,51.57,2025-11-30 22:00:00
6893,4,soil_moisture,29.02,2026-04-11 10:00:00
6894,382,humidity,38.82,2025-07-30 07:00:00
6895,90,soil_moisture,42.05,2025-08-20 22:00:00
6896,94,rainfall,47.17,2025-09-29 14:00:00
6897,167,temperature,34.19,2025-12-23 07:00:00
6898,50,soil_moisture,28.33,2026-03-10 21:00:00
6899,204,rainfall,0.0,2025-08-23 23:00:00
6900,32,rainfall,41.16,2025-07-28 10:00:00
6901,431,rainfall,0.0,2025-07-01 17:00:00
6902,53,rainfall,0.0,2026-03-02 23:00:00
6903,323,soil_moisture,34.33,2025-07-26 08:00:00
6904,308,rainfall,0.0,2025-12-27 11:00:00
6905,65,rainfall,0.0,2025-07-09 08:00:00
6906,94,humidity,74.46,2025-09-29 06:00:00
6907,351,soil_moisture,23.49,2026-02-14 20:00:00
6908,442,humidity,51.62,2025-10-16 03:00:00
6909,205,humidity,69.79,2025-12-26 00:00:00
6910,368,humidity,72.93,2026-03-05 12:00:00
6911,421,rainfall,0.0,2025-07-11 03:00:00
6912,260,humidity,62.15,2025-09-22 13:00:00
6913,318,humidity,36.1,2026-04-04 02:00:00
6914,126,humidity,48.28,2025-08-17 19:00:00
6915,370,temperature,23.59,2025-07-10 06:00:00
6916,53,temperature,23.69,2026-03-02 10:00:00
6917,296,humidity,59.11,2025-08-21 16:00:00
6918,192,humidity,54.9,2026-01-19 17:00:00
6919,272,temperature,30.45,2025-12-03 08:00:00
6920,381,rainfall,0.0,2025-10-24 07:00:00
6921,197,humidity,39.95,2026-03-15 18:00:00
6922,447,soil_moisture,23.99,2025-09-18 17:00:00
6923,222,humidity,77.04,2025-10-17 01:00:00
6924,16,soil_moisture,41.2,2025-08-19 13:00:00
6925,371,temperature,28.67,2026-03-31 03:00:00
6926,160,rainfall,0.0,2026-04-16 06:00:00
6927,425,temperature,36.0,2025-09-08 23:00:00
6928,160,soil_moisture,37.5,2026-04-15 15:00:00
6929,44,temperature,29.0,2025-10-06 01:00:00
6930,43,soil_moisture,40.55,2025-09-13 05:00:00
6931,295,soil_moisture,32.07,2026-04-10 12:00:00
6932,4,rainfall,50.37,2026-04-12 08:00:00
6933,223,rainfall,0.0,2025-12-15 03:00:00
6934,272,rainfall,35.87,2025-12-03 21:00:00
6935,133,temperature,23.83,2025-07-02 09:00:00
6936,283,soil_moisture,39.22,2026-02-22 01:00:00
6937,368,humidity,66.82,2026-03-04 03:00:00
6938,28,rainfall,0.0,2025-07-09 19:00:00
6939,166,rainfall,0.0,2025-11-30 14:00:00
6940,322,temperature,24.68,2026-01-17 17:00:00
6941,129,humidity,44.35,2026-04-20 07:00:00
6942,401,rainfall,0.0,2025-12-10 17:00:00
6943,273,humidity,50.78,2026-01-07 18:00:00
6944,326,rainfall,0.0,2026-03-27 09:00:00
6945,76,rainfall,0.0,2026-04-17 01:00:00
6946,227,soil_moisture,45.32,2025-10-17 14:00:00
6947,190,temperature,26.84,2026-02-10 14:00:00
6948,293,soil_moisture,29.59,2026-02-09 19:00:00
6949,71,humidity,44.46,2025-10-02 18:00:00
6950,401,temperature,24.45,2025-12-10 04:00:00
6951,135,soil_moisture,44.44,2025-12-05 09:00:00
6952,310,rainfall,0.0,2025-12-23 16:00:00
6953,46,soil_moisture,30.76,2025-09-20 07:00:00
6954,59,soil_moisture,48.84,2025-12-08 13:00:00
6955,235,humidity,62.12,2026-03-31 22:00:00
6956,70,rainfall,0.0,2025-12-10 13:00:00
6957,437,soil_moisture,39.81,2025-10-04 00:00:00
6958,353,soil_moisture,31.81,2026-03-20 07:00:00
6959,36,soil_moisture,29.32,2026-03-20 03:00:00
6960,411,temperature,31.52,2025-08-23 12:00:00
6961,327,temperature,30.08,2025-07-28 15:00:00
6962,277,rainfall,58.74,2025-09-11 13:00:00
6963,240,temperature,19.9,2026-04-22 19:00:00
6964,18,temperature,26.09,2026-03-15 16:00:00
6965,66,rainfall,0.0,2026-01-06 07:00:00
6966,177,humidity,47.33,2026-03-13 02:00:00
6967,30,soil_moisture,33.34,2025-08-19 06:00:00
6968,283,rainfall,0.0,2026-02-21 18:00:00
6969,29,humidity,42.23,2026-01-19 12:00:00
6970,151,soil_moisture,21.13,2026-03-16 14:00:00
6971,263,humidity,55.45,2025-12-23 08:00:00
6972,447,rainfall,0.0,2025-09-18 14:00:00
6973,300,soil_moisture,31.25,2025-10-26 22:00:00
6974,436,soil_moisture,29.41,2026-02-12 20:00:00
6975,208,rainfall,37.49,2026-01-15 01:00:00
6976,204,humidity,58.68,2025-08-25 05:00:00
6977,59,rainfall,0.0,2025-12-08 21:00:00
6978,310,rainfall,0.0,2025-12-23 11:00:00
6979,5,humidity,33.6,2026-04-08 11:00:00
6980,427,soil_moisture,40.26,2025-07-11 16:00:00
6981,123,humidity,59.59,2025-11-16 07:00:00
6982,71,soil_moisture,48.73,2025-10-02 03:00:00
6983,370,soil_moisture,24.73,2025-07-08 16:00:00
6984,53,soil_moisture,27.42,2026-03-02 08:00:00
6985,437,soil_moisture,46.21,2025-10-03 17:00:00
6986,327,humidity,58.08,2025-07-29 20:00:00
6987,226,soil_moisture,31.84,2026-04-21 06:00:00
6988,53,soil_moisture,20.86,2026-03-02 19:00:00
6989,165,humidity,72.09,2025-06-30 08:00:00
6990,428,soil_moisture,36.11,2026-01-31 16:00:00
6991,368,humidity,60.21,2026-03-04 06:00:00
6992,46,soil_moisture,36.38,2025-09-20 16:00:00
6993,306,rainfall,50.4,2025-12-31 08:00:00
6994,377,rainfall,58.88,2025-07-12 19:00:00
6995,46,temperature,32.69,2025-09-20 03:00:00
6996,123,humidity,58.72,2025-11-17 13:00:00
6997,90,humidity,63.34,2025-08-20 07:00:00
6998,300,humidity,72.49,2025-10-27 06:00:00
6999,444,rainfall,0.0,2025-12-12 22:00:00
7000,341,rainfall,0.0,2025-11-26 11:00:00
7001,180,temperature,28.44,2025-12-25 04:00:00
7002,16,rainfall,0.0,2025-08-18 21:00:00
7003,240,temperature,20.93,2026-04-23 07:00:00
7004,196,temperature,21.24,2026-02-16 15:00:00
7005,136,temperature,31.44,2025-11-11 07:00:00
7006,29,temperature,31.56,2026-01-19 11:00:00
7007,233,soil_moisture,31.14,2025-12-15 12:00:00
7008,13,temperature,24.72,2025-11-01 20:00:00
7009,117,temperature,24.53,2025-08-21 04:00:00
7010,178,temperature,32.62,2025-12-15 20:00:00
7011,169,rainfall,37.67,2026-03-24 09:00:00
7012,4,soil_moisture,27.55,2026-04-11 02:00:00
7013,60,rainfall,0.0,2026-03-06 13:00:00
7014,169,rainfall,42.65,2026-03-22 11:00:00
7015,321,humidity,52.63,2025-09-10 21:00:00
7016,32,soil_moisture,37.68,2025-07-27 20:00:00
7017,135,rainfall,0.0,2025-12-07 03:00:00
7018,185,humidity,59.26,2026-03-04 21:00:00
7019,177,temperature,21.86,2026-03-13 07:00:00
7020,18,rainfall,0.0,2026-03-15 19:00:00
7021,137,humidity,49.86,2026-03-13 01:00:00
7022,157,temperature,27.07,2026-01-21 03:00:00
7023,396,soil_moisture,38.75,2025-07-05 13:00:00
7024,103,temperature,18.57,2026-01-09 15:00:00
7025,134,temperature,31.42,2026-01-06 04:00:00
7026,287,soil_moisture,42.85,2026-04-05 02:00:00
7027,170,temperature,33.32,2025-07-04 01:00:00
7028,105,temperature,24.29,2026-01-28 12:00:00
7029,356,rainfall,0.0,2025-12-12 08:00:00
7030,260,temperature,30.74,2025-09-21 21:00:00
7031,168,soil_moisture,25.72,2026-03-28 17:00:00
7032,61,humidity,50.45,2026-02-05 03:00:00
7033,10,soil_moisture,35.52,2026-03-29 07:00:00
7034,185,humidity,49.2,2026-03-04 08:00:00
7035,311,humidity,46.27,2025-10-08 19:00:00
7036,233,temperature,26.72,2025-12-15 06:00:00
7037,4,soil_moisture,27.92,2026-04-13 04:00:00
7038,382,rainfall,0.0,2025-07-31 01:00:00
7039,30,soil_moisture,36.77,2025-08-21 02:00:00
7040,436,rainfall,0.0,2026-02-13 00:00:00
7041,362,rainfall,0.0,2026-04-17 09:00:00
7042,160,humidity,65.02,2026-04-15 06:00:00
7043,192,humidity,53.28,2026-01-20 21:00:00
7044,60,humidity,36.43,2026-03-07 07:00:00
7045,43,rainfall,46.28,2025-09-13 06:00:00
7046,160,humidity,62.04,2026-04-16 06:00:00
7047,28,temperature,20.51,2025-07-10 09:00:00
7048,192,rainfall,0.0,2026-01-21 01:00:00
7049,36,temperature,22.18,2026-03-19 20:00:00
7050,257,soil_moisture,27.59,2025-07-05 01:00:00
7051,97,rainfall,0.0,2026-02-15 00:00:00
7052,425,soil_moisture,28.49,2025-09-09 11:00:00
7053,157,humidity,38.11,2026-01-20 08:00:00
7054,222,rainfall,0.0,2025-10-16 01:00:00
7055,285,soil_moisture,29.98,2025-09-06 08:00:00
7056,272,temperature,31.77,2025-12-04 06:00:00
7057,346,temperature,35.27,2025-09-25 18:00:00
7058,160,humidity,68.26,2026-04-15 10:00:00
7059,44,humidity,43.27,2025-10-07 16:00:00
7060,396,temperature,30.18,2025-07-05 02:00:00
7061,227,rainfall,0.0,2025-10-17 13:00:00
7062,411,soil_moisture,38.06,2025-08-24 15:00:00
7063,292,soil_moisture,42.22,2025-09-25 01:00:00
7064,425,rainfall,56.14,2025-09-09 14:00:00
7065,36,soil_moisture,29.38,2026-03-19 06:00:00
7066,169,humidity,70.16,2026-03-24 01:00:00
7067,128,humidity,39.18,2025-07-09 11:00:00
7068,180,humidity,64.7,2025-12-25 07:00:00
7069,342,rainfall,0.0,2026-03-28 03:00:00
7070,285,rainfall,34.73,2025-09-06 18:00:00
7071,346,soil_moisture,34.68,2025-09-25 22:00:00
7072,28,rainfall,30.9,2025-07-10 15:00:00
7073,442,soil_moisture,48.77,2025-10-15 17:00:00
7074,285,rainfall,0.0,2025-09-06 00:00:00
7075,160,humidity,56.17,2026-04-14 13:00:00
7076,257,rainfall,0.0,2025-07-04 19:00:00
7077,184,rainfall,0.0,2026-01-07 07:00:00
7078,94,soil_moisture,34.05,2025-09-29 19:00:00
7079,45,soil_moisture,25.05,2026-02-09 04:00:00
7080,367,soil_moisture,37.53,2025-11-22 16:00:00
7081,191,rainfall,0.0,2026-04-07 02:00:00
7082,444,soil_moisture,31.57,2025-12-12 07:00:00
7083,90,rainfall,33.08,2025-08-20 20:00:00
7084,324,temperature,25.12,2026-01-25 22:00:00
7085,146,humidity,62.34,2025-08-17 01:00:00
7086,442,temperature,36.62,2025-10-15 09:00:00
7087,204,humidity,56.78,2025-08-23 11:00:00
7088,49,soil_moisture,29.35,2025-09-29 14:00:00
7089,377,rainfall,0.0,2025-07-11 20:00:00
7090,113,soil_moisture,33.5,2025-07-28 14:00:00
7091,446,humidity,59.61,2026-04-20 14:00:00
7092,91,humidity,70.15,2026-02-23 22:00:00
7093,43,rainfall,42.72,2025-09-12 20:00:00
7094,272,rainfall,0.0,2025-12-03 09:00:00
7095,177,temperature,18.86,2026-03-12 19:00:00
7096,263,temperature,28.13,2025-12-23 02:00:00
7097,386,temperature,23.99,2026-04-04 17:00:00
7098,293,soil_moisture,32.6,2026-02-09 15:00:00
7099,449,soil_moisture,33.37,2025-09-16 20:00:00
7100,44,soil_moisture,32.59,2025-10-07 01:00:00
7101,440,rainfall,0.0,2025-07-09 15:00:00
7102,327,soil_moisture,44.52,2025-07-29 08:00:00
7103,65,rainfall,0.0,2025-07-08 12:00:00
7104,136,humidity,65.01,2025-11-10 02:00:00
7105,50,rainfall,0.0,2026-03-09 06:00:00
7106,442,temperature,35.6,2025-10-15 08:00:00
7107,272,rainfall,0.0,2025-12-02 10:00:00
7108,296,soil_moisture,45.2,2025-08-22 00:00:00
7109,142,humidity,65.81,2025-11-15 23:00:00
7110,71,temperature,30.82,2025-10-01 01:00:00
7111,122,rainfall,0.0,2025-12-21 19:00:00
7112,24,soil_moisture,32.35,2026-03-04 16:00:00
7113,444,humidity,59.04,2025-12-12 08:00:00
7114,170,temperature,30.76,2025-07-03 08:00:00
7115,446,soil_moisture,41.53,2026-04-21 15:00:00
7116,273,soil_moisture,43.17,2026-01-07 14:00:00
7117,327,soil_moisture,36.95,2025-07-29 17:00:00
7118,427,soil_moisture,26.63,2025-07-11 18:00:00
7119,135,humidity,66.82,2025-12-05 07:00:00
7120,331,rainfall,0.0,2026-04-10 14:00:00
7121,293,rainfall,0.0,2026-02-08 06:00:00
7122,73,soil_moisture,35.06,2025-10-07 11:00:00
7123,133,soil_moisture,34.94,2025-07-02 06:00:00
7124,442,temperature,36.81,2025-10-14 04:00:00
7125,298,rainfall,59.02,2025-09-11 07:00:00
7126,190,soil_moisture,37.31,2026-02-09 18:00:00
7127,223,temperature,26.05,2025-12-14 22:00:00
7128,10,soil_moisture,33.66,2026-03-28 13:00:00
7129,136,humidity,69.03,2025-11-10 14:00:00
7130,114,temperature,21.79,2026-04-20 20:00:00
7131,308,humidity,51.45,2025-12-27 17:00:00
7132,170,soil_moisture,34.97,2025-07-04 23:00:00
7133,201,rainfall,0.0,2026-03-31 17:00:00
7134,309,humidity,40.12,2026-04-08 04:00:00
7135,128,humidity,38.36,2025-07-09 10:00:00
7136,59,temperature,23.37,2025-12-09 09:00:00
7137,351,humidity,44.18,2026-02-12 01:00:00
7138,193,rainfall,0.0,2026-03-18 06:00:00
7139,376,temperature,30.64,2025-09-13 23:00:00
7140,166,rainfall,0.0,2025-12-01 03:00:00
7141,78,temperature,31.25,2025-09-25 17:00:00
7142,428,rainfall,0.0,2026-01-30 11:00:00
7143,140,soil_moisture,45.76,2025-09-12 06:00:00
7144,5,soil_moisture,24.36,2026-04-09 02:00:00
7145,160,rainfall,0.0,2026-04-14 19:00:00
7146,166,temperature,36.07,2025-11-30 23:00:00
7147,125,humidity,47.39,2025-11-20 05:00:00
7148,223,rainfall,61.37,2025-12-13 07:00:00
7149,368,soil_moisture,27.22,2026-03-05 22:00:00
7150,428,temperature,26.16,2026-01-31 18:00:00
7151,117,soil_moisture,28.5,2025-08-22 13:00:00
7152,298,soil_moisture,33.3,2025-09-12 12:00:00
7153,292,soil_moisture,36.89,2025-09-25 02:00:00
7154,351,soil_moisture,25.3,2026-02-14 19:00:00
7155,403,soil_moisture,41.18,2025-11-05 06:00:00
7156,283,rainfall,36.18,2026-02-21 03:00:00
7157,311,temperature,23.07,2025-10-09 02:00:00
7158,55,soil_moisture,33.98,2025-09-02 14:00:00
7159,10,temperature,28.32,2026-03-28 06:00:00
7160,77,soil_moisture,22.29,2026-03-28 13:00:00
7161,227,rainfall,0.0,2025-10-17 05:00:00
7162,190,soil_moisture,43.47,2026-02-09 22:00:00
7163,419,humidity,56.71,2025-09-25 06:00:00
7164,442,humidity,54.39,2025-10-14 03:00:00
7165,99,soil_moisture,30.5,2025-10-09 01:00:00
7166,66,temperature,17.6,2026-01-06 10:00:00
7167,428,humidity,41.14,2026-01-30 06:00:00
7168,4,soil_moisture,28.49,2026-04-11 19:00:00
7169,204,rainfall,0.0,2025-08-24 21:00:00
7170,125,temperature,24.97,2025-11-20 06:00:00
7171,77,soil_moisture,18.36,2026-03-28 14:00:00
7172,29,soil_moisture,21.66,2026-01-20 01:00:00
7173,296,soil_moisture,43.28,2025-08-21 04:00:00
7174,219,soil_moisture,34.11,2025-11-20 14:00:00
7175,204,humidity,59.27,2025-08-24 04:00:00
7176,223,temperature,27.53,2025-12-15 03:00:00
7177,343,humidity,58.13,2026-01-12 10:00:00
7178,371,humidity,55.09,2026-03-31 19:00:00
7179,71,temperature,30.93,2025-10-01 04:00:00
7180,421,temperature,22.84,2025-07-12 10:00:00
7181,30,humidity,50.85,2025-08-19 03:00:00
7182,322,humidity,62.48,2026-01-17 00:00:00
7183,74,temperature,30.33,2025-10-22 17:00:00
7184,418,soil_moisture,39.6,2025-09-05 04:00:00
7185,135,rainfall,65.1,2025-12-06 21:00:00
7186,125,temperature,24.71,2025-11-20 02:00:00
7187,418,temperature,39.69,2025-09-06 11:00:00
7188,171,humidity,40.39,2026-01-15 13:00:00
7189,170,humidity,41.83,2025-07-04 13:00:00
7190,17,rainfall,0.0,2025-07-19 13:00:00
7191,78,soil_moisture,43.31,2025-09-25 15:00:00
7192,9,rainfall,34.44,2025-09-19 04:00:00
7193,436,rainfall,0.0,2026-02-11 08:00:00
7194,177,soil_moisture,25.39,2026-03-12 13:00:00
7195,211,humidity,54.38,2026-02-02 04:00:00
7196,424,humidity,39.34,2026-01-05 15:00:00
7197,401,soil_moisture,37.73,2025-12-11 03:00:00
7198,257,temperature,31.01,2025-07-04 15:00:00
7199,382,soil_moisture,46.65,2025-07-30 05:00:00
7200,396,rainfall,0.0,2025-07-06 07:00:00
7201,222,soil_moisture,38.99,2025-10-16 04:00:00
7202,222,rainfall,0.0,2025-10-17 20:00:00
7203,43,rainfall,0.0,2025-09-12 14:00:00
7204,59,rainfall,0.0,2025-12-08 09:00:00
7205,184,rainfall,0.0,2026-01-06 13:00:00
7206,205,humidity,73.59,2025-12-24 15:00:00
7207,47,temperature,32.76,2025-10-05 10:00:00
7208,290,soil_moisture,25.29,2026-02-26 01:00:00
7209,170,soil_moisture,42.03,2025-07-05 02:00:00
7210,364,rainfall,53.88,2025-12-20 16:00:00
7211,65,rainfall,0.0,2025-07-10 06:00:00
7212,389,humidity,43.69,2026-03-17 13:00:00
7213,396,soil_moisture,39.18,2025-07-05 03:00:00
7214,257,humidity,69.32,2025-07-03 19:00:00
7215,184,rainfall,0.0,2026-01-05 12:00:00
7216,219,humidity,74.64,2025-11-20 03:00:00
7217,82,rainfall,0.0,2026-02-20 08:00:00
7218,343,temperature,25.72,2026-01-13 18:00:00
7219,227,humidity,69.01,2025-10-16 02:00:00
7220,330,temperature,33.07,2025-10-01 14:00:00
7221,371,humidity,63.06,2026-03-30 09:00:00
7222,89,soil_moisture,37.73,2026-02-26 05:00:00
7223,215,humidity,45.07,2026-03-15 21:00:00
7224,192,humidity,45.83,2026-01-21 19:00:00
7225,91,temperature,23.42,2026-02-22 23:00:00
7226,277,rainfall,0.0,2025-09-10 05:00:00
7227,263,humidity,53.41,2025-12-22 16:00:00
7228,44,temperature,31.56,2025-10-06 11:00:00
7229,361,soil_moisture,28.28,2025-10-18 15:00:00
7230,283,humidity,47.05,2026-02-22 05:00:00
7231,255,rainfall,0.0,2025-11-02 07:00:00
7232,201,soil_moisture,25.43,2026-03-31 04:00:00
7233,290,soil_moisture,23.97,2026-02-25 21:00:00
7234,44,rainfall,0.0,2025-10-08 07:00:00
7235,36,humidity,45.07,2026-03-18 13:00:00
7236,364,temperature,35.23,2025-12-21 21:00:00
7237,263,rainfall,0.0,2025-12-22 00:00:00
7238,135,humidity,63.07,2025-12-07 04:00:00
7239,154,soil_moisture,32.54,2025-08-21 07:00:00
7240,77,soil_moisture,20.35,2026-03-26 22:00:00
7241,197,soil_moisture,44.08,2026-03-15 17:00:00
7242,324,soil_moisture,20.76,2026-01-26 22:00:00
7243,190,soil_moisture,43.67,2026-02-09 12:00:00
7244,220,rainfall,0.0,2026-01-30 00:00:00
7245,142,soil_moisture,38.9,2025-11-15 22:00:00
7246,354,humidity,69.34,2026-03-06 18:00:00
7247,47,temperature,29.22,2025-10-05 03:00:00
7248,386,temperature,27.02,2026-04-04 16:00:00
7249,74,temperature,31.06,2025-10-23 23:00:00
7250,10,humidity,33.75,2026-03-28 07:00:00
7251,364,rainfall,58.24,2025-12-22 00:00:00
7252,285,soil_moisture,25.78,2025-09-05 01:00:00
7253,386,soil_moisture,37.67,2026-04-04 19:00:00
7254,166,soil_moisture,32.18,2025-11-29 12:00:00
7255,13,soil_moisture,42.96,2025-11-01 18:00:00
7256,285,humidity,53.54,2025-09-05 07:00:00
7257,300,soil_moisture,37.94,2025-10-26 07:00:00
7258,401,soil_moisture,28.77,2025-12-10 00:00:00
7259,163,humidity,51.57,2025-07-04 12:00:00
7260,46,temperature,32.86,2025-09-20 16:00:00
7261,391,rainfall,29.5,2025-06-27 04:00:00
7262,193,humidity,52.11,2026-03-19 05:00:00
7263,71,soil_moisture,47.42,2025-10-02 21:00:00
7264,391,rainfall,0.0,2025-06-27 01:00:00
7265,103,rainfall,0.0,2026-01-08 03:00:00
7266,362,temperature,21.32,2026-04-19 20:00:00
7267,449,humidity,65.47,2025-09-16 19:00:00
7268,440,rainfall,0.0,2025-07-09 01:00:00
7269,10,rainfall,0.0,2026-03-28 13:00:00
7270,72,temperature,25.39,2025-08-21 01:00:00
7271,331,temperature,25.26,2026-04-09 17:00:00
7272,330,soil_moisture,24.43,2025-10-01 15:00:00
7273,384,rainfall,0.0,2025-08-17 19:00:00
7274,157,temperature,20.06,2026-01-20 15:00:00
7275,294,rainfall,0.0,2026-01-03 08:00:00
7276,10,temperature,24.5,2026-03-30 08:00:00
7277,166,temperature,32.88,2025-11-30 04:00:00
7278,364,humidity,60.0,2025-12-21 08:00:00
7279,134,rainfall,0.0,2026-01-07 15:00:00
7280,55,soil_moisture,34.1,2025-09-01 21:00:00
7281,13,temperature,26.49,2025-11-02 15:00:00
7282,7,rainfall,0.0,2025-12-17 10:00:00
7283,10,humidity,42.55,2026-03-30 19:00:00
7284,384,temperature,27.03,2025-08-17 18:00:00
7285,361,temperature,21.61,2025-10-19 10:00:00
7286,201,rainfall,0.0,2026-04-01 05:00:00
7287,74,rainfall,0.0,2025-10-22 22:00:00
7288,273,humidity,46.04,2026-01-08 11:00:00
7289,45,temperature,24.0,2026-02-09 17:00:00
7290,341,humidity,61.15,2025-11-24 03:00:00
7291,197,temperature,28.63,2026-03-16 06:00:00
7292,263,temperature,23.22,2025-12-22 08:00:00
7293,191,temperature,31.24,2026-04-07 09:00:00
7294,190,humidity,39.83,2026-02-10 21:00:00
7295,50,humidity,30.1,2026-03-10 17:00:00
7296,137,temperature,23.78,2026-03-12 17:00:00
7297,45,rainfall,0.0,2026-02-09 14:00:00
7298,148,rainfall,0.0,2025-12-02 02:00:00
7299,260,temperature,29.76,2025-09-22 12:00:00
7300,48,soil_moisture,44.93,2025-12-30 18:00:00
7301,17,humidity,52.13,2025-07-19 16:00:00
7302,372,humidity,54.58,2025-10-28 22:00:00
7303,273,rainfall,51.18,2026-01-07 02:00:00
7304,17,humidity,45.41,2025-07-19 06:00:00
7305,167,temperature,39.24,2025-12-23 03:00:00
7306,157,rainfall,32.47,2026-01-20 06:00:00
7307,170,temperature,31.81,2025-07-04 15:00:00
7308,73,soil_moisture,35.24,2025-10-08 20:00:00
7309,72,humidity,47.27,2025-08-19 23:00:00
7310,346,soil_moisture,30.06,2025-09-24 17:00:00
7311,136,rainfall,31.64,2025-11-10 17:00:00
7312,294,soil_moisture,22.83,2026-01-05 01:00:00
7313,186,soil_moisture,41.71,2026-01-29 07:00:00
7314,273,temperature,26.33,2026-01-08 15:00:00
7315,296,soil_moisture,45.2,2025-08-20 04:00:00
7316,364,temperature,33.75,2025-12-21 00:00:00
7317,418,soil_moisture,39.33,2025-09-07 02:00:00
7318,196,temperature,23.74,2026-02-16 02:00:00
7319,192,temperature,30.36,2026-01-19 15:00:00
7320,401,soil_moisture,31.97,2025-12-09 08:00:00
7321,448,rainfall,34.95,2025-12-13 06:00:00
7322,36,soil_moisture,30.32,2026-03-20 02:00:00
7323,9,temperature,30.85,2025-09-19 18:00:00
7324,161,temperature,25.51,2026-01-06 02:00:00
7325,16,rainfall,0.0,2025-08-19 09:00:00
7326,342,soil_moisture,22.32,2026-03-28 10:00:00
7327,53,temperature,27.33,2026-03-02 02:00:00
7328,263,temperature,23.91,2025-12-22 02:00:00
7329,300,temperature,22.56,2025-10-25 08:00:00
7330,9,humidity,64.21,2025-09-19 16:00:00
7331,384,rainfall,0.0,2025-08-17 12:00:00
7332,385,temperature,24.31,2026-03-23 20:00:00
7333,227,temperature,34.61,2025-10-16 04:00:00
7334,343,soil_moisture,38.19,2026-01-13 19:00:00
7335,437,humidity,60.03,2025-10-04 12:00:00
7336,123,soil_moisture,29.74,2025-11-15 06:00:00
7337,77,rainfall,30.57,2026-03-27 17:00:00
7338,125,rainfall,58.24,2025-11-22 00:00:00
7339,323,humidity,66.45,2025-07-25 03:00:00
7340,117,rainfall,0.0,2025-08-22 11:00:00
7341,342,temperature,23.39,2026-03-28 15:00:00
7342,215,humidity,44.15,2026-03-15 15:00:00
7343,142,temperature,27.99,2025-11-16 10:00:00
7344,285,humidity,51.62,2025-09-06 00:00:00
7345,133,humidity,75.7,2025-07-03 20:00:00
7346,215,soil_moisture,43.11,2026-03-14 11:00:00
7347,70,humidity,50.33,2025-12-09 07:00:00
7348,32,soil_moisture,37.89,2025-07-26 23:00:00
7349,327,rainfall,0.0,2025-07-28 05:00:00
7350,105,soil_moisture,41.87,2026-01-27 17:00:00
7351,97,rainfall,0.0,2026-02-13 15:00:00
7352,117,soil_moisture,27.46,2025-08-21 08:00:00
7353,330,humidity,52.66,2025-10-01 21:00:00
7354,157,humidity,35.29,2026-01-19 03:00:00
7355,32,temperature,27.45,2025-07-27 23:00:00
7356,447,rainfall,0.0,2025-09-20 09:00:00
7357,208,soil_moisture,24.83,2026-01-17 11:00:00
7358,327,rainfall,0.0,2025-07-29 14:00:00
7359,90,rainfall,32.5,2025-08-19 17:00:00
7360,177,temperature,21.82,2026-03-13 15:00:00
7361,28,rainfall,0.0,2025-07-09 13:00:00
7362,309,temperature,22.85,2026-04-08 13:00:00
7363,273,humidity,50.3,2026-01-06 07:00:00
7364,163,temperature,22.77,2025-07-03 19:00:00
7365,55,temperature,28.99,2025-09-01 06:00:00
7366,290,temperature,30.75,2026-02-25 02:00:00
7367,46,humidity,73.33,2025-09-20 19:00:00
7368,294,temperature,28.46,2026-01-03 02:00:00
7369,192,soil_moisture,28.2,2026-01-19 02:00:00
7370,341,soil_moisture,47.09,2025-11-25 00:00:00
7371,122,humidity,73.61,2025-12-22 21:00:00
7372,211,humidity,58.99,2026-02-03 16:00:00
7373,190,humidity,32.14,2026-02-11 22:00:00
7374,368,rainfall,0.0,2026-03-05 10:00:00
7375,147,rainfall,0.0,2026-03-08 14:00:00
7376,76,soil_moisture,34.12,2026-04-15 04:00:00
7377,191,humidity,50.0,2026-04-07 01:00:00
7378,53,rainfall,0.0,2026-03-03 06:00:00
7379,323,humidity,54.05,2025-07-26 14:00:00
7380,240,rainfall,0.0,2026-04-21 10:00:00
7381,168,humidity,60.41,2026-03-28 07:00:00
7382,29,rainfall,17.9,2026-01-18 06:00:00
7383,354,humidity,71.01,2026-03-06 20:00:00
7384,208,humidity,50.64,2026-01-15 09:00:00
7385,321,soil_moisture,31.31,2025-09-10 08:00:00
7386,49,humidity,48.43,2025-09-29 08:00:00
7387,190,rainfall,0.0,2026-02-10 06:00:00
7388,300,rainfall,37.72,2025-10-27 04:00:00
7389,166,temperature,30.41,2025-11-30 16:00:00
7390,342,temperature,23.01,2026-03-28 12:00:00
7391,168,temperature,20.82,2026-03-28 17:00:00
7392,296,rainfall,18.97,2025-08-20 09:00:00
7393,163,temperature,24.18,2025-07-04 23:00:00
7394,29,humidity,43.38,2026-01-20 06:00:00
7395,446,rainfall,0.0,2026-04-20 23:00:00
7396,229,soil_moisture,30.7,2025-11-13 05:00:00
7397,290,soil_moisture,26.01,2026-02-26 00:00:00
7398,163,rainfall,34.76,2025-07-04 09:00:00
7399,421,humidity,46.43,2025-07-13 18:00:00
7400,53,temperature,24.79,2026-03-02 19:00:00
7401,340,rainfall,0.0,2025-12-27 00:00:00
7402,185,soil_moisture,33.7,2026-03-05 18:00:00
7403,311,rainfall,0.0,2025-10-09 06:00:00
7404,48,humidity,43.12,2026-01-01 07:00:00
7405,13,soil_moisture,39.36,2025-11-01 07:00:00
7406,368,temperature,26.32,2026-03-05 17:00:00
7407,129,rainfall,0.0,2026-04-20 17:00:00
7408,427,temperature,33.57,2025-07-10 13:00:00
7409,260,rainfall,42.2,2025-09-22 02:00:00
7410,436,soil_moisture,24.81,2026-02-12 09:00:00
7411,419,humidity,48.63,2025-09-25 02:00:00
7412,16,humidity,63.76,2025-08-18 14:00:00
7413,372,temperature,29.79,2025-10-29 21:00:00
7414,370,rainfall,0.0,2025-07-10 06:00:00
7415,240,soil_moisture,24.4,2026-04-22 16:00:00
7416,192,rainfall,44.11,2026-01-19 01:00:00
7417,161,temperature,29.03,2026-01-08 01:00:00
7418,211,rainfall,0.0,2026-02-03 14:00:00
7419,272,soil_moisture,43.16,2025-12-03 11:00:00
7420,293,soil_moisture,31.66,2026-02-09 01:00:00
7421,143,rainfall,0.0,2025-08-12 13:00:00
7422,78,soil_moisture,42.62,2025-09-26 04:00:00
7423,177,humidity,62.51,2026-03-13 10:00:00
7424,29,humidity,41.06,2026-01-20 15:00:00
7425,49,soil_moisture,31.45,2025-09-30 21:00:00
7426,142,temperature,33.98,2025-11-16 09:00:00
7427,308,soil_moisture,34.3,2025-12-28 04:00:00
7428,208,humidity,58.21,2026-01-15 08:00:00
7429,114,humidity,36.59,2026-04-19 23:00:00
7430,91,humidity,71.9,2026-02-23 13:00:00
7431,97,temperature,29.41,2026-02-14 00:00:00
7432,167,rainfall,0.0,2025-12-23 09:00:00
7433,425,humidity,64.12,2025-09-10 08:00:00
7434,386,temperature,29.67,2026-04-04 21:00:00
7435,401,humidity,52.0,2025-12-11 03:00:00
7436,272,soil_moisture,41.26,2025-12-02 05:00:00
7437,47,soil_moisture,36.89,2025-10-05 21:00:00
7438,303,humidity,56.15,2025-08-23 16:00:00
7439,89,humidity,72.8,2026-02-26 18:00:00
7440,448,temperature,22.99,2025-12-13 10:00:00
7441,285,rainfall,0.0,2025-09-06 17:00:00
7442,322,temperature,24.59,2026-01-16 01:00:00
7443,1,humidity,68.76,2026-02-28 05:00:00
7444,335,humidity,68.69,2025-09-03 17:00:00
7445,210,humidity,70.37,2025-11-04 04:00:00
7446,283,temperature,24.09,2026-02-23 08:00:00
7447,97,humidity,61.33,2026-02-13 16:00:00
7448,168,soil_moisture,28.18,2026-03-27 12:00:00
7449,343,soil_moisture,50.07,2026-01-12 13:00:00
7450,167,soil_moisture,43.54,2025-12-23 06:00:00
7451,449,rainfall,0.0,2025-09-16 08:00:00
7452,208,humidity,56.32,2026-01-15 19:00:00
7453,353,temperature,21.55,2026-03-18 16:00:00
7454,401,temperature,26.31,2025-12-09 07:00:00
7455,113,humidity,45.93,2025-07-28 01:00:00
7456,45,humidity,39.8,2026-02-09 20:00:00
7457,385,temperature,20.67,2026-03-22 07:00:00
7458,305,temperature,24.01,2025-06-26 12:00:00
7459,165,temperature,21.82,2025-07-01 18:00:00
7460,128,temperature,26.32,2025-07-11 02:00:00
7461,290,soil_moisture,23.63,2026-02-25 03:00:00
7462,413,temperature,27.78,2026-01-13 04:00:00
7463,10,soil_moisture,40.95,2026-03-28 02:00:00
7464,151,rainfall,0.0,2026-03-16 06:00:00
7465,222,soil_moisture,42.53,2025-10-16 00:00:00
7466,159,humidity,44.13,2025-09-20 02:00:00
7467,391,soil_moisture,43.19,2025-06-27 06:00:00
7468,72,humidity,44.54,2025-08-21 21:00:00
7469,449,rainfall,0.0,2025-09-15 11:00:00
7470,335,humidity,74.21,2025-09-03 20:00:00
7471,293,temperature,18.42,2026-02-08 16:00:00
7472,97,temperature,33.08,2026-02-13 16:00:00
7473,431,temperature,30.58,2025-07-01 01:00:00
7474,351,soil_moisture,19.76,2026-02-12 19:00:00
7475,126,temperature,34.71,2025-08-18 08:00:00
7476,295,soil_moisture,35.48,2026-04-11 02:00:00
7477,204,temperature,31.64,2025-08-25 01:00:00
7478,223,humidity,68.07,2025-12-15 02:00:00
7479,448,soil_moisture,34.56,2025-12-14 16:00:00
7480,190,rainfall,0.0,2026-02-10 21:00:00
7481,310,temperature,26.42,2025-12-24 00:00:00
7482,295,rainfall,52.06,2026-04-11 12:00:00
7483,384,soil_moisture,28.26,2025-08-16 23:00:00
7484,300,soil_moisture,32.03,2025-10-26 03:00:00
7485,29,temperature,29.05,2026-01-19 13:00:00
7486,277,soil_moisture,34.91,2025-09-10 09:00:00
7487,151,humidity,60.58,2026-03-18 11:00:00
7488,229,humidity,65.83,2025-11-11 06:00:00
7489,115,temperature,30.2,2025-10-25 11:00:00
7490,444,rainfall,0.0,2025-12-12 21:00:00
7491,268,temperature,26.11,2025-12-24 00:00:00
7492,322,humidity,51.4,2026-01-18 00:00:00
7493,77,soil_moisture,22.82,2026-03-28 12:00:00
7494,123,soil_moisture,32.45,2025-11-16 20:00:00
7495,128,humidity,44.84,2025-07-10 20:00:00
7496,215,temperature,19.62,2026-03-15 08:00:00
7497,235,humidity,69.49,2026-04-01 01:00:00
7498,160,soil_moisture,40.56,2026-04-15 10:00:00
7499,318,temperature,34.23,2026-04-05 14:00:00
7500,376,humidity,59.4,2025-09-15 07:00:00
7501,7,humidity,61.06,2025-12-15 11:00:00
7502,223,temperature,27.61,2025-12-15 02:00:00
7503,89,soil_moisture,34.65,2026-02-28 00:00:00
7504,421,humidity,53.43,2025-07-12 16:00:00
7505,146,soil_moisture,45.09,2025-08-16 01:00:00
7506,427,soil_moisture,29.32,2025-07-11 14:00:00
7507,142,rainfall,0.0,2025-11-16 04:00:00
7508,303,humidity,53.72,2025-08-22 09:00:00
7509,391,rainfall,27.88,2025-06-27 02:00:00
7510,296,rainfall,0.0,2025-08-20 06:00:00
7511,148,soil_moisture,44.78,2025-12-02 05:00:00
7512,77,humidity,50.06,2026-03-26 15:00:00
7513,133,rainfall,0.0,2025-07-03 10:00:00
7514,135,rainfall,60.06,2025-12-05 10:00:00
7515,428,rainfall,27.11,2026-01-31 16:00:00
7516,157,humidity,39.01,2026-01-19 21:00:00
7517,197,humidity,54.79,2026-03-16 15:00:00
7518,326,soil_moisture,22.94,2026-03-26 20:00:00
7519,184,temperature,30.4,2026-01-06 18:00:00
7520,288,soil_moisture,36.62,2025-07-08 08:00:00
7521,17,humidity,44.58,2025-07-20 09:00:00
7522,300,soil_moisture,32.58,2025-10-27 06:00:00
7523,61,soil_moisture,41.96,2026-02-05 01:00:00
7524,13,soil_moisture,42.72,2025-11-03 14:00:00
7525,190,soil_moisture,41.75,2026-02-11 03:00:00
7526,295,temperature,24.94,2026-04-11 03:00:00
7527,292,humidity,60.82,2025-09-24 04:00:00
7528,190,soil_moisture,43.05,2026-02-09 08:00:00
7529,421,temperature,21.84,2025-07-13 03:00:00
7530,99,temperature,31.34,2025-10-09 21:00:00
7531,197,temperature,29.93,2026-03-15 21:00:00
7532,402,soil_moisture,30.46,2026-03-29 00:00:00
7533,4,soil_moisture,27.39,2026-04-13 01:00:00
7534,437,rainfall,0.0,2025-10-04 04:00:00
7535,353,soil_moisture,32.26,2026-03-19 22:00:00
7536,94,soil_moisture,35.86,2025-09-29 00:00:00
7537,161,rainfall,0.0,2026-01-07 03:00:00
7538,295,humidity,46.44,2026-04-11 12:00:00
7539,24,temperature,25.38,2026-03-05 23:00:00
7540,384,humidity,53.63,2025-08-16 06:00:00
7541,324,humidity,71.8,2026-01-27 01:00:00
7542,105,soil_moisture,44.32,2026-01-28 05:00:00
7543,45,rainfall,0.0,2026-02-09 22:00:00
7544,219,humidity,67.85,2025-11-20 07:00:00
7545,133,soil_moisture,38.95,2025-07-02 10:00:00
7546,377,humidity,38.16,2025-07-11 11:00:00
7547,257,temperature,34.53,2025-07-04 08:00:00
7548,91,rainfall,0.0,2026-02-22 05:00:00
7549,327,humidity,56.11,2025-07-29 15:00:00
7550,226,humidity,41.98,2026-04-21 12:00:00
7551,74,rainfall,0.0,2025-10-22 01:00:00
7552,148,temperature,29.54,2025-12-02 04:00:00
7553,78,rainfall,0.0,2025-09-25 16:00:00
7554,368,temperature,25.35,2026-03-04 10:00:00
7555,167,soil_moisture,38.91,2025-12-23 07:00:00
7556,48,temperature,29.69,2025-12-31 03:00:00
7557,16,humidity,75.19,2025-08-19 10:00:00
7558,425,soil_moisture,29.01,2025-09-08 17:00:00
7559,77,soil_moisture,20.13,2026-03-28 08:00:00
7560,396,humidity,49.68,2025-07-06 05:00:00
7561,105,soil_moisture,41.14,2026-01-27 13:00:00
7562,137,soil_moisture,25.81,2026-03-13 02:00:00
7563,442,humidity,56.96,2025-10-15 19:00:00
7564,326,rainfall,-99.0,2026-03-27 20:00:00
7565,163,temperature,21.6,2025-07-05 05:00:00
7566,272,humidity,71.89,2025-12-02 18:00:00
7567,330,rainfall,0.0,2025-10-02 11:00:00
7568,287,temperature,20.86,2026-04-04 09:00:00
7569,211,rainfall,0.0,2026-02-02 21:00:00
7570,296,temperature,34.13,2025-08-20 07:00:00
7571,43,rainfall,0.0,2025-09-12 21:00:00
7572,184,soil_moisture,27.97,2026-01-06 12:00:00
7573,282,humidity,68.62,2026-01-11 08:00:00
7574,125,humidity,56.66,2025-11-21 13:00:00
7575,376,rainfall,0.0,2025-09-13 03:00:00
7576,147,temperature,28.77,2026-03-09 10:00:00
7577,76,temperature,25.31,2026-04-15 01:00:00
7578,10,rainfall,0.0,2026-03-29 02:00:00
7579,36,temperature,28.15,2026-03-19 11:00:00
7580,180,humidity,50.91,2025-12-24 22:00:00
7581,371,humidity,57.96,2026-03-31 22:00:00
7582,10,humidity,39.68,2026-03-29 18:00:00
7583,167,humidity,65.07,2025-12-24 14:00:00
7584,268,humidity,70.18,2025-12-24 01:00:00
7585,311,rainfall,0.0,2025-10-08 00:00:00
7586,77,temperature,16.96,2026-03-27 02:00:00
7587,330,humidity,64.32,2025-10-01 06:00:00
7588,440,rainfall,0.0,2025-07-10 05:00:00
7589,272,humidity,69.33,2025-12-03 06:00:00
7590,220,humidity,49.89,2026-01-29 03:00:00
7591,444,rainfall,0.0,2025-12-11 01:00:00
7592,163,humidity,38.88,2025-07-03 20:00:00
7593,161,soil_moisture,36.72,2026-01-07 20:00:00
7594,5,soil_moisture,27.31,2026-04-08 18:00:00
7595,288,soil_moisture,36.14,2025-07-07 04:00:00
7596,123,soil_moisture,39.99,2025-11-16 01:00:00
7597,436,soil_moisture,28.57,2026-02-13 08:00:00
7598,322,humidity,59.85,2026-01-16 02:00:00
7599,36,temperature,28.83,2026-03-19 08:00:00
7600,117,rainfall,0.0,2025-08-22 19:00:00
7601,290,humidity,48.72,2026-02-26 16:00:00
7602,48,rainfall,0.0,2026-01-01 05:00:00
7603,318,humidity,38.52,2026-04-04 11:00:00
7604,425,humidity,63.99,2025-09-10 00:00:00
7605,367,soil_moisture,39.24,2025-11-22 02:00:00
7606,401,temperature,26.29,2025-12-11 07:00:00
7607,389,temperature,30.99,2026-03-16 18:00:00
7608,282,soil_moisture,41.02,2026-01-11 16:00:00
7609,219,humidity,74.89,2025-11-19 10:00:00
7610,89,rainfall,0.0,2026-02-26 06:00:00
7611,24,temperature,24.41,2026-03-04 06:00:00
7612,362,soil_moisture,24.58,2026-04-17 21:00:00
7613,436,humidity,66.41,2026-02-12 22:00:00
7614,113,humidity,47.63,2025-07-28 07:00:00
7615,436,soil_moisture,31.32,2026-02-12 13:00:00
7616,66,rainfall,0.0,2026-01-07 13:00:00
7617,9,temperature,31.97,2025-09-21 07:00:00
7618,403,temperature,28.69,2025-11-06 05:00:00
7619,71,humidity,46.35,2025-10-01 16:00:00
7620,66,soil_moisture,32.37,2026-01-07 11:00:00
7621,77,soil_moisture,23.85,2026-03-26 03:00:00
7622,184,temperature,34.25,2026-01-07 06:00:00
7623,377,humidity,46.17,2025-07-12 08:00:00
7624,184,soil_moisture,26.45,2026-01-05 19:00:00
7625,147,humidity,66.92,2026-03-09 15:00:00
7626,94,temperature,29.4,2025-09-29 04:00:00
7627,327,humidity,60.72,2025-07-28 21:00:00
7628,219,humidity,82.44,2025-11-20 04:00:00
7629,321,humidity,52.06,2025-09-10 08:00:00
7630,123,soil_moisture,35.79,2025-11-16 14:00:00
7631,28,soil_moisture,34.66,2025-07-09 09:00:00
7632,372,humidity,61.34,2025-10-28 09:00:00
7633,193,temperature,27.14,2026-03-18 13:00:00
7634,160,soil_moisture,39.92,2026-04-15 23:00:00
7635,268,humidity,69.18,2025-12-23 03:00:00
7636,223,soil_moisture,26.11,2025-12-13 23:00:00
7637,154,humidity,65.8,2025-08-22 09:00:00
7638,444,humidity,53.34,2025-12-11 17:00:00
7639,411,rainfall,0.0,2025-08-24 02:00:00
7640,7,humidity,55.69,2025-12-15 08:00:00
7641,59,rainfall,58.61,2025-12-08 16:00:00
7642,223,rainfall,0.0,2025-12-14 23:00:00
7643,215,humidity,42.15,2026-03-14 03:00:00
7644,46,soil_moisture,35.99,2025-09-20 04:00:00
7645,151,humidity,64.71,2026-03-16 05:00:00
7646,115,rainfall,63.34,2025-10-26 17:00:00
7647,391,soil_moisture,37.59,2025-06-27 09:00:00
7648,431,temperature,27.78,2025-07-02 11:00:00
7649,122,rainfall,32.2,2025-12-22 11:00:00
7650,208,temperature,-273.0,2026-01-16 17:00:00
7651,260,rainfall,0.0,2025-09-22 04:00:00
7652,354,temperature,30.91,2026-03-08 07:00:00
7653,385,rainfall,23.56,2026-03-22 17:00:00
7654,326,temperature,28.54,2026-03-26 20:00:00
7655,419,humidity,63.86,2025-09-25 05:00:00
7656,147,soil_moisture,26.57,2026-03-08 19:00:00
7657,1,temperature,27.2,2026-03-02 09:00:00
7658,220,humidity,47.77,2026-01-29 16:00:00
7659,294,humidity,53.56,2026-01-04 13:00:00
7660,30,rainfall,0.0,2025-08-19 06:00:00
7661,169,soil_moisture,40.91,2026-03-22 21:00:00
7662,288,soil_moisture,46.94,2025-07-07 12:00:00
7663,166,soil_moisture,26.08,2025-12-01 03:00:00
7664,169,humidity,62.29,2026-03-23 15:00:00
7665,28,temperature,21.22,2025-07-09 05:00:00
7666,327,rainfall,46.11,2025-07-28 02:00:00
7667,367,temperature,34.64,2025-11-22 08:00:00
7668,364,temperature,31.21,2025-12-20 06:00:00
7669,55,soil_moisture,31.13,2025-09-01 07:00:00
7670,322,soil_moisture,21.55,2026-01-18 02:00:00
7671,169,rainfall,0.0,2026-03-22 16:00:00
7672,186,temperature,24.98,2026-01-27 02:00:00
7673,403,rainfall,43.66,2025-11-05 13:00:00
7674,321,rainfall,0.0,2025-09-10 15:00:00
7675,71,humidity,41.15,2025-10-02 13:00:00
7676,384,soil_moisture,24.01,2025-08-16 16:00:00
7677,140,humidity,50.62,2025-09-12 07:00:00
7678,4,humidity,56.61,2026-04-11 14:00:00
7679,30,rainfall,0.0,2025-08-21 05:00:00
7680,391,soil_moisture,35.01,2025-06-27 08:00:00
7681,186,soil_moisture,44.49,2026-01-27 12:00:00
7682,298,soil_moisture,41.66,2025-09-11 23:00:00
7683,53,soil_moisture,28.56,2026-03-02 18:00:00
7684,367,soil_moisture,40.73,2025-11-21 01:00:00
7685,330,soil_moisture,28.27,2025-10-03 14:00:00
7686,190,humidity,32.09,2026-02-10 20:00:00
7687,446,temperature,28.72,2026-04-20 02:00:00
7688,143,humidity,61.19,2025-08-12 13:00:00
7689,45,soil_moisture,23.45,2026-02-08 12:00:00
7690,196,rainfall,0.0,2026-02-15 18:00:00
7691,208,rainfall,0.0,2026-01-15 04:00:00
7692,308,rainfall,0.0,2025-12-27 06:00:00
7693,192,temperature,24.63,2026-01-20 07:00:00
7694,285,humidity,52.73,2025-09-06 15:00:00
7695,311,rainfall,45.05,2025-10-07 13:00:00
7696,401,soil_moisture,34.97,2025-12-09 21:00:00
7697,437,soil_moisture,38.05,2025-10-03 06:00:00
7698,442,rainfall,0.0,2025-10-14 13:00:00
7699,28,humidity,50.72,2025-07-10 10:00:00
7700,61,rainfall,0.0,2026-02-06 00:00:00
7701,151,temperature,24.4,2026-03-17 23:00:00
7702,166,rainfall,0.0,2025-11-29 21:00:00
7703,367,humidity,55.59,2025-11-22 05:00:00
7704,448,soil_moisture,39.76,2025-12-15 02:00:00
7705,4,humidity,66.22,2026-04-13 06:00:00
7706,74,soil_moisture,40.03,2025-10-22 15:00:00
7707,444,humidity,56.12,2025-12-12 09:00:00
7708,29,rainfall,0.0,2026-01-19 10:00:00
7709,220,temperature,27.49,2026-01-29 11:00:00
7710,10,temperature,27.53,2026-03-30 09:00:00
7711,212,rainfall,33.91,2025-11-16 23:00:00
7712,385,temperature,20.77,2026-03-23 10:00:00
7713,268,rainfall,0.0,2025-12-23 14:00:00
7714,53,rainfall,37.68,2026-03-02 09:00:00
7715,298,humidity,58.69,2025-09-12 08:00:00
7716,322,humidity,67.55,2026-01-16 12:00:00
7717,146,soil_moisture,46.39,2025-08-16 02:00:00
7718,78,rainfall,56.92,2025-09-26 00:00:00
7719,389,humidity,35.43,2026-03-17 12:00:00
7720,190,soil_moisture,51.2,2026-02-09 07:00:00
7721,201,soil_moisture,25.11,2026-03-30 01:00:00
7722,257,temperature,34.75,2025-07-04 06:00:00
7723,43,soil_moisture,36.89,2025-09-14 02:00:00
7724,446,rainfall,35.53,2026-04-20 09:00:00
7725,204,temperature,29.72,2025-08-24 23:00:00
7726,7,humidity,61.15,2025-12-17 03:00:00
7727,442,soil_moisture,43.97,2025-10-14 12:00:00
7728,197,soil_moisture,48.93,2026-03-16 03:00:00
7729,331,soil_moisture,37.36,2026-04-10 00:00:00
7730,89,temperature,28.99,2026-02-26 19:00:00
7731,219,soil_moisture,40.93,2025-11-20 05:00:00
7732,220,humidity,46.89,2026-01-30 10:00:00
7733,29,rainfall,0.0,2026-01-18 07:00:00
7734,45,soil_moisture,20.62,2026-02-08 01:00:00
7735,431,soil_moisture,40.3,2025-07-02 16:00:00
7736,143,rainfall,0.0,2025-08-12 10:00:00
7737,212,soil_moisture,36.64,2025-11-16 16:00:00
7738,318,rainfall,0.0,2026-04-04 09:00:00
7739,288,temperature,27.76,2025-07-07 01:00:00
7740,340,rainfall,0.0,2025-12-26 09:00:00
7741,180,soil_moisture,41.38,2025-12-26 10:00:00
7742,45,humidity,44.31,2026-02-08 10:00:00
7743,133,rainfall,0.0,2025-07-03 13:00:00
7744,143,humidity,51.81,2025-08-10 07:00:00
7745,381,humidity,54.62,2025-10-24 17:00:00
7746,326,temperature,26.51,2026-03-26 06:00:00
7747,318,temperature,35.32,2026-04-05 15:00:00
7748,133,soil_moisture,30.6,2025-07-02 17:00:00
7749,140,temperature,29.16,2025-09-12 23:00:00
7750,381,temperature,35.17,2025-10-25 04:00:00
7751,129,humidity,47.42,2026-04-21 01:00:00
7752,126,humidity,47.19,2025-08-17 03:00:00
7753,324,rainfall,0.0,2026-01-25 21:00:00
7754,134,soil_moisture,41.18,2026-01-06 17:00:00
7755,343,temperature,25.12,2026-01-12 11:00:00
7756,103,temperature,21.72,2026-01-10 01:00:00
7757,191,soil_moisture,32.01,2026-04-07 19:00:00
7758,382,humidity,49.65,2025-07-31 13:00:00
7759,437,soil_moisture,41.41,2025-10-03 14:00:00
7760,204,humidity,55.66,2025-08-23 05:00:00
7761,43,humidity,63.2,2025-09-14 03:00:00
7762,178,temperature,32.64,2025-12-16 10:00:00
7763,238,soil_moisture,30.26,2025-11-25 20:00:00
7764,427,soil_moisture,30.25,2025-07-10 05:00:00
7765,142,rainfall,39.05,2025-11-15 04:00:00
7766,354,rainfall,35.14,2026-03-06 07:00:00
7767,233,humidity,48.34,2025-12-15 03:00:00
7768,7,humidity,52.59,2025-12-15 17:00:00
7769,219,soil_moisture,37.82,2025-11-19 07:00:00
7770,157,humidity,31.06,2026-01-19 07:00:00
7771,321,temperature,25.12,2025-09-12 05:00:00
7772,171,temperature,30.46,2026-01-16 08:00:00
7773,292,temperature,28.24,2025-09-26 02:00:00
7774,282,humidity,58.91,2026-01-09 04:00:00
7775,114,temperature,22.91,2026-04-19 18:00:00
7776,343,humidity,56.91,2026-01-12 12:00:00
7777,431,temperature,27.34,2025-07-02 20:00:00
7778,5,temperature,30.57,2026-04-08 18:00:00
7779,126,temperature,34.35,2025-08-18 18:00:00
7780,28,humidity,58.11,2025-07-11 02:00:00
7781,446,temperature,28.65,2026-04-20 03:00:00
7782,135,temperature,26.42,2025-12-05 23:00:00
7783,292,rainfall,0.0,2025-09-25 14:00:00
7784,362,humidity,58.39,2026-04-18 02:00:00
7785,326,rainfall,37.72,2026-03-27 05:00:00
7786,29,soil_moisture,18.03,2026-01-19 10:00:00
7787,133,temperature,20.22,2025-07-03 05:00:00
7788,74,humidity,38.54,2025-10-23 08:00:00
7789,283,rainfall,0.0,2026-02-21 20:00:00
7790,44,humidity,58.66,2025-10-06 10:00:00
7791,381,rainfall,0.0,2025-10-24 20:00:00
7792,260,rainfall,40.04,2025-09-23 04:00:00
7793,436,soil_moisture,31.17,2026-02-12 16:00:00
7794,255,soil_moisture,43.89,2025-11-04 16:00:00
7795,268,temperature,22.54,2025-12-24 21:00:00
7796,354,rainfall,0.0,2026-03-07 08:00:00
7797,123,humidity,65.36,2025-11-16 17:00:00
7798,146,soil_moisture,44.56,2025-08-17 02:00:00
7799,376,soil_moisture,37.18,2025-09-14 14:00:00
7800,298,humidity,57.87,2025-09-12 21:00:00
7801,59,humidity,73.18,2025-12-08 17:00:00
7802,384,soil_moisture,24.94,2025-08-18 03:00:00
7803,193,rainfall,0.0,2026-03-18 21:00:00
7804,446,soil_moisture,37.19,2026-04-21 12:00:00
7805,115,temperature,29.45,2025-10-25 14:00:00
7806,308,temperature,23.61,2025-12-27 00:00:00
7807,147,rainfall,36.01,2026-03-09 08:00:00
7808,222,humidity,63.28,2025-10-15 13:00:00
7809,171,soil_moisture,40.31,2026-01-17 08:00:00
7810,448,humidity,81.33,2025-12-14 15:00:00
7811,310,humidity,68.78,2025-12-23 03:00:00
7812,285,soil_moisture,26.32,2025-09-06 03:00:00
7813,4,rainfall,0.0,2026-04-12 17:00:00
7814,223,temperature,19.84,2025-12-13 22:00:00
7815,377,humidity,38.78,2025-07-11 15:00:00
7816,148,humidity,60.34,2025-12-04 01:00:00
7817,235,temperature,31.24,2026-04-01 07:00:00
7818,427,soil_moisture,25.21,2025-07-10 12:00:00
7819,227,soil_moisture,42.18,2025-10-16 06:00:00
7820,13,rainfall,0.0,2025-11-03 02:00:00
7821,9,temperature,30.32,2025-09-20 20:00:00
7822,293,humidity,37.18,2026-02-10 18:00:00
7823,322,humidity,53.74,2026-01-18 07:00:00
7824,201,soil_moisture,24.86,2026-03-31 22:00:00
7825,36,soil_moisture,28.01,2026-03-19 00:00:00
7826,222,humidity,73.09,2025-10-16 09:00:00
7827,425,soil_moisture,29.9,2025-09-09 03:00:00
7828,44,temperature,28.43,2025-10-06 03:00:00
7829,229,rainfall,0.0,2025-11-11 20:00:00
7830,340,soil_moisture,32.63,2025-12-25 09:00:00
7831,327,humidity,56.4,2025-07-28 23:00:00
7832,129,temperature,-273.0,2026-04-19 15:00:00
7833,166,rainfall,0.0,2025-11-29 23:00:00
7834,89,soil_moisture,32.41,2026-02-28 07:00:00
7835,177,humidity,51.78,2026-03-13 22:00:00
7836,223,rainfall,42.95,2025-12-13 16:00:00
7837,66,temperature,21.43,2026-01-06 13:00:00
7838,167,humidity,75.81,2025-12-24 10:00:00
7839,125,rainfall,0.0,2025-11-22 09:00:00
7840,6,soil_moisture,45.64,2025-08-12 20:00:00
7841,30,temperature,25.46,2025-08-20 23:00:00
7842,36,rainfall,0.0,2026-03-20 08:00:00
7843,370,temperature,20.74,2025-07-10 04:00:00
7844,192,soil_moisture,32.43,2026-01-19 19:00:00
7845,89,rainfall,0.0,2026-02-27 19:00:00
7846,151,humidity,60.26,2026-03-17 10:00:00
7847,55,rainfall,34.13,2025-08-31 23:00:00
7848,436,humidity,79.72,2026-02-12 04:00:00
7849,283,temperature,29.08,2026-02-23 02:00:00
7850,99,humidity,45.68,2025-10-09 13:00:00
7851,105,temperature,21.92,2026-01-28 21:00:00
7852,99,rainfall,0.0,2025-10-10 10:00:00
7853,235,temperature,35.71,2026-03-30 20:00:00
7854,215,temperature,17.79,2026-03-14 14:00:00
7855,277,soil_moisture,36.12,2025-09-11 11:00:00
7856,324,soil_moisture,20.02,2026-01-25 07:00:00
7857,331,humidity,45.97,2026-04-11 01:00:00
7858,180,humidity,55.88,2025-12-24 17:00:00
7859,356,soil_moisture,33.06,2025-12-13 03:00:00
7860,384,rainfall,0.0,2025-08-16 06:00:00
7861,364,soil_moisture,39.2,2025-12-22 05:00:00
7862,257,humidity,66.05,2025-07-04 15:00:00
7863,105,humidity,47.52,2026-01-28 17:00:00
7864,66,soil_moisture,24.43,2026-01-07 14:00:00
7865,413,humidity,43.46,2026-01-13 05:00:00
7866,136,rainfall,0.0,2025-11-12 16:00:00
7867,196,rainfall,0.0,2026-02-15 22:00:00
7868,229,soil_moisture,32.45,2025-11-12 13:00:00
7869,192,rainfall,33.25,2026-01-20 07:00:00
7870,335,rainfall,0.0,2025-09-04 21:00:00
7871,143,temperature,31.85,2025-08-11 13:00:00
7872,396,humidity,42.46,2025-07-04 13:00:00
7873,168,temperature,26.39,2026-03-29 05:00:00
7874,386,humidity,69.62,2026-04-06 09:00:00
7875,290,rainfall,0.0,2026-02-25 05:00:00
7876,146,temperature,24.05,2025-08-15 06:00:00
7877,292,rainfall,0.0,2025-09-25 02:00:00
7878,376,soil_moisture,43.24,2025-09-14 09:00:00
7879,171,humidity,38.96,2026-01-17 06:00:00
7880,364,temperature,35.43,2025-12-21 05:00:00
7881,326,temperature,24.05,2026-03-27 03:00:00
7882,115,temperature,33.14,2025-10-26 06:00:00
7883,290,temperature,31.65,2026-02-27 07:00:00
7884,53,humidity,41.65,2026-03-04 00:00:00
7885,382,temperature,24.66,2025-08-01 09:00:00
7886,351,temperature,23.01,2026-02-13 13:00:00
7887,49,rainfall,38.52,2025-09-30 06:00:00
7888,157,rainfall,0.0,2026-01-19 11:00:00
7889,77,soil_moisture,15.82,2026-03-27 16:00:00
7890,133,temperature,23.08,2025-07-02 21:00:00
7891,61,soil_moisture,45.91,2026-02-06 20:00:00
7892,402,temperature,31.64,2026-03-28 14:00:00
7893,49,temperature,23.94,2025-10-01 16:00:00
7894,47,soil_moisture,38.19,2025-10-05 20:00:00
7895,125,temperature,25.64,2025-11-20 12:00:00
7896,77,temperature,-99.0,2026-03-26 04:00:00
7897,403,temperature,35.25,2025-11-05 09:00:00
7898,436,rainfall,0.0,2026-02-11 14:00:00
7899,99,rainfall,45.89,2025-10-08 04:00:00
7900,126,humidity,57.73,2025-08-18 04:00:00
7901,78,soil_moisture,44.55,2025-09-25 07:00:00
7902,424,rainfall,42.77,2026-01-05 10:00:00
7903,9,soil_moisture,39.07,2025-09-20 19:00:00
7904,227,humidity,58.27,2025-10-17 11:00:00
7905,167,humidity,69.6,2025-12-23 06:00:00
7906,223,humidity,69.47,2025-12-13 10:00:00
7907,117,rainfall,0.0,2025-08-22 14:00:00
7908,449,temperature,34.9,2025-09-15 06:00:00
7909,282,rainfall,36.52,2026-01-10 06:00:00
7910,186,rainfall,42.68,2026-01-28 00:00:00
7911,122,soil_moisture,40.59,2025-12-21 16:00:00
7912,192,temperature,26.3,2026-01-19 20:00:00
7913,47,rainfall,0.0,2025-10-05 16:00:00
7914,282,rainfall,0.0,2026-01-09 15:00:00
7915,223,rainfall,0.0,2025-12-13 10:00:00
7916,196,temperature,22.19,2026-02-16 03:00:00
7917,385,soil_moisture,22.04,2026-03-24 14:00:00
7918,99,humidity,51.15,2025-10-09 17:00:00
7919,143,soil_moisture,30.83,2025-08-11 10:00:00
7920,129,soil_moisture,28.4,2026-04-19 16:00:00
7921,212,humidity,46.02,2025-11-16 17:00:00
7922,226,rainfall,0.0,2026-04-21 20:00:00
7923,377,temperature,32.14,2025-07-11 03:00:00
7924,362,temperature,20.45,2026-04-19 00:00:00
7925,290,soil_moisture,19.45,2026-02-25 09:00:00
7926,125,humidity,61.36,2025-11-20 21:00:00
7927,113,rainfall,0.0,2025-07-29 23:00:00
7928,128,soil_moisture,47.37,2025-07-10 16:00:00
7929,161,soil_moisture,31.72,2026-01-06 14:00:00
7930,220,humidity,40.47,2026-01-30 22:00:00
7931,210,soil_moisture,39.24,2025-11-05 01:00:00
7932,340,temperature,31.27,2025-12-26 08:00:00
7933,277,humidity,76.3,2025-09-10 12:00:00
7934,208,humidity,50.26,2026-01-16 11:00:00
7935,167,soil_moisture,43.49,2025-12-23 10:00:00
7936,165,soil_moisture,23.03,2025-06-30 01:00:00
7937,46,humidity,74.34,2025-09-20 10:00:00
7938,367,temperature,31.13,2025-11-23 03:00:00
7939,223,soil_moisture,25.27,2025-12-13 08:00:00
7940,78,humidity,40.26,2025-09-26 14:00:00
7941,154,rainfall,0.0,2025-08-22 06:00:00
7942,70,rainfall,0.0,2025-12-10 11:00:00
7943,190,soil_moisture,45.07,2026-02-10 15:00:00
7944,135,temperature,27.94,2025-12-05 16:00:00
7945,170,rainfall,47.23,2025-07-03 17:00:00
7946,448,humidity,80.12,2025-12-13 17:00:00
7947,431,temperature,31.69,2025-07-02 16:00:00
7948,113,temperature,28.29,2025-07-29 02:00:00
7949,171,temperature,29.55,2026-01-17 12:00:00
7950,389,rainfall,0.0,2026-03-16 11:00:00
7951,117,rainfall,0.0,2025-08-22 20:00:00
7952,371,rainfall,37.65,2026-03-30 05:00:00
7953,437,rainfall,67.37,2025-10-04 03:00:00
7954,385,soil_moisture,25.3,2026-03-22 20:00:00
7955,235,temperature,29.74,2026-03-30 16:00:00
7956,282,temperature,29.1,2026-01-09 20:00:00
7957,446,humidity,48.87,2026-04-20 16:00:00
7958,30,soil_moisture,34.37,2025-08-20 19:00:00
7959,440,humidity,39.74,2025-07-10 13:00:00
7960,55,temperature,30.72,2025-09-01 10:00:00
7961,24,rainfall,32.49,2026-03-04 06:00:00
7962,229,temperature,34.94,2025-11-13 15:00:00
7963,17,humidity,45.87,2025-07-20 03:00:00
7964,290,soil_moisture,26.56,2026-02-26 16:00:00
7965,196,humidity,69.58,2026-02-17 06:00:00
7966,447,soil_moisture,22.67,2025-09-19 06:00:00
7967,294,humidity,49.08,2026-01-05 05:00:00
7968,129,rainfall,0.0,2026-04-20 12:00:00
7969,341,humidity,65.89,2025-11-25 15:00:00
7970,235,temperature,28.82,2026-03-30 06:00:00
7971,381,humidity,45.96,2025-10-25 05:00:00
7972,123,soil_moisture,34.1,2025-11-16 13:00:00
7973,346,soil_moisture,31.93,2025-09-25 01:00:00
7974,135,soil_moisture,37.86,2025-12-06 01:00:00
7975,78,humidity,52.74,2025-09-26 22:00:00
7976,361,temperature,21.75,2025-10-20 02:00:00
7977,196,rainfall,0.0,2026-02-16 17:00:00
7978,167,humidity,62.56,2025-12-24 23:00:00
7979,226,temperature,26.9,2026-04-21 13:00:00
7980,114,soil_moisture,31.01,2026-04-20 04:00:00
7981,46,temperature,32.78,2025-09-21 10:00:00
7982,103,humidity,42.29,2026-01-10 02:00:00
7983,115,temperature,33.76,2025-10-26 10:00:00
7984,5,humidity,31.6,2026-04-08 10:00:00
7985,268,temperature,23.79,2025-12-25 05:00:00
7986,115,soil_moisture,38.31,2025-10-25 17:00:00
7987,125,soil_moisture,41.88,2025-11-20 23:00:00
7988,178,humidity,63.82,2025-12-15 15:00:00
7989,287,soil_moisture,44.18,2026-04-05 21:00:00
7990,361,soil_moisture,27.13,2025-10-19 07:00:00
7991,300,humidity,60.93,2025-10-26 01:00:00
7992,137,temperature,22.52,2026-03-12 02:00:00
7993,215,soil_moisture,37.4,2026-03-16 01:00:00
7994,136,rainfall,0.0,2025-11-12 04:00:00
7995,123,temperature,22.88,2025-11-15 19:00:00
7996,168,soil_moisture,29.27,2026-03-28 05:00:00
7997,147,soil_moisture,21.01,2026-03-09 17:00:00
7998,282,rainfall,24.16,2026-01-09 14:00:00
7999,159,soil_moisture,24.07,2025-09-20 01:00:00
8000,401,rainfall,50.83,2025-12-11 05:00:00
8001,364,rainfall,0.0,2025-12-21 13:00:00
8002,159,soil_moisture,27.25,2025-09-19 19:00:00
8003,427,humidity,60.44,2025-07-09 06:00:00
8004,168,humidity,61.49,2026-03-28 09:00:00
8005,91,soil_moisture,43.8,2026-02-22 21:00:00
8006,235,humidity,62.17,2026-03-30 12:00:00
8007,70,rainfall,999.9,2025-12-10 01:00:00
8008,220,humidity,40.8,2026-01-29 12:00:00
8009,308,temperature,22.63,2025-12-26 02:00:00
8010,368,temperature,20.89,2026-03-05 12:00:00
8011,94,soil_moisture,29.82,2025-09-30 01:00:00
8012,343,temperature,25.38,2026-01-14 01:00:00
8013,396,rainfall,0.0,2025-07-06 05:00:00
8014,167,soil_moisture,40.18,2025-12-23 08:00:00
8015,143,rainfall,0.0,2025-08-10 12:00:00
8016,335,temperature,25.79,2025-09-04 21:00:00
8017,157,temperature,26.03,2026-01-21 00:00:00
8018,186,humidity,65.73,2026-01-28 06:00:00
8019,1,rainfall,0.0,2026-02-28 18:00:00
8020,50,rainfall,0.0,2026-03-11 09:00:00
8021,377,soil_moisture,39.58,2025-07-11 21:00:00
8022,90,temperature,33.27,2025-08-19 06:00:00
8023,204,temperature,34.63,2025-08-25 07:00:00
8024,403,rainfall,48.46,2025-11-05 08:00:00
8025,436,soil_moisture,28.18,2026-02-13 11:00:00
8026,134,soil_moisture,37.99,2026-01-07 00:00:00
8027,184,humidity,44.03,2026-01-06 18:00:00
8028,7,humidity,65.49,2025-12-16 12:00:00
8029,4,rainfall,0.0,2026-04-11 22:00:00
8030,342,humidity,61.76,2026-03-29 03:00:00
8031,24,temperature,23.46,2026-03-05 13:00:00
8032,45,rainfall,0.0,2026-02-08 10:00:00
8033,45,temperature,23.3,2026-02-08 14:00:00
8034,137,temperature,26.42,2026-03-12 15:00:00
8035,322,rainfall,0.0,2026-01-16 17:00:00
8036,192,rainfall,50.11,2026-01-20 02:00:00
8037,303,rainfall,0.0,2025-08-22 10:00:00
8038,421,soil_moisture,32.49,2025-07-11 08:00:00
8039,215,rainfall,0.0,2026-03-14 14:00:00
8040,447,rainfall,0.0,2025-09-19 06:00:00
8041,17,rainfall,0.0,2025-07-20 16:00:00
8042,13,humidity,78.11,2025-11-02 09:00:00
8043,220,soil_moisture,19.81,2026-01-29 11:00:00
8044,381,rainfall,0.0,2025-10-24 21:00:00
8045,46,humidity,75.83,2025-09-21 13:00:00
8046,73,humidity,75.6,2025-10-09 00:00:00
8047,335,humidity,63.62,2025-09-03 12:00:00
8048,133,humidity,57.7,2025-07-04 06:00:00
8049,354,humidity,63.29,2026-03-07 08:00:00
8050,146,humidity,51.67,2025-08-17 20:00:00
8051,166,humidity,54.06,2025-11-29 13:00:00
8052,372,humidity,63.54,2025-10-28 08:00:00
8053,185,temperature,30.81,2026-03-04 17:00:00
8054,396,humidity,47.76,2025-07-04 22:00:00
8055,192,soil_moisture,27.58,2026-01-20 22:00:00
8056,424,humidity,36.9,2026-01-06 14:00:00
8057,361,rainfall,37.03,2025-10-20 08:00:00
8058,227,temperature,35.55,2025-10-17 15:00:00
8059,326,humidity,51.13,2026-03-26 20:00:00
8060,327,soil_moisture,42.65,2025-07-29 19:00:00
8061,335,temperature,23.5,2025-09-03 12:00:00
8062,282,rainfall,0.0,2026-01-09 16:00:00
8063,226,temperature,30.52,2026-04-22 14:00:00
8064,361,humidity,68.38,2025-10-19 16:00:00
8065,16,rainfall,0.0,2025-08-19 07:00:00
8066,351,soil_moisture,18.46,2026-02-12 22:00:00
8067,77,humidity,50.61,2026-03-27 02:00:00
8068,99,humidity,49.44,2025-10-08 20:00:00
8069,28,temperature,19.04,2025-07-09 06:00:00
8070,47,soil_moisture,33.78,2025-10-04 03:00:00
8071,166,humidity,51.88,2025-11-29 05:00:00
8072,321,soil_moisture,28.2,2025-09-11 02:00:00
8073,440,rainfall,0.0,2025-07-10 04:00:00
8074,186,temperature,24.18,2026-01-28 03:00:00
8075,167,temperature,34.84,2025-12-23 23:00:00
8076,285,humidity,44.11,2025-09-05 21:00:00
8077,72,rainfall,0.0,2025-08-19 03:00:00
8078,143,temperature,32.46,2025-08-10 14:00:00
8079,220,temperature,28.37,2026-01-29 06:00:00
8080,310,rainfall,0.0,2025-12-24 05:00:00
8081,28,temperature,21.38,2025-07-09 21:00:00
8082,447,rainfall,0.0,2025-09-20 01:00:00
8083,354,temperature,34.69,2026-03-07 16:00:00
8084,157,temperature,25.25,2026-01-20 07:00:00
8085,293,temperature,21.33,2026-02-09 07:00:00
8086,169,soil_moisture,45.41,2026-03-23 17:00:00
8087,72,humidity,44.51,2025-08-21 11:00:00
8088,126,soil_moisture,27.82,2025-08-17 03:00:00
8089,343,temperature,25.59,2026-01-12 23:00:00
8090,401,temperature,24.37,2025-12-10 02:00:00
8091,215,soil_moisture,42.0,2026-03-16 12:00:00
8092,157,soil_moisture,31.97,2026-01-19 02:00:00
8093,157,humidity,40.05,2026-01-21 04:00:00
8094,159,rainfall,53.59,2025-09-20 16:00:00
8095,170,rainfall,0.0,2025-07-05 07:00:00
8096,447,soil_moisture,24.04,2025-09-18 15:00:00
8097,60,temperature,28.89,2026-03-06 05:00:00
8098,294,rainfall,0.0,2026-01-04 00:00:00
8099,48,rainfall,0.0,2025-12-30 04:00:00
8100,82,temperature,27.55,2026-02-20 21:00:00
8101,446,humidity,56.53,2026-04-21 05:00:00
8102,184,rainfall,0.0,2026-01-06 10:00:00
8103,323,soil_moisture,32.57,2025-07-26 21:00:00
8104,24,humidity,44.58,2026-03-04 04:00:00
8105,148,temperature,34.18,2025-12-04 03:00:00
8106,30,humidity,54.56,2025-08-20 06:00:00
8107,76,humidity,66.88,2026-04-16 12:00:00
8108,82,soil_moisture,36.32,2026-02-21 21:00:00
8109,163,humidity,46.59,2025-07-03 12:00:00
8110,6,temperature,22.75,2025-08-12 00:00:00
8111,418,temperature,35.0,2025-09-06 08:00:00
8112,372,humidity,54.29,2025-10-29 14:00:00
8113,411,rainfall,0.0,2025-08-24 18:00:00
8114,362,temperature,20.5,2026-04-17 13:00:00
8115,377,humidity,41.85,2025-07-12 22:00:00
8116,311,humidity,49.77,2025-10-09 05:00:00
8117,233,temperature,26.46,2025-12-14 09:00:00
8118,346,rainfall,0.0,2025-09-25 06:00:00
8119,13,rainfall,32.73,2025-11-02 12:00:00
8120,192,soil_moisture,35.31,2026-01-20 21:00:00
8121,166,temperature,31.37,2025-11-29 18:00:00
8122,361,temperature,27.74,2025-10-20 03:00:00
8123,389,temperature,33.18,2026-03-18 00:00:00
8124,13,temperature,26.05,2025-11-02 11:00:00
8125,309,temperature,21.81,2026-04-08 21:00:00
8126,381,temperature,35.25,2025-10-24 07:00:00
8127,74,humidity,45.84,2025-10-23 05:00:00
8128,285,temperature,29.96,2025-09-05 13:00:00
8129,442,temperature,36.7,2025-10-15 02:00:00
8130,76,rainfall,28.59,2026-04-16 13:00:00
8131,161,temperature,27.24,2026-01-07 00:00:00
8132,99,rainfall,0.0,2025-10-08 16:00:00
8133,238,humidity,67.53,2025-11-25 12:00:00
8134,89,soil_moisture,36.06,2026-02-26 11:00:00
8135,381,rainfall,0.0,2025-10-24 08:00:00
8136,413,humidity,37.79,2026-01-13 09:00:00
8137,177,rainfall,0.0,2026-03-12 23:00:00
8138,157,humidity,42.0,2026-01-20 20:00:00
8139,9,humidity,57.91,2025-09-21 01:00:00
8140,168,temperature,29.21,2026-03-29 03:00:00
8141,353,soil_moisture,40.36,2026-03-19 13:00:00
8142,7,rainfall,0.0,2025-12-17 13:00:00
8143,113,soil_moisture,39.08,2025-07-29 08:00:00
8144,18,rainfall,0.0,2026-03-15 12:00:00
8145,386,temperature,29.16,2026-04-06 02:00:00
8146,97,temperature,31.9,2026-02-14 04:00:00
8147,137,humidity,44.67,2026-03-13 02:00:00
8148,136,temperature,34.55,2025-11-11 03:00:00
8149,444,soil_moisture,34.12,2025-12-12 01:00:00
8150,191,soil_moisture,34.08,2026-04-07 11:00:00
8151,342,rainfall,0.0,2026-03-29 21:00:00
8152,240,soil_moisture,22.84,2026-04-23 09:00:00
8153,391,soil_moisture,42.68,2025-06-27 17:00:00
8154,135,temperature,26.98,2025-12-07 05:00:00
8155,240,rainfall,38.71,2026-04-22 03:00:00
8156,136,temperature,30.24,2025-11-10 09:00:00
8157,292,rainfall,0.0,2025-09-26 08:00:00
8158,382,humidity,44.64,2025-07-31 20:00:00
8159,192,temperature,26.44,2026-01-19 04:00:00
8160,186,humidity,68.89,2026-01-29 05:00:00
8161,436,temperature,31.46,2026-02-12 14:00:00
8162,413,temperature,27.14,2026-01-13 17:00:00
8163,4,humidity,55.6,2026-04-12 16:00:00
8164,167,humidity,65.31,2025-12-23 14:00:00
8165,309,temperature,20.07,2026-04-09 00:00:00
8166,361,temperature,23.05,2025-10-18 21:00:00
8167,240,soil_moisture,23.31,2026-04-22 13:00:00
8168,273,rainfall,0.0,2026-01-08 06:00:00
8169,170,humidity,54.47,2025-07-04 07:00:00
8170,437,rainfall,0.0,2025-10-04 19:00:00
8171,97,rainfall,0.0,2026-02-13 16:00:00
8172,73,humidity,77.13,2025-10-08 08:00:00
8173,306,soil_moisture,32.99,2025-12-31 01:00:00
8174,223,rainfall,0.0,2025-12-14 09:00:00
8175,331,rainfall,0.0,2026-04-09 07:00:00
8176,94,humidity,72.49,2025-09-30 10:00:00
8177,296,soil_moisture,47.44,2025-08-20 02:00:00
8178,372,rainfall,0.0,2025-10-29 13:00:00
8179,235,humidity,70.52,2026-03-31 04:00:00
8180,449,humidity,71.17,2025-09-17 09:00:00
8181,377,soil_moisture,33.35,2025-07-11 03:00:00
8182,272,soil_moisture,47.39,2025-12-03 05:00:00
8183,285,soil_moisture,24.15,2025-09-05 17:00:00
8184,169,temperature,27.03,2026-03-23 05:00:00
8185,71,rainfall,0.0,2025-10-01 15:00:00
8186,89,soil_moisture,34.7,2026-02-26 01:00:00
8187,147,humidity,64.53,2026-03-08 08:00:00
8188,309,humidity,40.19,2026-04-07 04:00:00
8189,71,soil_moisture,49.14,2025-10-01 12:00:00
8190,210,soil_moisture,45.01,2025-11-06 03:00:00
8191,60,soil_moisture,27.7,2026-03-06 22:00:00
8192,376,temperature,30.75,2025-09-14 21:00:00
8193,122,rainfall,0.0,2025-12-21 14:00:00
8194,99,temperature,31.16,2025-10-10 01:00:00
8195,48,soil_moisture,39.66,2026-01-01 08:00:00
8196,309,soil_moisture,25.25,2026-04-08 20:00:00
8197,135,rainfall,64.98,2025-12-07 04:00:00
8198,129,temperature,32.75,2026-04-20 13:00:00
8199,402,rainfall,0.0,2026-03-29 03:00:00
8200,171,soil_moisture,35.44,2026-01-16 14:00:00
8201,212,humidity,53.19,2025-11-16 13:00:00
8202,16,humidity,67.45,2025-08-18 21:00:00
8203,222,temperature,26.84,2025-10-16 00:00:00
8204,419,humidity,58.71,2025-09-25 22:00:00
8205,45,temperature,24.29,2026-02-08 11:00:00
8206,208,rainfall,46.08,2026-01-15 23:00:00
8207,308,soil_moisture,30.96,2025-12-27 05:00:00
8208,205,rainfall,0.0,2025-12-25 05:00:00
8209,186,humidity,61.4,2026-01-27 17:00:00
8210,391,rainfall,0.0,2025-06-26 10:00:00
8211,381,temperature,35.71,2025-10-25 21:00:00
8212,157,temperature,26.06,2026-01-20 11:00:00
8213,18,temperature,30.55,2026-03-16 14:00:00
8214,335,humidity,64.81,2025-09-05 10:00:00
8215,73,soil_moisture,32.47,2025-10-08 16:00:00
8216,295,humidity,51.14,2026-04-11 02:00:00
8217,311,soil_moisture,41.08,2025-10-07 02:00:00
8218,192,rainfall,42.41,2026-01-21 03:00:00
8219,61,temperature,26.46,2026-02-05 17:00:00
8220,49,humidity,46.08,2025-09-29 23:00:00
8221,327,rainfall,0.0,2025-07-30 11:00:00
8222,306,soil_moisture,40.84,2025-12-30 08:00:00
8223,306,temperature,32.73,2025-12-29 04:00:00
8224,142,soil_moisture,37.07,2025-11-15 01:00:00
8225,215,rainfall,25.16,2026-03-15 04:00:00
8226,167,rainfall,42.89,2025-12-25 06:00:00
8227,263,humidity,54.52,2025-12-23 01:00:00
8228,129,humidity,47.73,2026-04-21 04:00:00
8229,91,soil_moisture,41.1,2026-02-24 22:00:00
8230,90,temperature,31.92,2025-08-19 20:00:00
8231,327,temperature,29.05,2025-07-28 17:00:00
8232,133,soil_moisture,37.83,2025-07-02 05:00:00
8233,50,temperature,22.62,2026-03-10 21:00:00
8234,343,humidity,56.64,2026-01-12 08:00:00
8235,48,temperature,26.7,2025-12-31 12:00:00
8236,76,soil_moisture,24.1,2026-04-15 11:00:00
8237,126,soil_moisture,30.92,2025-08-17 12:00:00
8238,240,soil_moisture,24.81,2026-04-22 21:00:00
8239,306,rainfall,0.0,2025-12-30 01:00:00
8240,129,rainfall,0.0,2026-04-21 03:00:00
8241,123,rainfall,0.0,2025-11-15 12:00:00
8242,147,rainfall,28.98,2026-03-09 03:00:00
8243,29,rainfall,26.12,2026-01-18 14:00:00
8244,122,soil_moisture,41.81,2025-12-22 04:00:00
8245,142,humidity,69.7,2025-11-15 03:00:00
8246,129,rainfall,22.78,2026-04-19 10:00:00
8247,268,humidity,68.61,2025-12-24 17:00:00
8248,220,rainfall,0.0,2026-01-29 22:00:00
8249,296,temperature,30.73,2025-08-21 11:00:00
8250,212,soil_moisture,37.35,2025-11-16 01:00:00
8251,233,soil_moisture,30.62,2025-12-14 16:00:00
8252,197,rainfall,20.62,2026-03-16 09:00:00
8253,238,humidity,68.11,2025-11-25 05:00:00
8254,43,rainfall,0.0,2025-09-12 15:00:00
8255,53,temperature,25.36,2026-03-03 10:00:00
8256,74,rainfall,0.0,2025-10-23 04:00:00
8257,437,soil_moisture,44.38,2025-10-05 02:00:00
8258,293,humidity,39.62,2026-02-09 20:00:00
8259,105,humidity,42.77,2026-01-28 02:00:00
8260,449,humidity,70.01,2025-09-15 04:00:00
8261,356,humidity,70.76,2025-12-12 02:00:00
8262,235,rainfall,0.0,2026-03-31 02:00:00
8263,184,temperature,33.2,2026-01-05 20:00:00
8264,296,rainfall,0.0,2025-08-22 00:00:00
8265,43,soil_moisture,35.3,2025-09-14 08:00:00
8266,71,humidity,45.65,2025-10-02 15:00:00
8267,413,rainfall,0.0,2026-01-12 02:00:00
8268,403,humidity,47.4,2025-11-05 01:00:00
8269,125,soil_moisture,37.73,2025-11-22 10:00:00
8270,305,soil_moisture,42.0,2025-06-26 15:00:00
8271,60,soil_moisture,27.72,2026-03-06 10:00:00
8272,76,temperature,23.56,2026-04-15 15:00:00
8273,212,humidity,54.61,2025-11-17 12:00:00
8274,448,soil_moisture,33.55,2025-12-13 17:00:00
8275,17,soil_moisture,28.19,2025-07-20 07:00:00
8276,215,soil_moisture,41.3,2026-03-15 05:00:00
8277,386,rainfall,0.0,2026-04-04 15:00:00
8278,161,humidity,37.75,2026-01-07 07:00:00
8279,55,temperature,30.44,2025-09-01 08:00:00
8280,330,temperature,32.18,2025-10-02 00:00:00
8281,65,temperature,23.78,2025-07-08 12:00:00
8282,136,rainfall,0.0,2025-11-10 18:00:00
8283,186,humidity,66.01,2026-01-27 11:00:00
8284,341,temperature,36.65,2025-11-25 15:00:00
8285,154,temperature,28.31,2025-08-22 05:00:00
8286,36,humidity,65.92,2026-03-19 14:00:00
8287,346,rainfall,0.0,2025-09-24 04:00:00
8288,4,humidity,47.46,2026-04-11 21:00:00
8289,28,soil_moisture,38.04,2025-07-10 17:00:00
8290,184,humidity,41.89,2026-01-06 21:00:00
8291,367,temperature,29.07,2025-11-22 22:00:00
8292,226,rainfall,0.0,2026-04-22 07:00:00
8293,16,rainfall,0.0,2025-08-18 09:00:00
8294,436,rainfall,0.0,2026-02-12 11:00:00
8295,402,humidity,54.88,2026-03-28 06:00:00
8296,324,rainfall,45.08,2026-01-25 03:00:00
8297,167,rainfall,0.0,2025-12-24 20:00:00
8298,47,soil_moisture,40.59,2025-10-06 17:00:00
8299,238,temperature,24.51,2025-11-25 19:00:00
8300,47,soil_moisture,38.83,2025-10-05 15:00:00
8301,294,temperature,25.79,2026-01-04 23:00:00
8302,71,humidity,41.91,2025-10-01 10:00:00
8303,293,soil_moisture,36.09,2026-02-09 04:00:00
8304,277,humidity,72.45,2025-09-11 14:00:00
8305,196,soil_moisture,40.21,2026-02-16 20:00:00
8306,59,temperature,25.65,2025-12-09 03:00:00
8307,186,temperature,26.29,2026-01-27 22:00:00
8308,7,humidity,59.53,2025-12-15 04:00:00
8309,403,temperature,30.6,2025-11-05 10:00:00
8310,310,temperature,30.54,2025-12-22 16:00:00
8311,283,soil_moisture,41.53,2026-02-22 03:00:00
8312,129,humidity,33.17,2026-04-20 13:00:00
8313,382,rainfall,0.0,2025-07-30 23:00:00
8314,257,rainfall,0.0,2025-07-03 16:00:00
8315,122,soil_moisture,48.3,2025-12-22 07:00:00
8316,115,temperature,31.73,2025-10-25 23:00:00
8317,47,rainfall,51.37,2025-10-06 07:00:00
8318,331,rainfall,0.0,2026-04-09 21:00:00
8319,103,humidity,42.96,2026-01-09 04:00:00
8320,161,temperature,27.74,2026-01-08 14:00:00
8321,168,humidity,67.19,2026-03-28 21:00:00
8322,396,rainfall,0.0,2025-07-05 02:00:00
8323,424,temperature,28.08,2026-01-06 13:00:00
8324,421,rainfall,0.0,2025-07-12 08:00:00
8325,186,soil_moisture,47.25,2026-01-27 06:00:00
8326,61,temperature,28.9,2026-02-07 03:00:00
8327,419,soil_moisture,29.96,2025-09-24 07:00:00
8328,18,humidity,51.89,2026-03-17 15:00:00
8329,53,rainfall,28.75,2026-03-03 23:00:00
8330,7,rainfall,0.0,2025-12-17 04:00:00
8331,71,rainfall,49.32,2025-10-02 01:00:00
8332,78,rainfall,68.29,2025-09-26 02:00:00
8333,402,soil_moisture,26.51,2026-03-29 13:00:00
8334,324,temperature,24.63,2026-01-26 03:00:00
8335,296,rainfall,0.0,2025-08-21 17:00:00
8336,292,temperature,30.99,2025-09-25 02:00:00
8337,389,rainfall,0.0,2026-03-16 12:00:00
8338,192,humidity,45.63,2026-01-19 18:00:00
8339,424,temperature,23.09,2026-01-05 17:00:00
8340,44,humidity,43.02,2025-10-07 14:00:00
8341,91,soil_moisture,36.24,2026-02-24 20:00:00
8342,437,soil_moisture,44.47,2025-10-03 07:00:00
8343,436,rainfall,0.0,2026-02-13 01:00:00
8344,421,rainfall,0.0,2025-07-13 05:00:00
8345,191,humidity,55.72,2026-04-06 07:00:00
8346,70,humidity,57.95,2025-12-10 20:00:00
8347,308,humidity,56.49,2025-12-27 19:00:00
8348,117,soil_moisture,21.55,2025-08-22 00:00:00
8349,184,soil_moisture,24.59,2026-01-05 06:00:00
8350,227,humidity,60.99,2025-10-16 12:00:00
8351,167,soil_moisture,46.72,2025-12-24 02:00:00
8352,191,humidity,62.32,2026-04-06 13:00:00
8353,257,soil_moisture,24.89,2025-07-03 17:00:00
8354,370,rainfall,0.0,2025-07-09 21:00:00
8355,185,temperature,27.81,2026-03-05 00:00:00
8356,402,rainfall,0.0,2026-03-28 02:00:00
8357,376,humidity,54.55,2025-09-15 06:00:00
8358,204,rainfall,0.0,2025-08-24 12:00:00
8359,330,humidity,55.08,2025-10-01 10:00:00
8360,235,rainfall,0.0,2026-04-01 05:00:00
8361,72,temperature,25.07,2025-08-20 15:00:00
8362,321,soil_moisture,30.27,2025-09-11 20:00:00
8363,367,humidity,49.19,2025-11-22 10:00:00
8364,421,rainfall,0.0,2025-07-12 07:00:00
8365,82,humidity,43.5,2026-02-21 15:00:00
8366,126,rainfall,0.0,2025-08-17 08:00:00
8367,227,temperature,36.0,2025-10-17 07:00:00
8368,10,rainfall,43.56,2026-03-29 16:00:00
8369,303,soil_moisture,30.57,2025-08-23 07:00:00
8370,10,soil_moisture,36.91,2026-03-30 01:00:00
8371,300,soil_moisture,32.42,2025-10-25 14:00:00
8372,413,rainfall,32.73,2026-01-12 11:00:00
8373,219,humidity,74.64,2025-11-20 03:00:00
8374,376,soil_moisture,38.41,2025-09-14 05:00:00
8375,148,humidity,65.51,2025-12-04 11:00:00
8376,288,humidity,64.2,2025-07-07 00:00:00
8377,367,humidity,56.04,2025-11-22 14:00:00
8378,436,soil_moisture,22.16,2026-02-13 06:00:00
8379,321,temperature,22.83,2025-09-11 14:00:00
8380,290,rainfall,55.36,2026-02-25 12:00:00
8381,143,temperature,33.61,2025-08-10 09:00:00
8382,401,temperature,25.36,2025-12-11 05:00:00
8383,140,humidity,48.42,2025-09-14 03:00:00
8384,177,temperature,21.57,2026-03-13 17:00:00
8385,285,temperature,28.42,2025-09-05 05:00:00
8386,331,temperature,25.53,2026-04-09 22:00:00
8387,240,soil_moisture,28.16,2026-04-23 07:00:00
8388,117,temperature,23.09,2025-08-21 05:00:00
8389,326,soil_moisture,22.86,2026-03-28 08:00:00
8390,133,soil_moisture,35.22,2025-07-03 04:00:00
8391,165,soil_moisture,32.92,2025-07-02 02:00:00
8392,296,soil_moisture,44.48,2025-08-21 20:00:00
8393,205,humidity,72.32,2025-12-24 01:00:00
8394,293,temperature,24.25,2026-02-09 05:00:00
8395,212,humidity,44.36,2025-11-16 21:00:00
8396,300,temperature,21.05,2025-10-26 14:00:00
8397,330,rainfall,0.0,2025-10-01 01:00:00
8398,367,temperature,29.59,2025-11-21 17:00:00
8399,72,temperature,25.29,2025-08-20 05:00:00
8400,163,soil_moisture,40.78,2025-07-05 10:00:00
8401,431,rainfall,31.16,2025-07-02 19:00:00
8402,356,humidity,70.43,2025-12-13 00:00:00
8403,36,humidity,49.45,2026-03-20 08:00:00
8404,13,rainfall,30.82,2025-11-02 06:00:00
8405,238,soil_moisture,29.17,2025-11-24 14:00:00
8406,310,rainfall,0.0,2025-12-23 02:00:00
8407,126,soil_moisture,25.28,2025-08-18 16:00:00
8408,49,rainfall,34.72,2025-09-30 02:00:00
8409,331,humidity,45.26,2026-04-10 22:00:00
8410,32,temperature,23.42,2025-07-27 10:00:00
8411,24,rainfall,34.89,2026-03-05 02:00:00
8412,90,rainfall,0.0,2025-08-21 08:00:00
8413,294,soil_moisture,27.65,2026-01-04 06:00:00
8414,105,humidity,42.33,2026-01-27 02:00:00
8415,5,humidity,46.49,2026-04-08 23:00:00
8416,65,rainfall,0.0,2025-07-10 03:00:00
8417,447,soil_moisture,29.69,2025-09-19 15:00:00
8418,361,soil_moisture,27.17,2025-10-18 02:00:00
8419,159,rainfall,0.0,2025-09-20 00:00:00
8420,125,soil_moisture,42.23,2025-11-21 10:00:00
8421,223,rainfall,50.72,2025-12-13 09:00:00
8422,354,humidity,68.03,2026-03-06 16:00:00
8423,371,humidity,63.23,2026-03-30 07:00:00
8424,389,humidity,40.68,2026-03-17 22:00:00
8425,257,rainfall,0.0,2025-07-03 10:00:00
8426,43,rainfall,45.63,2025-09-13 09:00:00
8427,78,temperature,33.15,2025-09-26 17:00:00
8428,277,temperature,27.23,2025-09-11 10:00:00
8429,300,humidity,71.95,2025-10-27 03:00:00
8430,4,soil_moisture,26.76,2026-04-13 14:00:00
8431,294,humidity,38.47,2026-01-04 16:00:00
8432,30,rainfall,0.0,2025-08-21 03:00:00
8433,48,rainfall,0.0,2025-12-30 10:00:00
8434,288,rainfall,0.0,2025-07-07 07:00:00
8435,318,temperature,32.32,2026-04-05 03:00:00
8436,324,soil_moisture,21.95,2026-01-27 21:00:00
8437,283,rainfall,0.0,2026-02-21 04:00:00
8438,6,humidity,56.29,2025-08-11 17:00:00
8439,48,rainfall,0.0,2025-12-30 06:00:00
8440,272,temperature,27.96,2025-12-04 15:00:00
8441,351,humidity,43.37,2026-02-13 16:00:00
8442,321,humidity,60.09,2025-09-10 11:00:00
8443,190,rainfall,999.9,2026-02-09 10:00:00
8444,364,temperature,38.13,2025-12-20 09:00:00
8445,396,rainfall,0.0,2025-07-04 06:00:00
8446,449,rainfall,0.0,2025-09-15 18:00:00
8447,277,rainfall,0.0,2025-09-11 08:00:00
8448,377,rainfall,0.0,2025-07-13 15:00:00
8449,222,temperature,28.14,2025-10-15 06:00:00
8450,370,soil_moisture,36.36,2025-07-08 22:00:00
8451,70,humidity,47.86,2025-12-10 09:00:00
8452,128,rainfall,0.0,2025-07-11 03:00:00
8453,298,humidity,56.09,2025-09-11 19:00:00
8454,437,humidity,53.08,2025-10-05 15:00:00
8455,444,humidity,48.91,2025-12-11 19:00:00
8456,321,rainfall,39.44,2025-09-11 17:00:00
8457,354,soil_moisture,23.7,2026-03-06 13:00:00
8458,298,rainfall,0.0,2025-09-12 14:00:00
8459,343,humidity,59.81,2026-01-13 15:00:00
8460,128,rainfall,0.0,2025-07-11 00:00:00
8461,140,humidity,49.58,2025-09-13 08:00:00
8462,351,rainfall,0.0,2026-02-12 02:00:00
8463,91,humidity,68.19,2026-02-22 06:00:00
8464,143,humidity,55.37,2025-08-11 08:00:00
8465,448,rainfall,0.0,2025-12-14 17:00:00
8466,115,humidity,62.84,2025-10-25 16:00:00
8467,97,soil_moisture,33.99,2026-02-13 11:00:00
8468,197,temperature,29.46,2026-03-16 12:00:00
8469,32,soil_moisture,35.91,2025-07-27 10:00:00
8470,165,temperature,19.47,2025-06-30 21:00:00
8471,290,temperature,34.31,2026-02-27 03:00:00
8472,424,soil_moisture,34.01,2026-01-05 13:00:00
8473,222,soil_moisture,37.75,2025-10-16 10:00:00
8474,309,soil_moisture,25.82,2026-04-09 06:00:00
8475,368,temperature,21.43,2026-03-05 22:00:00
8476,210,soil_moisture,45.3,2025-11-04 13:00:00
8477,290,humidity,41.42,2026-02-25 19:00:00
8478,190,humidity,40.11,2026-02-10 09:00:00
8479,322,soil_moisture,22.93,2026-01-17 17:00:00
8480,431,rainfall,0.0,2025-07-02 18:00:00
8481,44,temperature,27.25,2025-10-07 15:00:00
8482,125,temperature,25.55,2025-11-22 00:00:00
8483,113,soil_moisture,33.78,2025-07-28 06:00:00
8484,215,humidity,44.18,2026-03-15 02:00:00
8485,123,humidity,53.65,2025-11-17 23:00:00
8486,70,humidity,54.42,2025-12-10 23:00:00
8487,371,humidity,57.66,2026-03-30 12:00:00
8488,192,temperature,25.46,2026-01-19 12:00:00
8489,157,temperature,25.52,2026-01-20 06:00:00
8490,229,rainfall,0.0,2025-11-12 00:00:00
8491,28,soil_moisture,36.71,2025-07-09 11:00:00
8492,160,rainfall,0.0,2026-04-16 05:00:00
8493,122,rainfall,0.0,2025-12-21 23:00:00
8494,268,soil_moisture,46.74,2025-12-23 10:00:00
8495,389,rainfall,0.0,2026-03-16 19:00:00
8496,282,rainfall,0.0,2026-01-10 04:00:00
8497,91,soil_moisture,40.27,2026-02-23 21:00:00
8498,335,humidity,61.85,2025-09-04 09:00:00
8499,413,rainfall,0.0,2026-01-12 09:00:00
8500,424,temperature,26.34,2026-01-06 16:00:00
8501,157,soil_moisture,33.04,2026-01-20 04:00:00
8502,220,rainfall,29.61,2026-01-31 02:00:00
8503,137,soil_moisture,28.07,2026-03-13 08:00:00
8504,287,rainfall,0.0,2026-04-04 00:00:00
8505,323,rainfall,29.66,2025-07-27 03:00:00
8506,431,rainfall,20.21,2025-07-02 10:00:00
8507,263,temperature,29.82,2025-12-23 03:00:00
8508,419,temperature,23.76,2025-09-25 16:00:00
8509,32,soil_moisture,36.25,2025-07-28 03:00:00
8510,44,rainfall,0.0,2025-10-06 14:00:00
8511,290,temperature,31.65,2026-02-25 09:00:00
8512,163,soil_moisture,46.78,2025-07-05 23:00:00
8513,197,soil_moisture,48.93,2026-03-16 03:00:00
8514,82,rainfall,0.0,2026-02-21 11:00:00
8515,49,humidity,51.31,2025-09-29 19:00:00
8516,215,soil_moisture,40.82,2026-03-16 10:00:00
8517,94,humidity,69.04,2025-09-29 09:00:00
8518,135,rainfall,0.0,2025-12-07 07:00:00
8519,389,soil_moisture,30.41,2026-03-17 11:00:00
8520,223,humidity,65.89,2025-12-13 11:00:00
8521,418,rainfall,0.0,2025-09-06 04:00:00
8522,300,rainfall,38.25,2025-10-26 17:00:00
8523,129,humidity,46.45,2026-04-20 09:00:00
8524,60,temperature,25.48,2026-03-05 06:00:00
8525,128,temperature,24.93,2025-07-09 17:00:00
8526,192,humidity,50.98,2026-01-20 08:00:00
8527,442,rainfall,0.0,2025-10-15 03:00:00
8528,305,soil_moisture,41.09,2025-06-28 05:00:00
8529,361,humidity,57.94,2025-10-19 14:00:00
8530,235,soil_moisture,41.36,2026-03-30 19:00:00
8531,356,humidity,74.87,2025-12-12 12:00:00
8532,385,temperature,24.75,2026-03-22 09:00:00
8533,222,humidity,69.0,2025-10-16 06:00:00
8534,91,temperature,23.42,2026-02-22 23:00:00
8535,99,rainfall,0.0,2025-10-10 08:00:00
8536,277,temperature,29.29,2025-09-10 17:00:00
8537,442,humidity,48.14,2025-10-14 18:00:00
8538,180,temperature,26.98,2025-12-24 08:00:00
8539,193,temperature,26.98,2026-03-18 12:00:00
8540,99,rainfall,0.0,2025-10-08 12:00:00
8541,13,soil_moisture,44.6,2025-11-03 22:00:00
8542,305,humidity,51.74,2025-06-26 10:00:00
8543,117,soil_moisture,33.85,2025-08-21 23:00:00
8544,161,soil_moisture,34.25,2026-01-07 22:00:00
8545,204,temperature,33.67,2025-08-26 07:00:00
8546,419,temperature,24.64,2025-09-24 20:00:00
8547,447,humidity,50.01,2025-09-19 21:00:00
8548,227,rainfall,0.0,2025-10-18 18:00:00
8549,424,soil_moisture,33.34,2026-01-06 06:00:00
8550,72,rainfall,0.0,2025-08-20 16:00:00
8551,229,rainfall,0.0,2025-11-13 01:00:00
8552,367,soil_moisture,36.69,2025-11-21 14:00:00
8553,186,temperature,25.81,2026-01-28 00:00:00
8554,356,rainfall,0.0,2025-12-12 07:00:00
8555,421,rainfall,0.0,2025-07-12 23:00:00
8556,65,humidity,71.08,2025-07-08 02:00:00
8557,402,temperature,29.07,2026-03-29 05:00:00
8558,219,rainfall,0.0,2025-11-20 08:00:00
8559,282,rainfall,0.0,2026-01-10 22:00:00
8560,28,humidity,54.07,2025-07-09 11:00:00
8561,134,soil_moisture,39.1,2026-01-07 07:00:00
8562,73,temperature,36.81,2025-10-07 01:00:00
8563,165,rainfall,0.0,2025-07-01 15:00:00
8564,197,soil_moisture,41.22,2026-03-16 02:00:00
8565,201,rainfall,0.0,2026-04-01 06:00:00
8566,362,soil_moisture,30.31,2026-04-18 18:00:00
8567,103,soil_moisture,22.27,2026-01-08 15:00:00
8568,444,humidity,55.19,2025-12-11 09:00:00
8569,29,humidity,49.27,2026-01-20 10:00:00
8570,381,rainfall,59.2,2025-10-24 10:00:00
8571,418,soil_moisture,30.92,2025-09-06 05:00:00
8572,361,rainfall,0.0,2025-10-18 18:00:00
8573,78,soil_moisture,40.89,2025-09-25 08:00:00
8574,331,humidity,46.93,2026-04-09 22:00:00
8575,362,temperature,23.09,2026-04-18 00:00:00
8576,97,soil_moisture,30.88,2026-02-15 02:00:00
8577,220,soil_moisture,17.1,2026-01-29 15:00:00
8578,197,temperature,25.28,2026-03-16 15:00:00
8579,222,soil_moisture,45.52,2025-10-16 11:00:00
8580,385,temperature,19.67,2026-03-22 22:00:00
8581,89,temperature,33.13,2026-02-27 03:00:00
8582,421,rainfall,0.0,2025-07-11 12:00:00
8583,208,temperature,29.31,2026-01-16 23:00:00
8584,50,humidity,37.16,2026-03-10 10:00:00
8585,43,temperature,21.56,2025-09-12 06:00:00
8586,402,rainfall,0.0,2026-03-28 16:00:00
8587,327,rainfall,48.9,2025-07-29 18:00:00
8588,356,rainfall,0.0,2025-12-12 01:00:00
8589,166,humidity,57.8,2025-11-30 15:00:00
8590,448,temperature,27.69,2025-12-13 15:00:00
8591,368,temperature,22.13,2026-03-05 08:00:00
8592,4,temperature,30.58,2026-04-11 22:00:00
8593,418,soil_moisture,41.07,2025-09-05 14:00:00
8594,97,soil_moisture,29.26,2026-02-14 08:00:00
8595,129,humidity,35.22,2026-04-20 06:00:00
8596,346,temperature,33.67,2025-09-26 00:00:00
8597,49,temperature,25.28,2025-10-01 03:00:00
8598,160,soil_moisture,41.14,2026-04-14 06:00:00
8599,70,soil_moisture,30.78,2025-12-10 10:00:00
8600,255,rainfall,0.0,2025-11-04 00:00:00
8601,184,humidity,46.43,2026-01-06 02:00:00
8602,146,humidity,60.63,2025-08-16 15:00:00
8603,382,temperature,26.18,2025-07-30 11:00:00
8604,170,soil_moisture,37.91,2025-07-03 15:00:00
8605,322,soil_moisture,24.61,2026-01-18 08:00:00
8606,318,soil_moisture,47.7,2026-04-05 06:00:00
8607,351,soil_moisture,18.93,2026-02-14 11:00:00
8608,193,rainfall,0.0,2026-03-18 10:00:00
8609,384,rainfall,40.92,2025-08-17 04:00:00
8610,401,temperature,27.11,2025-12-10 13:00:00
8611,205,temperature,24.96,2025-12-24 03:00:00
8612,211,temperature,27.1,2026-02-03 06:00:00
8613,30,temperature,23.17,2025-08-19 18:00:00
8614,419,soil_moisture,28.3,2025-09-25 01:00:00
8615,5,soil_moisture,23.77,2026-04-08 00:00:00
8616,49,temperature,27.29,2025-09-30 00:00:00
8617,326,humidity,49.67,2026-03-27 05:00:00
8618,295,humidity,48.9,2026-04-12 22:00:00
8619,196,humidity,64.11,2026-02-15 23:00:00
8620,66,temperature,19.49,2026-01-07 17:00:00
8621,6,soil_moisture,46.29,2025-08-11 07:00:00
8622,287,rainfall,0.0,2026-04-05 00:00:00
8623,255,soil_moisture,44.71,2025-11-02 01:00:00
8624,50,soil_moisture,28.7,2026-03-09 23:00:00
8625,171,temperature,27.03,2026-01-17 02:00:00
8626,370,temperature,18.02,2025-07-08 13:00:00
8627,321,soil_moisture,28.86,2025-09-11 13:00:00
8628,298,rainfall,0.0,2025-09-13 03:00:00
8629,327,rainfall,0.0,2025-07-29 01:00:00
8630,161,rainfall,0.0,2026-01-06 19:00:00
8631,272,temperature,31.88,2025-12-03 10:00:00
8632,428,humidity,40.66,2026-01-31 05:00:00
8633,294,humidity,35.15,2026-01-03 07:00:00
8634,273,soil_moisture,43.6,2026-01-07 20:00:00
8635,351,soil_moisture,20.15,2026-02-14 04:00:00
8636,125,rainfall,0.0,2025-11-22 11:00:00
8637,448,rainfall,35.48,2025-12-13 19:00:00
8638,273,rainfall,41.87,2026-01-07 14:00:00
8639,1,rainfall,0.0,2026-03-01 13:00:00
8640,324,temperature,23.03,2026-01-26 21:00:00
8641,43,rainfall,0.0,2025-09-13 08:00:00
8642,18,soil_moisture,36.99,2026-03-16 23:00:00
8643,222,humidity,66.39,2025-10-17 11:00:00
8644,166,rainfall,0.0,2025-11-30 14:00:00
8645,413,soil_moisture,37.84,2026-01-14 09:00:00
8646,288,soil_moisture,35.41,2025-07-06 09:00:00
8647,45,humidity,45.82,2026-02-08 08:00:00
8648,351,rainfall,0.0,2026-02-13 20:00:00
8649,371,rainfall,0.0,2026-04-01 06:00:00
8650,178,soil_moisture,28.69,2025-12-15 11:00:00
8651,45,humidity,46.61,2026-02-10 07:00:00
8652,6,rainfall,0.0,2025-08-12 20:00:00
8653,327,soil_moisture,45.17,2025-07-29 20:00:00
8654,125,humidity,60.65,2025-11-20 12:00:00
8655,50,rainfall,28.26,2026-03-11 22:00:00
8656,447,temperature,20.63,2025-09-18 09:00:00
8657,78,soil_moisture,43.29,2025-09-25 14:00:00
8658,89,soil_moisture,34.01,2026-02-26 23:00:00
8659,257,soil_moisture,25.76,2025-07-05 08:00:00
8660,377,temperature,35.81,2025-07-11 10:00:00
8661,306,temperature,29.37,2025-12-30 11:00:00
8662,376,rainfall,0.0,2025-09-13 05:00:00
8663,44,humidity,49.4,2025-10-06 22:00:00
8664,418,soil_moisture,38.72,2025-09-07 01:00:00
8665,185,rainfall,0.0,2026-03-05 09:00:00
8666,171,rainfall,0.0,2026-01-15 11:00:00
8667,126,humidity,52.8,2025-08-17 02:00:00
8668,13,temperature,27.03,2025-11-02 04:00:00
8669,418,humidity,46.69,2025-09-07 11:00:00
8670,55,humidity,62.82,2025-08-31 14:00:00
8671,142,humidity,67.32,2025-11-15 21:00:00
8672,367,temperature,34.11,2025-11-21 01:00:00
8673,351,soil_moisture,19.19,2026-02-13 17:00:00
8674,235,temperature,32.51,2026-03-30 09:00:00
8675,367,humidity,57.7,2025-11-21 21:00:00
8676,18,humidity,53.28,2026-03-17 04:00:00
8677,440,rainfall,0.0,2025-07-10 10:00:00
8678,47,humidity,57.92,2025-10-04 11:00:00
8679,335,temperature,25.61,2025-09-04 15:00:00
8680,384,temperature,26.34,2025-08-17 20:00:00
8681,381,humidity,43.24,2025-10-26 01:00:00
8682,1,rainfall,0.0,2026-03-01 07:00:00
8683,403,humidity,59.19,2025-11-06 14:00:00
8684,170,temperature,31.82,2025-07-04 21:00:00
8685,446,temperature,25.85,2026-04-21 13:00:00
8686,362,soil_moisture,26.09,2026-04-17 05:00:00
8687,44,rainfall,0.0,2025-10-08 14:00:00
8688,229,rainfall,52.34,2025-11-12 07:00:00
8689,45,soil_moisture,27.35,2026-02-08 15:00:00
8690,66,temperature,18.87,2026-01-07 01:00:00
8691,193,soil_moisture,37.6,2026-03-19 15:00:00
8692,94,soil_moisture,33.81,2025-09-30 04:00:00
8693,134,temperature,33.65,2026-01-08 02:00:00
8694,90,soil_moisture,41.11,2025-08-19 23:00:00
8695,5,rainfall,30.92,2026-04-07 23:00:00
8696,437,temperature,32.61,2025-10-03 11:00:00
8697,70,temperature,28.58,2025-12-10 17:00:00
8698,341,temperature,36.67,2025-11-24 23:00:00
8699,70,temperature,24.39,2025-12-10 09:00:00
8700,122,rainfall,44.25,2025-12-23 01:00:00
8701,346,soil_moisture,32.86,2025-09-25 00:00:00
8702,10,rainfall,0.0,2026-03-29 08:00:00
8703,351,humidity,500.0,2026-02-12 02:00:00
8704,340,soil_moisture,34.89,2025-12-25 23:00:00
8705,411,soil_moisture,31.44,2025-08-23 14:00:00
8706,220,soil_moisture,22.34,2026-01-29 21:00:00
8707,260,humidity,68.43,2025-09-21 20:00:00
8708,10,temperature,30.23,2026-03-29 02:00:00
8709,238,soil_moisture,29.87,2025-11-24 18:00:00
8710,137,rainfall,0.0,2026-03-14 08:00:00
8711,168,soil_moisture,26.14,2026-03-27 15:00:00
8712,341,temperature,-273.0,2025-11-25 11:00:00
8713,295,rainfall,0.0,2026-04-11 17:00:00
8714,448,humidity,78.48,2025-12-13 12:00:00
8715,311,humidity,48.4,2025-10-08 16:00:00
8716,185,humidity,65.39,2026-03-04 13:00:00
8717,103,rainfall,41.69,2026-01-09 18:00:00
8718,136,temperature,33.95,2025-11-10 16:00:00
8719,440,soil_moisture,39.93,2025-07-08 23:00:00
8720,196,humidity,58.72,2026-02-16 19:00:00
8721,421,temperature,26.84,2025-07-11 01:00:00
8722,4,rainfall,0.0,2026-04-11 03:00:00
8723,353,humidity,45.47,2026-03-19 17:00:00
8724,70,soil_moisture,30.79,2025-12-10 17:00:00
8725,36,soil_moisture,23.36,2026-03-19 14:00:00
8726,161,rainfall,0.0,2026-01-07 14:00:00
8727,6,rainfall,0.0,2025-08-11 23:00:00
8728,45,temperature,21.93,2026-02-09 13:00:00
8729,303,rainfall,0.0,2025-08-21 12:00:00
8730,323,soil_moisture,35.11,2025-07-25 22:00:00
8731,285,soil_moisture,33.38,2025-09-05 18:00:00
8732,10,temperature,23.95,2026-03-30 01:00:00
8733,146,soil_moisture,45.41,2025-08-17 14:00:00
8734,229,humidity,68.91,2025-11-12 09:00:00
8735,99,humidity,38.38,2025-10-08 04:00:00
8736,219,humidity,79.09,2025-11-20 08:00:00
8737,32,soil_moisture,41.26,2025-07-28 04:00:00
8738,321,rainfall,46.49,2025-09-11 03:00:00
8739,90,temperature,32.11,2025-08-19 08:00:00
8740,362,humidity,51.38,2026-04-18 12:00:00
8741,382,temperature,17.81,2025-08-01 07:00:00
8742,197,rainfall,0.0,2026-03-15 08:00:00
8743,311,temperature,28.36,2025-10-07 11:00:00
8744,196,rainfall,0.0,2026-02-15 21:00:00
8745,177,soil_moisture,23.36,2026-03-14 04:00:00
8746,427,temperature,34.58,2025-07-10 23:00:00
8747,169,humidity,72.53,2026-03-23 19:00:00
8748,154,humidity,64.21,2025-08-21 18:00:00
8749,18,humidity,56.83,2026-03-15 21:00:00
8750,147,soil_moisture,28.54,2026-03-09 11:00:00
8751,30,temperature,24.48,2025-08-21 09:00:00
8752,212,temperature,28.35,2025-11-17 02:00:00
8753,288,soil_moisture,30.52,2025-07-08 01:00:00
8754,135,temperature,28.99,2025-12-05 15:00:00
8755,424,temperature,26.55,2026-01-06 02:00:00
8756,16,temperature,25.42,2025-08-20 08:00:00
8757,381,rainfall,0.0,2025-10-25 07:00:00
8758,166,humidity,54.54,2025-11-29 16:00:00
8759,10,rainfall,41.37,2026-03-29 12:00:00
8760,371,rainfall,0.0,2026-03-31 09:00:00
8761,161,soil_moisture,41.96,2026-01-08 16:00:00
8762,44,temperature,31.41,2025-10-08 03:00:00
8763,65,temperature,27.78,2025-07-08 11:00:00
8764,418,humidity,41.75,2025-09-05 18:00:00
8765,222,humidity,66.25,2025-10-17 02:00:00
8766,129,humidity,38.51,2026-04-19 14:00:00
8767,364,soil_moisture,40.44,2025-12-20 03:00:00
8768,126,humidity,57.79,2025-08-17 14:00:00
8769,371,temperature,32.3,2026-04-01 04:00:00
8770,222,rainfall,38.99,2025-10-15 15:00:00
8771,55,temperature,29.99,2025-08-31 10:00:00
8772,220,soil_moisture,23.33,2026-01-29 03:00:00
8773,440,humidity,44.52,2025-07-09 13:00:00
8774,129,temperature,34.0,2026-04-21 03:00:00
8775,91,soil_moisture,41.72,2026-02-23 20:00:00
8776,341,humidity,55.21,2025-11-25 17:00:00
8777,147,humidity,64.16,2026-03-08 11:00:00
8778,386,rainfall,50.82,2026-04-04 18:00:00
8779,117,soil_moisture,25.16,2025-08-21 22:00:00
8780,43,temperature,23.11,2025-09-13 01:00:00
8781,65,temperature,26.88,2025-07-08 20:00:00
8782,402,soil_moisture,30.97,2026-03-29 12:00:00
8783,65,soil_moisture,42.66,2025-07-09 06:00:00
8784,166,soil_moisture,28.14,2025-12-01 00:00:00
8785,340,humidity,47.46,2025-12-25 03:00:00
8786,128,rainfall,42.92,2025-07-09 18:00:00
8787,402,rainfall,0.0,2026-03-28 18:00:00
8788,401,soil_moisture,23.38,2025-12-10 16:00:00
8789,94,rainfall,0.0,2025-09-28 13:00:00
8790,295,rainfall,0.0,2026-04-12 10:00:00
8791,99,rainfall,37.34,2025-10-08 01:00:00
8792,371,temperature,30.5,2026-04-01 01:00:00
8793,180,temperature,27.52,2025-12-25 14:00:00
8794,321,rainfall,0.0,2025-09-12 01:00:00
8795,427,temperature,34.06,2025-07-09 14:00:00
8796,123,temperature,21.1,2025-11-16 15:00:00
8797,298,rainfall,0.0,2025-09-11 14:00:00
8798,385,rainfall,0.0,2026-03-24 07:00:00
8799,419,rainfall,0.0,2025-09-24 22:00:00
8800,311,soil_moisture,39.48,2025-10-08 12:00:00
8801,425,humidity,63.43,2025-09-09 12:00:00
8802,163,temperature,22.95,2025-07-05 17:00:00
8803,425,soil_moisture,31.22,2025-09-09 19:00:00
8804,180,rainfall,0.0,2025-12-25 03:00:00
8805,163,temperature,23.28,2025-07-05 10:00:00
8806,419,temperature,19.01,2025-09-24 02:00:00
8807,287,soil_moisture,46.88,2026-04-03 17:00:00
8808,154,temperature,31.67,2025-08-22 21:00:00
8809,283,soil_moisture,40.51,2026-02-23 00:00:00
8810,303,temperature,33.71,2025-08-23 08:00:00
8811,165,humidity,57.34,2025-07-01 19:00:00
8812,309,soil_moisture,31.32,2026-04-07 15:00:00
8813,285,temperature,30.21,2025-09-06 16:00:00
8814,431,humidity,64.02,2025-07-01 08:00:00
8815,76,soil_moisture,27.85,2026-04-16 10:00:00
8816,45,rainfall,0.0,2026-02-08 11:00:00
8817,53,soil_moisture,20.6,2026-03-02 14:00:00
8818,377,temperature,35.52,2025-07-11 17:00:00
8819,327,temperature,25.41,2025-07-30 03:00:00
8820,287,humidity,56.73,2026-04-03 14:00:00
8821,342,temperature,23.04,2026-03-28 09:00:00
8822,260,soil_moisture,-273.0,2025-09-23 04:00:00
8823,322,humidity,54.32,2026-01-17 12:00:00
8824,24,rainfall,0.0,2026-03-04 07:00:00
8825,147,rainfall,0.0,2026-03-09 18:00:00
8826,220,soil_moisture,19.47,2026-01-29 10:00:00
8827,167,soil_moisture,40.91,2025-12-23 09:00:00
8828,6,humidity,57.93,2025-08-11 07:00:00
8829,403,humidity,53.8,2025-11-06 21:00:00
8830,295,humidity,49.33,2026-04-10 18:00:00
8831,97,humidity,65.1,2026-02-13 08:00:00
8832,59,rainfall,0.0,2025-12-09 10:00:00
8833,372,soil_moisture,34.65,2025-10-29 10:00:00
8834,157,temperature,28.56,2026-01-20 22:00:00
8835,128,soil_moisture,43.28,2025-07-11 04:00:00
8836,113,temperature,25.36,2025-07-29 04:00:00
8837,310,soil_moisture,36.17,2025-12-23 20:00:00
8838,341,rainfall,0.0,2025-11-24 20:00:00
8839,61,humidity,41.19,2026-02-05 14:00:00
8840,272,humidity,69.34,2025-12-03 23:00:00
8841,177,temperature,20.51,2026-03-13 09:00:00
8842,235,rainfall,0.0,2026-03-30 19:00:00
8843,49,humidity,54.37,2025-09-29 22:00:00
8844,335,soil_moisture,40.11,2025-09-03 18:00:00
8845,385,soil_moisture,24.99,2026-03-23 20:00:00
8846,177,rainfall,0.0,2026-03-13 12:00:00
8847,287,soil_moisture,45.13,2026-04-04 21:00:00
8848,427,humidity,59.0,2025-07-11 08:00:00
8849,117,humidity,35.56,2025-08-22 08:00:00
8850,147,rainfall,30.05,2026-03-10 00:00:00
8851,385,soil_moisture,22.05,2026-03-24 00:00:00
8852,351,rainfall,0.0,2026-02-13 19:00:00
8853,215,soil_moisture,39.5,2026-03-14 23:00:00
8854,134,humidity,48.99,2026-01-07 04:00:00
8855,305,temperature,26.39,2025-06-27 17:00:00
8856,82,soil_moisture,29.85,2026-02-21 09:00:00
8857,143,temperature,33.09,2025-08-10 13:00:00
8858,446,temperature,25.62,2026-04-20 11:00:00
8859,82,temperature,25.67,2026-02-21 14:00:00
8860,32,rainfall,0.0,2025-07-28 08:00:00
8861,59,soil_moisture,45.04,2025-12-08 11:00:00
8862,60,soil_moisture,28.42,2026-03-05 03:00:00
8863,45,rainfall,0.0,2026-02-09 15:00:00
8864,91,rainfall,0.0,2026-02-22 10:00:00
8865,91,soil_moisture,43.02,2026-02-24 06:00:00
8866,235,temperature,31.01,2026-04-01 05:00:00
8867,160,temperature,29.94,2026-04-14 03:00:00
8868,268,soil_moisture,40.38,2025-12-24 18:00:00
8869,229,humidity,62.1,2025-11-11 19:00:00
8870,324,soil_moisture,21.32,2026-01-25 13:00:00
8871,55,temperature,26.49,2025-09-01 02:00:00
8872,403,humidity,49.82,2025-11-06 23:00:00
8873,53,temperature,21.81,2026-03-02 20:00:00
8874,282,soil_moisture,36.25,2026-01-11 02:00:00
8875,331,humidity,50.56,2026-04-09 03:00:00
8876,330,temperature,33.16,2025-10-01 05:00:00
8877,421,humidity,49.56,2025-07-11 12:00:00
8878,427,temperature,37.78,2025-07-11 10:00:00
8879,134,temperature,31.16,2026-01-06 21:00:00
8880,396,temperature,28.53,2025-07-04 17:00:00
8881,45,temperature,24.72,2026-02-08 12:00:00
8882,147,temperature,30.49,2026-03-10 16:00:00
8883,44,soil_moisture,32.6,2025-10-07 12:00:00
8884,178,soil_moisture,29.63,2025-12-16 20:00:00
8885,367,humidity,500.0,2025-11-21 23:00:00
8886,440,temperature,28.19,2025-07-08 05:00:00
8887,431,temperature,27.64,2025-07-01 16:00:00
8888,277,humidity,79.2,2025-09-11 20:00:00
8889,60,rainfall,0.0,2026-03-06 00:00:00
8890,143,soil_moisture,38.22,2025-08-12 09:00:00
8891,346,humidity,65.5,2025-09-24 15:00:00
8892,61,soil_moisture,42.41,2026-02-06 04:00:00
8893,364,temperature,38.13,2025-12-21 10:00:00
8894,135,humidity,65.51,2025-12-07 09:00:00
8895,223,rainfall,0.0,2025-12-14 16:00:00
8896,94,soil_moisture,25.96,2025-09-30 06:00:00
8897,263,rainfall,0.0,2025-12-22 01:00:00
8898,440,rainfall,0.0,2025-07-08 14:00:00
8899,163,soil_moisture,35.29,2025-07-05 18:00:00
8900,391,soil_moisture,32.0,2025-06-27 13:00:00
8901,277,temperature,28.55,2025-09-11 13:00:00
8902,263,temperature,28.36,2025-12-22 17:00:00
8903,94,humidity,74.42,2025-09-29 13:00:00
8904,197,rainfall,0.0,2026-03-15 14:00:00
8905,61,temperature,26.88,2026-02-05 09:00:00
8906,372,rainfall,0.0,2025-10-28 22:00:00
8907,170,soil_moisture,42.58,2025-07-03 12:00:00
8908,70,humidity,45.84,2025-12-09 11:00:00
8909,215,soil_moisture,40.77,2026-03-16 15:00:00
8910,140,temperature,28.02,2025-09-12 17:00:00
8911,154,temperature,35.0,2025-08-20 06:00:00
8912,160,rainfall,0.0,2026-04-15 12:00:00
8913,7,soil_moisture,37.74,2025-12-15 09:00:00
8914,403,soil_moisture,40.7,2025-11-07 01:00:00
8915,411,humidity,65.27,2025-08-23 09:00:00
8916,192,humidity,38.11,2026-01-21 16:00:00
8917,367,temperature,33.58,2025-11-21 05:00:00
8918,53,soil_moisture,25.18,2026-03-04 10:00:00
8919,166,soil_moisture,26.47,2025-11-29 08:00:00
8920,61,humidity,43.22,2026-02-05 13:00:00
8921,431,humidity,73.99,2025-07-02 02:00:00
8922,76,soil_moisture,21.68,2026-04-16 08:00:00
8923,137,temperature,20.75,2026-03-12 03:00:00
8924,59,rainfall,0.0,2025-12-08 11:00:00
8925,238,soil_moisture,36.73,2025-11-24 11:00:00
8926,361,rainfall,31.01,2025-10-20 05:00:00
8927,389,soil_moisture,32.2,2026-03-17 13:00:00
8928,282,rainfall,0.0,2026-01-09 02:00:00
8929,60,humidity,37.63,2026-03-07 22:00:00
8930,9,humidity,54.74,2025-09-20 16:00:00
8931,306,soil_moisture,33.09,2025-12-31 03:00:00
8932,385,soil_moisture,29.91,2026-03-22 06:00:00
8933,268,temperature,23.1,2025-12-24 03:00:00
8934,401,rainfall,0.0,2025-12-11 06:00:00
8935,346,temperature,35.56,2025-09-25 21:00:00
8936,16,soil_moisture,43.33,2025-08-19 15:00:00
8937,311,rainfall,0.0,2025-10-07 06:00:00
8938,208,humidity,61.66,2026-01-16 05:00:00
8939,151,humidity,57.03,2026-03-18 00:00:00
8940,9,rainfall,0.0,2025-09-20 12:00:00
8941,268,soil_moisture,45.78,2025-12-23 18:00:00
8942,165,humidity,63.51,2025-06-30 02:00:00
8943,403,humidity,54.14,2025-11-05 11:00:00
8944,74,rainfall,65.47,2025-10-22 20:00:00
8945,169,temperature,28.09,2026-03-22 01:00:00
8946,210,rainfall,0.0,2025-11-04 03:00:00
8947,324,soil_moisture,28.67,2026-01-27 06:00:00
8948,192,temperature,26.83,2026-01-20 19:00:00
8949,66,humidity,42.84,2026-01-06 15:00:00
8950,343,soil_moisture,43.71,2026-01-14 01:00:00
8951,421,humidity,48.02,2025-07-12 08:00:00
8952,60,soil_moisture,29.14,2026-03-06 05:00:00
8953,331,rainfall,0.0,2026-04-09 17:00:00
8954,282,temperature,32.02,2026-01-09 01:00:00
8955,361,temperature,23.93,2025-10-19 22:00:00
8956,260,temperature,31.14,2025-09-22 07:00:00
8957,142,soil_moisture,37.56,2025-11-15 21:00:00
8958,97,rainfall,0.0,2026-02-14 12:00:00
8959,321,humidity,57.51,2025-09-10 15:00:00
8960,272,soil_moisture,44.11,2025-12-02 15:00:00
8961,227,rainfall,0.0,2025-10-18 11:00:00
8962,425,soil_moisture,31.61,2025-09-08 15:00:00
8963,94,temperature,31.03,2025-09-28 12:00:00
8964,99,soil_moisture,30.27,2025-10-10 17:00:00
8965,6,temperature,21.99,2025-08-11 12:00:00
8966,376,temperature,29.47,2025-09-13 10:00:00
8967,310,temperature,28.25,2025-12-22 19:00:00
8968,229,soil_moisture,36.22,2025-11-11 13:00:00
8969,384,humidity,54.44,2025-08-18 11:00:00
8970,326,humidity,52.04,2026-03-26 10:00:00
8971,167,temperature,36.11,2025-12-24 06:00:00
8972,159,humidity,47.27,2025-09-20 15:00:00
8973,436,rainfall,22.38,2026-02-13 07:00:00
8974,180,rainfall,0.0,2025-12-25 06:00:00
8975,184,rainfall,0.0,2026-01-05 09:00:00
8976,255,humidity,57.96,2025-11-02 10:00:00
8977,193,rainfall,0.0,2026-03-20 04:00:00
8978,76,rainfall,13.8,2026-04-16 23:00:00
8979,208,temperature,29.09,2026-01-17 00:00:00
8980,436,soil_moisture,27.78,2026-02-12 10:00:00
8981,296,rainfall,27.42,2025-08-20 12:00:00
8982,113,temperature,25.37,2025-07-29 09:00:00
8983,293,temperature,21.3,2026-02-08 10:00:00
8984,160,temperature,30.86,2026-04-15 13:00:00
8985,13,humidity,75.2,2025-11-02 05:00:00
8986,71,soil_moisture,48.45,2025-10-02 06:00:00
8987,323,temperature,22.31,2025-07-25 01:00:00
8988,288,temperature,28.05,2025-07-07 17:00:00
8989,305,temperature,24.33,2025-06-27 23:00:00
8990,288,humidity,65.98,2025-07-07 21:00:00
8991,90,rainfall,36.13,2025-08-20 04:00:00
8992,341,soil_moisture,45.73,2025-11-24 06:00:00
8993,272,humidity,62.87,2025-12-02 05:00:00
8994,193,soil_moisture,40.68,2026-03-20 02:00:00
8995,46,rainfall,0.0,2025-09-21 11:00:00
8996,372,temperature,28.41,2025-10-28 12:00:00
8997,235,temperature,31.06,2026-03-30 19:00:00
8998,343,humidity,63.82,2026-01-13 11:00:00
8999,43,temperature,23.08,2025-09-12 17:00:00
9000,340,humidity,51.4,2025-12-26 07:00:00
9001,427,rainfall,29.25,2025-07-09 10:00:00
9002,204,soil_moisture,38.92,2025-08-23 04:00:00
9003,310,rainfall,0.0,2025-12-22 09:00:00
9004,105,humidity,39.63,2026-01-28 13:00:00
9005,257,humidity,64.7,2025-07-03 06:00:00
9006,184,soil_moisture,26.26,2026-01-06 18:00:00
9007,212,rainfall,30.81,2025-11-18 01:00:00
9008,396,rainfall,0.0,2025-07-05 18:00:00
9009,353,rainfall,0.0,2026-03-18 20:00:00
9010,377,rainfall,0.0,2025-07-11 11:00:00
9011,47,humidity,60.63,2025-10-04 19:00:00
9012,403,temperature,30.25,2025-11-06 03:00:00
9013,287,temperature,22.73,2026-04-03 19:00:00
9014,77,temperature,20.41,2026-03-26 02:00:00
9015,362,rainfall,0.0,2026-04-18 23:00:00
9016,268,humidity,61.4,2025-12-25 08:00:00
9017,260,temperature,30.43,2025-09-21 06:00:00
9018,424,temperature,22.24,2026-01-05 11:00:00
9019,97,humidity,49.45,2026-02-13 07:00:00
9020,346,soil_moisture,35.87,2025-09-25 03:00:00
9021,43,soil_moisture,37.72,2025-09-12 23:00:00
9022,129,humidity,48.87,2026-04-20 21:00:00
9023,76,rainfall,0.0,2026-04-15 12:00:00
9024,427,humidity,53.4,2025-07-09 21:00:00
9025,165,temperature,26.12,2025-06-30 22:00:00
9026,123,humidity,55.33,2025-11-15 09:00:00
9027,157,temperature,26.64,2026-01-19 23:00:00
9028,159,humidity,43.59,2025-09-19 15:00:00
9029,6,humidity,71.0,2025-08-11 03:00:00
9030,401,soil_moisture,34.19,2025-12-11 04:00:00
9031,268,soil_moisture,42.42,2025-12-25 10:00:00
9032,29,soil_moisture,22.36,2026-01-19 02:00:00
9033,72,rainfall,25.88,2025-08-19 10:00:00
9034,342,rainfall,0.0,2026-03-30 01:00:00
9035,168,humidity,62.69,2026-03-27 10:00:00
9036,351,temperature,22.95,2026-02-12 22:00:00
9037,78,soil_moisture,50.55,2025-09-25 22:00:00
9038,335,rainfall,0.0,2025-09-04 03:00:00
9039,428,temperature,30.16,2026-01-30 10:00:00
9040,53,rainfall,0.0,2026-03-03 17:00:00
9041,381,soil_moisture,46.37,2025-10-25 09:00:00
9042,137,soil_moisture,20.21,2026-03-12 11:00:00
9043,122,temperature,24.46,2025-12-21 11:00:00
9044,255,temperature,30.9,2025-11-03 01:00:00
9045,290,temperature,33.01,2026-02-25 17:00:00
9046,227,soil_moisture,48.82,2025-10-17 05:00:00
9047,440,humidity,43.6,2025-07-08 04:00:00
9048,403,rainfall,0.0,2025-11-06 08:00:00
9049,282,soil_moisture,47.04,2026-01-11 14:00:00
9050,436,rainfall,32.79,2026-02-11 10:00:00
9051,321,humidity,54.32,2025-09-11 04:00:00
9052,184,humidity,42.19,2026-01-07 04:00:00
9053,7,rainfall,0.0,2025-12-15 01:00:00
9054,76,soil_moisture,32.24,2026-04-16 00:00:00
9055,440,humidity,51.34,2025-07-10 06:00:00
9056,82,temperature,32.77,2026-02-20 13:00:00
9057,161,temperature,27.57,2026-01-06 15:00:00
9058,298,rainfall,0.0,2025-09-12 20:00:00
9059,437,rainfall,0.0,2025-10-04 06:00:00
9060,403,temperature,34.23,2025-11-06 01:00:00
9061,43,humidity,61.78,2025-09-14 05:00:00
9062,354,soil_moisture,25.27,2026-03-07 10:00:00
9063,382,rainfall,0.0,2025-07-31 07:00:00
9064,61,humidity,37.5,2026-02-05 21:00:00
9065,148,rainfall,48.99,2025-12-02 01:00:00
9066,260,soil_moisture,33.45,2025-09-22 11:00:00
9067,211,soil_moisture,26.42,2026-02-04 00:00:00
9068,143,temperature,35.59,2025-08-11 07:00:00
9069,326,humidity,41.25,2026-03-26 09:00:00
9070,323,temperature,23.06,2025-07-25 08:00:00
9071,403,rainfall,33.29,2025-11-05 02:00:00
9072,447,humidity,63.94,2025-09-19 06:00:00
9073,154,soil_moisture,34.83,2025-08-21 05:00:00
9074,66,humidity,45.65,2026-01-07 13:00:00
9075,324,humidity,61.0,2026-01-26 12:00:00
9076,97,humidity,67.57,2026-02-13 01:00:00
9077,335,humidity,65.14,2025-09-04 10:00:00
9078,389,soil_moisture,23.97,2026-03-17 17:00:00
9079,419,humidity,46.09,2025-09-24 11:00:00
9080,70,soil_moisture,23.36,2025-12-09 23:00:00
9081,186,soil_moisture,43.0,2026-01-27 15:00:00
9082,240,humidity,72.93,2026-04-22 23:00:00
9083,306,humidity,76.66,2025-12-29 13:00:00
9084,114,humidity,43.09,2026-04-20 13:00:00
9085,71,soil_moisture,41.58,2025-10-01 13:00:00
9086,446,soil_moisture,42.2,2026-04-20 14:00:00
9087,220,soil_moisture,26.09,2026-01-29 13:00:00
9088,193,humidity,54.06,2026-03-18 09:00:00
9089,163,temperature,23.91,2025-07-03 20:00:00
9090,368,temperature,22.01,2026-03-05 19:00:00
9091,196,humidity,71.96,2026-02-16 12:00:00
9092,50,humidity,38.2,2026-03-10 20:00:00
9093,177,temperature,18.31,2026-03-12 03:00:00
9094,159,humidity,44.67,2025-09-20 07:00:00
9095,263,rainfall,0.0,2025-12-22 16:00:00
9096,260,humidity,66.65,2025-09-21 13:00:00
9097,186,soil_moisture,39.84,2026-01-28 10:00:00
9098,411,humidity,67.19,2025-08-24 08:00:00
9099,190,temperature,25.61,2026-02-10 15:00:00
9100,13,rainfall,0.0,2025-11-01 21:00:00
9101,346,soil_moisture,40.08,2025-09-24 23:00:00
9102,285,temperature,30.23,2025-09-05 12:00:00
9103,340,humidity,41.36,2025-12-26 19:00:00
9104,135,soil_moisture,35.99,2025-12-05 05:00:00
9105,48,temperature,31.69,2025-12-30 10:00:00
9106,114,rainfall,0.0,2026-04-19 03:00:00
9107,368,temperature,21.59,2026-03-05 11:00:00
9108,376,soil_moisture,37.62,2025-09-14 19:00:00
9109,342,soil_moisture,33.35,2026-03-30 03:00:00
9110,292,temperature,32.43,2025-09-25 12:00:00
9111,362,humidity,55.68,2026-04-19 01:00:00
9112,113,soil_moisture,33.96,2025-07-28 18:00:00
9113,295,humidity,55.56,2026-04-11 09:00:00
9114,24,soil_moisture,32.84,2026-03-04 03:00:00
9115,305,temperature,28.04,2025-06-27 01:00:00
9116,351,soil_moisture,26.35,2026-02-14 13:00:00
9117,343,temperature,24.72,2026-01-13 05:00:00
9118,148,rainfall,46.82,2025-12-02 05:00:00
9119,24,rainfall,0.0,2026-03-05 00:00:00
9120,13,temperature,22.56,2025-11-02 03:00:00
9121,220,humidity,43.37,2026-01-29 11:00:00
9122,449,temperature,35.91,2025-09-16 08:00:00
9123,177,rainfall,0.0,2026-03-13 18:00:00
9124,255,soil_moisture,40.06,2025-11-02 20:00:00
9125,45,rainfall,0.0,2026-02-08 13:00:00
9126,151,rainfall,0.0,2026-03-16 18:00:00
9127,191,humidity,60.21,2026-04-07 17:00:00
9128,90,humidity,59.6,2025-08-20 14:00:00
9129,308,humidity,46.11,2025-12-26 20:00:00
9130,212,rainfall,34.48,2025-11-18 13:00:00
9131,223,temperature,25.7,2025-12-13 06:00:00
9132,226,humidity,44.58,2026-04-21 09:00:00
9133,446,temperature,26.69,2026-04-21 07:00:00
9134,442,temperature,34.09,2025-10-14 10:00:00
9135,292,soil_moisture,40.89,2025-09-24 15:00:00
9136,185,rainfall,25.8,2026-03-06 19:00:00
9137,381,rainfall,0.0,2025-10-26 00:00:00
9138,18,soil_moisture,35.56,2026-03-17 13:00:00
9139,76,rainfall,29.78,2026-04-15 21:00:00
9140,60,temperature,30.47,2026-03-06 23:00:00
9141,287,soil_moisture,49.85,2026-04-03 03:00:00
9142,133,soil_moisture,38.97,2025-07-02 02:00:00
9143,436,temperature,29.64,2026-02-11 23:00:00
9144,28,humidity,46.73,2025-07-10 11:00:00
9145,381,temperature,33.67,2025-10-25 11:00:00
9146,193,humidity,52.23,2026-03-20 05:00:00
9147,4,rainfall,0.0,2026-04-12 21:00:00
9148,229,rainfall,0.0,2025-11-11 23:00:00
9149,331,humidity,51.04,2026-04-09 19:00:00
9150,238,soil_moisture,28.32,2025-11-24 12:00:00
9151,24,soil_moisture,40.32,2026-03-04 01:00:00
9152,128,temperature,22.55,2025-07-10 00:00:00
9153,211,humidity,59.99,2026-02-02 20:00:00
9154,437,temperature,31.49,2025-10-03 22:00:00
9155,428,temperature,23.13,2026-01-30 17:00:00
9156,449,humidity,78.62,2025-09-17 07:00:00
9157,169,humidity,57.79,2026-03-22 17:00:00
9158,290,humidity,45.74,2026-02-27 11:00:00
9159,146,humidity,55.3,2025-08-17 03:00:00
9160,211,soil_moisture,22.58,2026-02-03 03:00:00
9161,425,humidity,68.95,2025-09-09 03:00:00
9162,91,humidity,70.71,2026-02-22 12:00:00
9163,18,temperature,27.13,2026-03-16 08:00:00
9164,6,temperature,23.94,2025-08-11 18:00:00
9165,133,temperature,24.04,2025-07-02 14:00:00
9166,331,humidity,54.44,2026-04-09 15:00:00
9167,273,humidity,46.48,2026-01-06 09:00:00
9168,147,rainfall,0.0,2026-03-09 02:00:00
9169,296,soil_moisture,44.22,2025-08-20 22:00:00
9170,255,soil_moisture,41.17,2025-11-04 02:00:00
9171,211,rainfall,0.0,2026-02-02 01:00:00
9172,361,humidity,67.73,2025-10-18 22:00:00
9173,167,rainfall,0.0,2025-12-23 03:00:00
9174,123,humidity,61.25,2025-11-16 14:00:00
9175,177,humidity,51.79,2026-03-14 03:00:00
9176,428,rainfall,0.0,2026-01-30 21:00:00
9177,436,soil_moisture,25.82,2026-02-13 07:00:00
9178,126,rainfall,62.5,2025-08-17 23:00:00
9179,335,temperature,24.29,2025-09-05 03:00:00
9180,255,humidity,55.42,2025-11-03 19:00:00
9181,151,soil_moisture,29.8,2026-03-18 05:00:00
9182,184,soil_moisture,27.61,2026-01-05 20:00:00
9183,223,soil_moisture,21.59,2025-12-13 16:00:00
9184,327,temperature,30.13,2025-07-29 09:00:00
9185,148,soil_moisture,40.88,2025-12-02 02:00:00
9186,163,soil_moisture,42.87,2025-07-03 19:00:00
9187,285,soil_moisture,30.05,2025-09-05 21:00:00
9188,431,temperature,28.23,2025-07-02 08:00:00
9189,368,temperature,20.71,2026-03-05 02:00:00
9190,305,temperature,23.45,2025-06-27 10:00:00
9191,424,soil_moisture,29.02,2026-01-07 06:00:00
9192,13,rainfall,0.0,2025-11-01 01:00:00
9193,233,soil_moisture,32.71,2025-12-15 05:00:00
9194,47,temperature,30.27,2025-10-05 11:00:00
9195,425,temperature,34.16,2025-09-08 06:00:00
9196,205,soil_moisture,48.02,2025-12-24 20:00:00
9197,82,soil_moisture,34.23,2026-02-20 12:00:00
9198,424,temperature,25.57,2026-01-07 04:00:00
9199,208,rainfall,40.91,2026-01-15 05:00:00
9200,324,humidity,56.47,2026-01-25 01:00:00
9201,129,soil_moisture,27.73,2026-04-20 17:00:00
9202,135,soil_moisture,41.56,2025-12-06 22:00:00
9203,46,rainfall,0.0,2025-09-20 04:00:00
9204,136,humidity,61.63,2025-11-10 22:00:00
9205,341,temperature,36.14,2025-11-25 02:00:00
9206,287,humidity,53.29,2026-04-04 02:00:00
9207,211,rainfall,0.0,2026-02-02 18:00:00
9208,449,humidity,71.04,2025-09-17 06:00:00
9209,193,temperature,28.64,2026-03-19 11:00:00
9210,413,temperature,28.93,2026-01-14 06:00:00
9211,17,soil_moisture,27.09,2025-07-21 09:00:00
9212,78,soil_moisture,40.97,2025-09-26 06:00:00
9213,287,humidity,49.05,2026-04-03 13:00:00
9214,178,humidity,62.74,2025-12-17 07:00:00
9215,204,temperature,32.31,2025-08-23 01:00:00
9216,146,temperature,23.56,2025-08-15 01:00:00
9217,263,humidity,48.61,2025-12-21 09:00:00
9218,59,soil_moisture,44.2,2025-12-08 02:00:00
9219,273,temperature,26.84,2026-01-08 21:00:00
9220,105,temperature,21.81,2026-01-27 08:00:00
9221,143,temperature,32.69,2025-08-10 11:00:00
9222,268,temperature,27.1,2025-12-23 02:00:00
9223,303,soil_moisture,32.97,2025-08-21 21:00:00
9224,440,soil_moisture,43.72,2025-07-08 11:00:00
9225,143,humidity,63.29,2025-08-11 23:00:00
9226,197,soil_moisture,46.81,2026-03-16 23:00:00
9227,427,soil_moisture,31.64,2025-07-09 09:00:00
9228,447,rainfall,44.49,2025-09-20 18:00:00
9229,197,rainfall,23.21,2026-03-16 02:00:00
9230,226,rainfall,0.0,2026-04-23 15:00:00
9231,288,temperature,30.19,2025-07-07 15:00:00
9232,446,soil_moisture,47.67,2026-04-21 10:00:00
9233,294,humidity,50.65,2026-01-05 04:00:00
9234,223,temperature,25.24,2025-12-14 00:00:00
9235,205,temperature,24.9,2025-12-24 21:00:00
9236,323,humidity,55.59,2025-07-25 05:00:00
9237,442,humidity,49.7,2025-10-15 17:00:00
9238,13,soil_moisture,45.52,2025-11-01 14:00:00
9239,147,soil_moisture,26.62,2026-03-09 20:00:00
9240,196,humidity,72.22,2026-02-15 01:00:00
9241,192,soil_moisture,32.61,2026-01-20 04:00:00
9242,340,rainfall,44.82,2025-12-26 08:00:00
9243,186,humidity,63.97,2026-01-28 19:00:00
9244,143,rainfall,0.0,2025-08-10 11:00:00
9245,44,humidity,49.77,2025-10-06 16:00:00
9246,277,temperature,32.28,2025-09-11 03:00:00
9247,24,humidity,40.36,2026-03-05 18:00:00
9248,128,rainfall,0.0,2025-07-10 21:00:00
9249,7,temperature,28.34,2025-12-15 15:00:00
9250,178,rainfall,0.0,2025-12-16 16:00:00
9251,255,humidity,49.89,2025-11-04 09:00:00
9252,171,rainfall,0.0,2026-01-17 08:00:00
9253,29,humidity,40.42,2026-01-19 21:00:00
9254,309,humidity,40.45,2026-04-07 22:00:00
9255,122,rainfall,32.24,2025-12-23 14:00:00
9256,30,temperature,24.96,2025-08-20 10:00:00
9257,341,humidity,54.7,2025-11-24 02:00:00
9258,321,soil_moisture,25.0,2025-09-11 05:00:00
9259,70,rainfall,35.61,2025-12-10 16:00:00
9260,129,soil_moisture,29.81,2026-04-20 23:00:00
9261,197,temperature,27.49,2026-03-15 09:00:00
9262,180,temperature,26.96,2025-12-25 02:00:00
9263,28,temperature,22.95,2025-07-10 11:00:00
9264,381,humidity,45.46,2025-10-24 06:00:00
9265,298,temperature,32.65,2025-09-14 04:00:00
9266,427,soil_moisture,22.13,2025-07-11 08:00:00
9267,343,rainfall,0.0,2026-01-13 14:00:00
9268,353,temperature,20.73,2026-03-18 19:00:00
9269,411,soil_moisture,37.12,2025-08-23 17:00:00
9270,449,soil_moisture,34.42,2025-09-17 02:00:00
9271,311,soil_moisture,40.33,2025-10-07 15:00:00
9272,5,humidity,52.55,2026-04-08 20:00:00
9273,48,soil_moisture,40.77,2025-12-31 01:00:00
9274,233,rainfall,45.79,2025-12-14 06:00:00
9275,351,temperature,23.9,2026-02-12 17:00:00
9276,7,temperature,30.68,2025-12-17 20:00:00
9277,354,humidity,67.53,2026-03-06 15:00:00
9278,285,rainfall,31.83,2025-09-06 16:00:00
9279,161,humidity,42.82,2026-01-06 13:00:00
9280,72,soil_moisture,43.49,2025-08-19 11:00:00
9281,7,rainfall,0.0,2025-12-15 20:00:00
9282,311,humidity,44.43,2025-10-07 03:00:00
9283,227,humidity,70.04,2025-10-16 09:00:00
9284,44,rainfall,0.0,2025-10-07 03:00:00
9285,9,soil_moisture,35.55,2025-09-19 10:00:00
9286,16,humidity,65.29,2025-08-19 03:00:00
9287,322,humidity,54.59,2026-01-16 13:00:00
9288,178,temperature,31.36,2025-12-15 15:00:00
9289,157,rainfall,0.0,2026-01-20 09:00:00
9290,272,rainfall,0.0,2025-12-02 23:00:00
9291,324,soil_moisture,23.91,2026-01-26 15:00:00
9292,448,temperature,26.65,2025-12-13 18:00:00
9293,418,soil_moisture,42.01,2025-09-06 16:00:00
9294,229,soil_moisture,33.08,2025-11-13 08:00:00
9295,222,rainfall,31.4,2025-10-15 13:00:00
9296,343,soil_moisture,37.78,2026-01-13 09:00:00
9297,385,rainfall,0.0,2026-03-23 11:00:00
9298,1,soil_moisture,32.42,2026-02-28 18:00:00
9299,126,humidity,57.79,2025-08-17 14:00:00
9300,290,humidity,44.1,2026-02-26 10:00:00
9301,36,rainfall,0.0,2026-03-20 06:00:00
9302,233,temperature,23.18,2025-12-14 07:00:00
9303,171,rainfall,0.0,2026-01-15 16:00:00
9304,55,temperature,33.82,2025-09-02 02:00:00
9305,290,humidity,42.69,2026-02-26 11:00:00
9306,192,humidity,48.19,2026-01-19 16:00:00
9307,326,soil_moisture,28.87,2026-03-27 04:00:00
9308,346,temperature,32.01,2025-09-24 11:00:00
9309,437,humidity,57.65,2025-10-04 06:00:00
9310,46,humidity,74.87,2025-09-19 23:00:00
9311,5,soil_moisture,29.29,2026-04-08 09:00:00
9312,72,humidity,47.54,2025-08-19 10:00:00
9313,361,temperature,21.81,2025-10-19 17:00:00
9314,166,temperature,36.76,2025-12-01 07:00:00
9315,391,temperature,28.37,2025-06-28 19:00:00
9316,428,rainfall,0.0,2026-01-31 20:00:00
9317,240,temperature,20.19,2026-04-23 20:00:00
9318,440,humidity,41.35,2025-07-09 14:00:00
9319,128,humidity,42.83,2025-07-10 05:00:00
9320,65,soil_moisture,43.11,2025-07-08 18:00:00
9321,368,humidity,66.41,2026-03-05 10:00:00
9322,309,rainfall,55.12,2026-04-08 14:00:00
9323,9,soil_moisture,32.22,2025-09-19 02:00:00
9324,340,temperature,31.83,2025-12-27 10:00:00
9325,142,temperature,24.27,2025-11-15 04:00:00
9326,305,soil_moisture,45.06,2025-06-26 09:00:00
9327,342,humidity,72.9,2026-03-29 19:00:00
9328,381,humidity,47.25,2025-10-25 17:00:00
9329,326,soil_moisture,26.45,2026-03-26 21:00:00
9330,74,soil_moisture,45.1,2025-10-24 00:00:00
9331,386,soil_moisture,39.35,2026-04-06 13:00:00
9332,163,rainfall,0.0,2025-07-04 17:00:00
9333,372,soil_moisture,32.8,2025-10-28 10:00:00
9334,215,rainfall,22.27,2026-03-16 05:00:00
9335,48,humidity,37.55,2026-01-01 00:00:00
9336,142,rainfall,0.0,2025-11-16 19:00:00
9337,311,rainfall,0.0,2025-10-08 07:00:00
9338,219,rainfall,0.0,2025-11-20 04:00:00
9339,166,rainfall,0.0,2025-11-30 00:00:00
9340,368,soil_moisture,25.81,2026-03-04 06:00:00
9341,55,soil_moisture,28.78,2025-08-31 09:00:00
9342,24,rainfall,29.4,2026-03-04 18:00:00
9343,342,soil_moisture,33.1,2026-03-29 03:00:00
9344,311,soil_moisture,38.46,2025-10-07 01:00:00
9345,287,rainfall,0.0,2026-04-03 10:00:00
9346,287,soil_moisture,36.63,2026-04-03 10:00:00
9347,293,humidity,38.69,2026-02-10 03:00:00
9348,335,temperature,26.03,2025-09-03 06:00:00
9349,77,humidity,52.94,2026-03-27 06:00:00
9350,77,rainfall,0.0,2026-03-28 04:00:00
9351,402,humidity,46.83,2026-03-28 04:00:00
9352,215,soil_moisture,47.7,2026-03-16 04:00:00
9353,55,rainfall,31.23,2025-09-01 23:00:00
9354,70,temperature,26.7,2025-12-10 16:00:00
9355,238,rainfall,60.49,2025-11-25 09:00:00
9356,238,soil_moisture,28.62,2025-11-25 10:00:00
9357,53,rainfall,0.0,2026-03-02 16:00:00
9358,6,humidity,70.53,2025-08-13 01:00:00
9359,4,rainfall,0.0,2026-04-11 17:00:00
9360,413,humidity,43.17,2026-01-14 02:00:00
9361,210,humidity,66.01,2025-11-05 14:00:00
9362,1,humidity,73.09,2026-03-01 00:00:00
9363,362,temperature,18.81,2026-04-19 02:00:00
9364,180,temperature,25.23,2025-12-24 20:00:00
9365,46,rainfall,0.0,2025-09-20 16:00:00
9366,361,temperature,25.28,2025-10-19 08:00:00
9367,59,rainfall,0.0,2025-12-09 09:00:00
9368,169,humidity,62.85,2026-03-22 22:00:00
9369,166,rainfall,0.0,2025-12-01 02:00:00
9370,346,rainfall,40.52,2025-09-24 01:00:00
9371,78,humidity,48.85,2025-09-25 15:00:00
9372,165,soil_moisture,31.58,2025-07-02 00:00:00
9373,354,soil_moisture,23.74,2026-03-06 03:00:00
9374,396,temperature,32.13,2025-07-06 03:00:00
9375,169,soil_moisture,39.99,2026-03-22 19:00:00
9376,437,rainfall,0.0,2025-10-04 20:00:00
9377,371,soil_moisture,23.13,2026-03-30 10:00:00
9378,166,temperature,30.91,2025-11-29 12:00:00
9379,300,rainfall,0.0,2025-10-27 18:00:00
9380,298,rainfall,0.0,2025-09-11 12:00:00
9381,335,soil_moisture,40.02,2025-09-05 19:00:00
9382,318,rainfall,0.0,2026-04-04 10:00:00
9383,418,soil_moisture,41.97,2025-09-05 08:00:00
9384,296,soil_moisture,42.74,2025-08-20 03:00:00
9385,376,humidity,55.21,2025-09-13 03:00:00
9386,372,humidity,57.93,2025-10-28 12:00:00
9387,296,soil_moisture,49.83,2025-08-20 01:00:00
9388,140,rainfall,0.0,2025-09-13 12:00:00
9389,134,soil_moisture,39.14,2026-01-08 00:00:00
9390,143,temperature,35.72,2025-08-10 05:00:00
9391,32,humidity,70.0,2025-07-27 19:00:00
9392,166,rainfall,0.0,2025-12-01 13:00:00
9393,331,rainfall,0.0,2026-04-10 22:00:00
9394,273,soil_moisture,47.68,2026-01-06 06:00:00
9395,167,rainfall,40.86,2025-12-23 13:00:00
9396,82,rainfall,0.0,2026-02-21 07:00:00
9397,117,temperature,26.97,2025-08-22 09:00:00
9398,177,rainfall,0.0,2026-03-13 11:00:00
9399,444,soil_moisture,31.64,2025-12-11 20:00:00
9400,208,rainfall,0.0,2026-01-16 02:00:00
9401,215,rainfall,0.0,2026-03-15 22:00:00
9402,114,temperature,23.18,2026-04-19 09:00:00
9403,146,rainfall,-99.0,2025-08-17 00:00:00
9404,196,soil_moisture,43.05,2026-02-15 23:00:00
9405,272,temperature,29.51,2025-12-02 13:00:00
9406,268,rainfall,0.0,2025-12-23 07:00:00
9407,59,rainfall,0.0,2025-12-09 13:00:00
9408,140,temperature,24.73,2025-09-12 18:00:00
9409,70,rainfall,36.82,2025-12-09 11:00:00
9410,91,rainfall,29.73,2026-02-23 10:00:00
9411,305,rainfall,0.0,2025-06-27 04:00:00
9412,161,rainfall,0.0,2026-01-08 10:00:00
9413,146,humidity,54.67,2025-08-17 18:00:00
9414,115,temperature,32.02,2025-10-25 22:00:00
9415,36,rainfall,0.0,2026-03-19 23:00:00
9416,133,humidity,83.34,2025-07-02 14:00:00
9417,77,soil_moisture,14.62,2026-03-28 10:00:00
9418,263,rainfall,0.0,2025-12-23 01:00:00
9419,90,humidity,51.61,2025-08-20 04:00:00
9420,186,rainfall,42.72,2026-01-29 04:00:00
9421,424,soil_moisture,33.0,2026-01-06 10:00:00
9422,30,humidity,57.98,2025-08-21 00:00:00
9423,413,rainfall,29.6,2026-01-13 17:00:00
9424,48,humidity,36.86,2026-01-01 14:00:00
9425,46,rainfall,46.64,2025-09-21 00:00:00
9426,74,soil_moisture,40.18,2025-10-24 15:00:00
9427,48,humidity,39.69,2026-01-01 06:00:00
9428,324,temperature,24.14,2026-01-26 23:00:00
9429,97,rainfall,0.0,2026-02-15 08:00:00
9430,227,humidity,68.54,2025-10-18 03:00:00
9431,50,temperature,20.62,2026-03-09 21:00:00
9432,65,rainfall,0.0,2025-07-09 04:00:00
9433,47,rainfall,56.48,2025-10-05 05:00:00
9434,65,soil_moisture,47.83,2025-07-09 17:00:00
9435,1,rainfall,23.09,2026-02-28 19:00:00
9436,140,humidity,45.38,2025-09-13 10:00:00
9437,204,rainfall,0.0,2025-08-25 11:00:00
9438,346,humidity,69.39,2025-09-24 02:00:00
9439,146,rainfall,0.0,2025-08-16 07:00:00
9440,273,rainfall,0.0,2026-01-07 10:00:00
9441,168,humidity,63.85,2026-03-27 05:00:00
9442,437,soil_moisture,46.52,2025-10-03 20:00:00
9443,425,temperature,35.3,2025-09-09 04:00:00
9444,30,soil_moisture,39.56,2025-08-20 07:00:00
9445,61,humidity,48.25,2026-02-05 11:00:00
9446,449,temperature,34.96,2025-09-16 22:00:00
9447,126,temperature,34.93,2025-08-17 11:00:00
9448,143,soil_moisture,31.65,2025-08-12 08:00:00
9449,381,soil_moisture,46.3,2025-10-25 17:00:00
9450,377,temperature,33.37,2025-07-12 15:00:00
9451,389,humidity,39.94,2026-03-16 11:00:00
9452,370,temperature,19.92,2025-07-08 06:00:00
9453,233,temperature,24.71,2025-12-14 22:00:00
9454,376,humidity,59.18,2025-09-14 23:00:00
9455,55,humidity,64.32,2025-08-31 06:00:00
9456,340,temperature,30.63,2025-12-26 01:00:00
9457,323,rainfall,0.0,2025-07-26 17:00:00
9458,17,rainfall,0.0,2025-07-21 01:00:00
9459,178,rainfall,0.0,2025-12-15 16:00:00
9460,283,soil_moisture,45.79,2026-02-23 14:00:00
9461,170,rainfall,0.0,2025-07-04 20:00:00
9462,13,rainfall,0.0,2025-11-01 17:00:00
9463,55,rainfall,0.0,2025-08-31 11:00:00
9464,285,rainfall,0.0,2025-09-06 04:00:00
9465,323,rainfall,0.0,2025-07-25 17:00:00
9466,428,soil_moisture,45.2,2026-01-31 19:00:00
9467,78,rainfall,58.96,2025-09-27 07:00:00
9468,294,rainfall,0.0,2026-01-03 22:00:00
9469,185,temperature,31.33,2026-03-06 00:00:00
9470,170,humidity,43.48,2025-07-04 19:00:00
9471,436,rainfall,0.0,2026-02-11 11:00:00
9472,226,humidity,41.19,2026-04-21 03:00:00
9473,43,temperature,22.77,2025-09-12 19:00:00
9474,268,temperature,25.59,2025-12-24 01:00:00
9475,168,temperature,23.62,2026-03-27 04:00:00
9476,117,rainfall,0.0,2025-08-23 02:00:00
9477,5,temperature,33.0,2026-04-07 02:00:00
9478,77,temperature,23.1,2026-03-27 10:00:00
9479,436,soil_moisture,33.4,2026-02-12 02:00:00
9480,326,soil_moisture,16.98,2026-03-28 14:00:00
9481,13,humidity,65.33,2025-11-01 06:00:00
9482,43,soil_moisture,35.3,2025-09-12 22:00:00
9483,287,rainfall,0.0,2026-04-04 02:00:00
9484,201,soil_moisture,18.72,2026-03-31 19:00:00
9485,446,soil_moisture,42.04,2026-04-22 02:00:00
9486,268,humidity,66.58,2025-12-24 21:00:00
9487,362,rainfall,0.0,2026-04-19 07:00:00
9488,74,humidity,50.38,2025-10-23 01:00:00
9489,327,rainfall,42.79,2025-07-28 12:00:00
9490,114,soil_moisture,31.85,2026-04-19 17:00:00
9491,341,soil_moisture,49.06,2025-11-25 02:00:00
9492,24,temperature,27.56,2026-03-06 08:00:00
9493,44,soil_moisture,34.51,2025-10-08 02:00:00
9494,277,soil_moisture,34.86,2025-09-10 23:00:00
9495,97,soil_moisture,35.51,2026-02-13 12:00:00
9496,61,temperature,28.15,2026-02-06 03:00:00
9497,327,rainfall,0.0,2025-07-28 20:00:00
9498,327,humidity,61.62,2025-07-30 03:00:00
9499,431,temperature,29.55,2025-07-02 07:00:00
9500,233,rainfall,0.0,2025-12-16 21:00:00
9501,91,temperature,22.45,2026-02-22 05:00:00
9502,61,soil_moisture,39.85,2026-02-05 10:00:00
9503,300,soil_moisture,35.58,2025-10-25 13:00:00
9504,5,humidity,32.44,2026-04-08 03:00:00
9505,321,soil_moisture,29.66,2025-09-10 09:00:00
9506,335,rainfall,0.0,2025-09-04 05:00:00
9507,431,temperature,29.83,2025-07-01 08:00:00
9508,300,soil_moisture,36.87,2025-10-26 02:00:00
9509,381,temperature,37.0,2025-10-24 03:00:00
9510,99,humidity,45.42,2025-10-09 20:00:00
9511,411,soil_moisture,31.76,2025-08-25 05:00:00
9512,16,humidity,75.18,2025-08-19 02:00:00
9513,272,humidity,61.41,2025-12-03 07:00:00
9514,385,soil_moisture,22.31,2026-03-22 05:00:00
9515,184,temperature,33.2,2026-01-07 04:00:00
9516,413,temperature,27.45,2026-01-12 23:00:00
9517,90,soil_moisture,38.86,2025-08-19 13:00:00
9518,147,temperature,27.55,2026-03-08 06:00:00
9519,114,humidity,46.84,2026-04-20 04:00:00
9520,180,soil_moisture,38.38,2025-12-25 00:00:00
9521,235,humidity,47.17,2026-03-30 09:00:00
9522,447,soil_moisture,26.04,2025-09-18 08:00:00
9523,376,rainfall,0.0,2025-09-13 04:00:00
9524,60,temperature,30.11,2026-03-07 08:00:00
9525,17,soil_moisture,27.1,2025-07-19 07:00:00
9526,94,temperature,29.96,2025-09-28 19:00:00
9527,113,humidity,42.72,2025-07-28 08:00:00
9528,346,soil_moisture,30.0,2025-09-25 02:00:00
9529,233,humidity,59.59,2025-12-14 22:00:00
9530,386,soil_moisture,43.34,2026-04-05 08:00:00
9531,368,rainfall,0.0,2026-03-04 22:00:00
9532,226,humidity,50.16,2026-04-21 19:00:00
9533,135,temperature,26.11,2025-12-05 17:00:00
9534,99,temperature,32.41,2025-10-10 03:00:00
9535,125,humidity,58.84,2025-11-22 02:00:00
9536,364,humidity,62.46,2025-12-20 18:00:00
9537,123,soil_moisture,34.02,2025-11-16 16:00:00
9538,382,rainfall,0.0,2025-07-30 11:00:00
9539,36,rainfall,0.0,2026-03-19 22:00:00
9540,17,temperature,34.2,2025-07-19 10:00:00
9541,77,humidity,57.58,2026-03-26 06:00:00
9542,212,soil_moisture,43.56,2025-11-16 11:00:00
9543,70,soil_moisture,32.79,2025-12-10 11:00:00
9544,389,temperature,34.33,2026-03-17 09:00:00
9545,368,rainfall,0.0,2026-03-04 06:00:00
9546,1,temperature,25.48,2026-03-02 03:00:00
9547,6,soil_moisture,42.97,2025-08-12 04:00:00
9548,220,rainfall,0.0,2026-01-30 05:00:00
9549,65,rainfall,0.0,2025-07-08 08:00:00
9550,105,soil_moisture,42.93,2026-01-28 07:00:00
9551,436,soil_moisture,29.42,2026-02-12 14:00:00
9552,402,rainfall,37.61,2026-03-29 09:00:00
9553,303,soil_moisture,32.69,2025-08-23 01:00:00
9554,292,humidity,64.11,2025-09-24 12:00:00
9555,330,soil_moisture,26.61,2025-10-03 13:00:00
9556,196,humidity,65.63,2026-02-15 17:00:00
9557,335,soil_moisture,44.6,2025-09-05 09:00:00
9558,122,temperature,27.01,2025-12-22 14:00:00
9559,134,soil_moisture,44.54,2026-01-07 02:00:00
9560,419,humidity,49.74,2025-09-25 08:00:00
9561,36,temperature,25.97,2026-03-20 16:00:00
9562,384,rainfall,0.0,2025-08-16 07:00:00
9563,210,soil_moisture,44.56,2025-11-04 22:00:00
9564,115,humidity,71.06,2025-10-27 02:00:00
9565,143,temperature,34.76,2025-08-11 19:00:00
9566,268,temperature,27.83,2025-12-23 01:00:00
9567,43,soil_moisture,37.66,2025-09-13 06:00:00
9568,354,humidity,66.26,2026-03-06 07:00:00
9569,220,soil_moisture,20.64,2026-01-31 03:00:00
9570,128,rainfall,0.0,2025-07-09 16:00:00
9571,60,temperature,30.01,2026-03-05 11:00:00
9572,442,rainfall,0.0,2025-10-15 23:00:00
9573,47,rainfall,0.0,2025-10-04 20:00:00
9574,283,rainfall,0.0,2026-02-22 02:00:00
9575,126,temperature,34.91,2025-08-18 01:00:00
9576,219,temperature,27.49,2025-11-20 19:00:00
9577,65,humidity,68.51,2025-07-08 06:00:00
9578,178,humidity,69.24,2025-12-16 09:00:00
9579,61,temperature,23.75,2026-02-06 09:00:00
9580,196,soil_moisture,36.45,2026-02-15 07:00:00
9581,157,rainfall,0.0,2026-01-19 04:00:00
9582,343,temperature,26.87,2026-01-14 06:00:00
9583,431,temperature,32.31,2025-07-02 12:00:00
9584,290,rainfall,41.54,2026-02-26 01:00:00
9585,425,soil_moisture,32.98,2025-09-08 06:00:00
9586,362,rainfall,32.22,2026-04-18 12:00:00
9587,13,temperature,26.1,2025-11-02 22:00:00
9588,372,temperature,33.5,2025-10-30 00:00:00
9589,18,soil_moisture,35.46,2026-03-15 16:00:00
9590,229,rainfall,0.0,2025-11-12 10:00:00
9591,396,rainfall,36.58,2025-07-06 03:00:00
9592,193,soil_moisture,41.18,2026-03-18 06:00:00
9593,43,soil_moisture,34.68,2025-09-12 08:00:00
9594,117,humidity,45.88,2025-08-21 23:00:00
9595,60,temperature,27.74,2026-03-07 01:00:00
9596,140,rainfall,36.77,2025-09-12 17:00:00
9597,272,temperature,29.35,2025-12-03 21:00:00
9598,326,rainfall,0.0,2026-03-28 06:00:00
9599,70,temperature,28.01,2025-12-10 13:00:00
9600,273,soil_moisture,38.59,2026-01-08 06:00:00
9601,186,humidity,61.69,2026-01-29 01:00:00
9602,125,temperature,22.77,2025-11-21 04:00:00
9603,371,soil_moisture,21.91,2026-03-31 08:00:00
9604,114,temperature,17.85,2026-04-20 04:00:00
9605,238,rainfall,0.0,2025-11-25 05:00:00
9606,219,rainfall,0.0,2025-11-20 17:00:00
9607,437,rainfall,64.28,2025-10-04 12:00:00
9608,421,humidity,50.72,2025-07-11 15:00:00
9609,129,rainfall,0.0,2026-04-20 07:00:00
9610,113,temperature,25.63,2025-07-28 16:00:00
9611,71,temperature,31.22,2025-10-01 22:00:00
9612,97,rainfall,0.0,2026-02-13 19:00:00
9613,97,rainfall,33.4,2026-02-13 06:00:00
9614,191,temperature,33.0,2026-04-07 16:00:00
9615,55,rainfall,0.0,2025-08-31 21:00:00
9616,10,soil_moisture,39.94,2026-03-28 14:00:00
9617,169,humidity,75.05,2026-03-23 00:00:00
9618,356,humidity,72.07,2025-12-13 06:00:00
9619,427,rainfall,0.0,2025-07-11 04:00:00
9620,295,temperature,23.18,2026-04-11 20:00:00
9621,255,temperature,30.07,2025-11-04 23:00:00
9622,185,temperature,30.7,2026-03-04 02:00:00
9623,168,soil_moisture,26.68,2026-03-27 23:00:00
9624,161,rainfall,0.0,2026-01-08 00:00:00
9625,191,humidity,62.64,2026-04-08 01:00:00
9626,229,temperature,27.7,2025-11-13 12:00:00
9627,177,rainfall,0.0,2026-03-12 12:00:00
9628,235,rainfall,0.0,2026-03-31 10:00:00
9629,446,temperature,24.94,2026-04-20 21:00:00
9630,180,rainfall,0.0,2025-12-26 08:00:00
9631,212,humidity,50.21,2025-11-18 02:00:00
9632,66,humidity,44.87,2026-01-07 12:00:00
9633,287,humidity,52.47,2026-04-03 11:00:00
9634,296,rainfall,0.0,2025-08-20 02:00:00
9635,227,soil_moisture,43.94,2025-10-17 06:00:00
9636,277,temperature,26.13,2025-09-10 07:00:00
9637,24,rainfall,0.0,2026-03-04 03:00:00
9638,147,soil_moisture,28.4,2026-03-08 17:00:00
9639,71,rainfall,0.0,2025-10-03 12:00:00
9640,311,temperature,28.45,2025-10-08 12:00:00
9641,306,humidity,64.72,2025-12-29 10:00:00
9642,343,rainfall,56.41,2026-01-13 00:00:00
9643,18,humidity,40.79,2026-03-16 01:00:00
9644,425,temperature,29.68,2025-09-09 08:00:00
9645,324,soil_moisture,23.52,2026-01-26 19:00:00
9646,177,soil_moisture,21.95,2026-03-13 12:00:00
9647,32,temperature,28.53,2025-07-27 09:00:00
9648,238,humidity,74.34,2025-11-24 11:00:00
9649,78,soil_moisture,41.47,2025-09-25 03:00:00
9650,169,soil_moisture,38.14,2026-03-22 07:00:00
9651,154,humidity,73.67,2025-08-20 19:00:00
9652,134,rainfall,52.15,2026-01-07 08:00:00
9653,163,humidity,43.57,2025-07-04 11:00:00
9654,32,rainfall,0.0,2025-07-27 12:00:00
9655,340,humidity,58.43,2025-12-25 18:00:00
9656,44,temperature,28.48,2025-10-07 07:00:00
9657,233,humidity,48.31,2025-12-15 06:00:00
9658,134,soil_moisture,38.67,2026-01-07 11:00:00
9659,208,temperature,29.36,2026-01-17 05:00:00
9660,321,rainfall,0.0,2025-09-10 16:00:00
9661,28,humidity,51.17,2025-07-09 23:00:00
9662,342,humidity,60.16,2026-03-28 07:00:00
9663,227,temperature,35.48,2025-10-16 02:00:00
9664,78,soil_moisture,38.32,2025-09-25 17:00:00
9665,240,rainfall,42.47,2026-04-22 22:00:00
9666,418,rainfall,0.0,2025-09-06 18:00:00
9667,72,rainfall,18.15,2025-08-20 00:00:00
9668,154,soil_moisture,28.08,2025-08-20 13:00:00
9669,82,soil_moisture,34.24,2026-02-22 05:00:00
9670,300,rainfall,0.0,2025-10-26 10:00:00
9671,65,soil_moisture,46.5,2025-07-08 16:00:00
9672,298,humidity,56.43,2025-09-11 06:00:00
9673,178,temperature,32.73,2025-12-15 14:00:00
9674,6,soil_moisture,47.11,2025-08-11 19:00:00
9675,326,rainfall,0.0,2026-03-27 20:00:00
9676,311,rainfall,0.0,2025-10-08 14:00:00
9677,18,humidity,45.3,2026-03-15 14:00:00
9678,277,rainfall,0.0,2025-09-11 03:00:00
9679,401,soil_moisture,38.69,2025-12-10 05:00:00
9680,46,soil_moisture,30.83,2025-09-20 09:00:00
9681,353,temperature,20.5,2026-03-20 22:00:00
9682,178,rainfall,39.59,2025-12-15 19:00:00
9683,46,temperature,32.59,2025-09-21 18:00:00
9684,341,humidity,53.07,2025-11-25 16:00:00
9685,184,humidity,51.89,2026-01-06 08:00:00
9686,391,humidity,44.04,2025-06-27 05:00:00
9687,5,temperature,33.25,2026-04-07 12:00:00
9688,193,temperature,27.61,2026-03-19 04:00:00
9689,448,soil_moisture,37.56,2025-12-14 01:00:00
9690,263,temperature,24.57,2025-12-21 13:00:00
9691,401,soil_moisture,38.28,2025-12-10 04:00:00
9692,90,rainfall,0.0,2025-08-19 16:00:00
9693,113,humidity,42.22,2025-07-28 22:00:00
9694,211,temperature,23.1,2026-02-02 17:00:00
9695,97,soil_moisture,31.52,2026-02-14 03:00:00
9696,128,soil_moisture,42.1,2025-07-11 00:00:00
9697,113,rainfall,0.0,2025-07-28 02:00:00
9698,318,rainfall,0.0,2026-04-05 01:00:00
9699,440,humidity,46.84,2025-07-09 03:00:00
9700,134,humidity,50.97,2026-01-06 23:00:00
9701,227,humidity,68.84,2025-10-18 06:00:00
9702,222,temperature,27.13,2025-10-16 12:00:00
9703,306,rainfall,0.0,2025-12-29 16:00:00
9704,335,rainfall,57.17,2025-09-05 16:00:00
9705,327,temperature,26.5,2025-07-29 01:00:00
9706,151,rainfall,0.0,2026-03-17 10:00:00
9707,211,rainfall,0.0,2026-02-02 15:00:00
9708,308,soil_moisture,33.32,2025-12-28 01:00:00
9709,205,humidity,74.62,2025-12-24 22:00:00
9710,293,soil_moisture,37.26,2026-02-08 19:00:00
9711,72,humidity,57.23,2025-08-20 12:00:00
9712,9,temperature,32.41,2025-09-20 00:00:00
9713,73,temperature,32.65,2025-10-07 22:00:00
9714,45,rainfall,35.41,2026-02-08 02:00:00
9715,428,temperature,23.17,2026-02-01 06:00:00
9716,29,rainfall,0.0,2026-01-19 09:00:00
9717,377,soil_moisture,35.9,2025-07-11 20:00:00
9718,61,soil_moisture,43.57,2026-02-07 01:00:00
9719,122,temperature,30.14,2025-12-23 01:00:00
9720,303,humidity,62.75,2025-08-21 03:00:00
9721,4,humidity,59.85,2026-04-12 02:00:00
9722,16,rainfall,30.94,2025-08-19 20:00:00
9723,306,rainfall,0.0,2025-12-30 11:00:00
9724,46,temperature,33.04,2025-09-20 23:00:00
9725,396,humidity,43.71,2025-07-05 10:00:00
9726,50,temperature,21.66,2026-03-10 13:00:00
9727,268,humidity,73.85,2025-12-23 21:00:00
9728,424,humidity,41.68,2026-01-06 08:00:00
9729,129,soil_moisture,25.7,2026-04-19 04:00:00
9730,260,soil_moisture,30.98,2025-09-23 00:00:00
9731,257,soil_moisture,24.53,2025-07-05 16:00:00
9732,180,temperature,23.31,2025-12-24 18:00:00
9733,165,humidity,63.85,2025-07-01 10:00:00
9734,342,humidity,62.52,2026-03-30 07:00:00
9735,367,humidity,56.42,2025-11-22 06:00:00
9736,449,temperature,34.93,2025-09-16 02:00:00
9737,446,soil_moisture,46.89,2026-04-20 21:00:00
9738,147,soil_moisture,25.42,2026-03-08 20:00:00
9739,48,rainfall,0.0,2025-12-30 08:00:00
9740,137,rainfall,28.94,2026-03-13 10:00:00
9741,449,temperature,33.64,2025-09-15 22:00:00
9742,137,humidity,51.15,2026-03-13 13:00:00
9743,48,rainfall,0.0,2026-01-01 03:00:00
9744,190,soil_moisture,38.86,2026-02-11 14:00:00
9745,368,humidity,70.62,2026-03-05 03:00:00
9746,94,rainfall,0.0,2025-09-29 07:00:00
9747,74,rainfall,0.0,2025-10-22 04:00:00
9748,44,temperature,29.83,2025-10-08 16:00:00
9749,318,temperature,31.32,2026-04-05 01:00:00
9750,36,soil_moisture,27.16,2026-03-19 13:00:00
9751,167,temperature,31.78,2025-12-24 14:00:00
9752,55,rainfall,0.0,2025-09-02 07:00:00
9753,72,soil_moisture,47.86,2025-08-21 10:00:00
9754,223,rainfall,0.0,2025-12-13 04:00:00
9755,385,humidity,46.9,2026-03-23 07:00:00
9756,424,temperature,28.03,2026-01-07 07:00:00
9757,222,humidity,75.9,2025-10-16 13:00:00
9758,50,rainfall,26.4,2026-03-11 14:00:00
9759,377,temperature,35.24,2025-07-12 05:00:00
9760,178,soil_moisture,32.68,2025-12-15 03:00:00
9761,50,humidity,46.83,2026-03-11 17:00:00
9762,192,rainfall,0.0,2026-01-19 13:00:00
9763,53,soil_moisture,29.16,2026-03-04 16:00:00
9764,446,rainfall,0.0,2026-04-21 22:00:00
9765,48,rainfall,0.0,2025-12-31 03:00:00
9766,285,humidity,55.88,2025-09-05 12:00:00
9767,326,temperature,24.18,2026-03-26 13:00:00
9768,186,rainfall,0.0,2026-01-28 08:00:00
9769,436,rainfall,0.0,2026-02-11 13:00:00
9770,5,soil_moisture,25.08,2026-04-08 10:00:00
9771,311,rainfall,0.0,2025-10-08 17:00:00
9772,419,rainfall,0.0,2025-09-26 10:00:00
9773,294,soil_moisture,27.98,2026-01-04 08:00:00
9774,331,soil_moisture,36.35,2026-04-11 08:00:00
9775,227,rainfall,0.0,2025-10-18 08:00:00
9776,298,humidity,49.6,2025-09-12 01:00:00
9777,356,rainfall,50.69,2025-12-12 17:00:00
9778,178,rainfall,0.0,2025-12-15 08:00:00
9779,105,rainfall,0.0,2026-01-28 19:00:00
9780,362,soil_moisture,24.37,2026-04-17 09:00:00
9781,73,soil_moisture,40.44,2025-10-07 14:00:00
9782,326,temperature,21.65,2026-03-26 07:00:00
9783,330,temperature,34.66,2025-10-01 18:00:00
9784,287,rainfall,0.0,2026-04-04 19:00:00
9785,71,humidity,50.92,2025-10-02 02:00:00
9786,402,temperature,28.43,2026-03-28 07:00:00
9787,428,humidity,45.19,2026-01-31 06:00:00
9788,28,humidity,38.38,2025-07-10 08:00:00
9789,166,rainfall,0.0,2025-11-30 20:00:00
9790,226,rainfall,0.0,2026-04-21 07:00:00
9791,103,humidity,46.78,2026-01-08 22:00:00
9792,343,humidity,55.28,2026-01-13 19:00:00
9793,235,temperature,33.09,2026-03-31 08:00:00
9794,4,soil_moisture,29.9,2026-04-12 11:00:00
9795,61,rainfall,38.66,2026-02-07 10:00:00
9796,346,soil_moisture,28.43,2025-09-26 11:00:00
9797,381,temperature,35.81,2025-10-25 14:00:00
9798,161,soil_moisture,42.6,2026-01-07 09:00:00
9799,444,temperature,29.03,2025-12-11 09:00:00
9800,48,humidity,45.67,2026-01-01 17:00:00
9801,196,humidity,64.98,2026-02-15 03:00:00
9802,160,rainfall,0.0,2026-04-16 08:00:00
9803,288,temperature,29.6,2025-07-07 13:00:00
9804,151,humidity,60.33,2026-03-17 12:00:00
9805,18,humidity,47.88,2026-03-15 10:00:00
9806,71,rainfall,47.99,2025-10-02 07:00:00
9807,177,temperature,21.1,2026-03-12 13:00:00
9808,193,humidity,48.45,2026-03-18 19:00:00
9809,186,soil_moisture,41.79,2026-01-27 10:00:00
9810,196,rainfall,0.0,2026-02-15 15:00:00
9811,123,rainfall,0.0,2025-11-16 00:00:00
9812,346,rainfall,0.0,2025-09-25 10:00:00
9813,136,soil_moisture,37.33,2025-11-12 08:00:00
9814,346,humidity,62.84,2025-09-25 03:00:00
9815,208,temperature,31.27,2026-01-17 10:00:00
9816,212,rainfall,0.0,2025-11-18 06:00:00
9817,55,soil_moisture,30.16,2025-09-02 08:00:00
9818,389,rainfall,0.0,2026-03-16 10:00:00
9819,411,soil_moisture,39.07,2025-08-24 13:00:00
9820,310,humidity,74.54,2025-12-23 13:00:00
9821,5,soil_moisture,25.59,2026-04-07 22:00:00
9822,70,rainfall,0.0,2025-12-11 02:00:00
9823,318,humidity,39.45,2026-04-06 00:00:00
9824,413,rainfall,0.0,2026-01-12 08:00:00
9825,99,soil_moisture,27.26,2025-10-10 22:00:00
9826,437,temperature,30.91,2025-10-03 19:00:00
9827,220,humidity,45.16,2026-01-30 21:00:00
9828,322,temperature,23.68,2026-01-17 19:00:00
9829,123,soil_moisture,33.85,2025-11-16 03:00:00
9830,18,soil_moisture,35.21,2026-03-16 04:00:00
9831,78,rainfall,0.0,2025-09-25 09:00:00
9832,44,humidity,50.91,2025-10-06 05:00:00
9833,402,rainfall,0.0,2026-03-29 12:00:00
9834,154,humidity,59.0,2025-08-21 02:00:00
9835,238,humidity,70.33,2025-11-25 13:00:00
9836,296,rainfall,0.0,2025-08-22 02:00:00
9837,103,soil_moisture,30.68,2026-01-09 03:00:00
9838,381,temperature,34.93,2025-10-25 12:00:00
9839,368,temperature,19.23,2026-03-04 07:00:00
9840,185,temperature,33.14,2026-03-04 19:00:00
9841,306,rainfall,0.0,2025-12-29 22:00:00
9842,4,temperature,29.99,2026-04-11 02:00:00
9843,46,soil_moisture,39.02,2025-09-19 19:00:00
9844,268,humidity,59.21,2025-12-24 16:00:00
9845,71,soil_moisture,44.37,2025-10-01 22:00:00
9846,168,rainfall,34.17,2026-03-27 22:00:00
9847,125,humidity,60.91,2025-11-20 16:00:00
9848,5,rainfall,0.0,2026-04-09 03:00:00
9849,135,temperature,25.34,2025-12-07 03:00:00
9850,133,rainfall,59.21,2025-07-02 13:00:00
9851,263,soil_moisture,35.28,2025-12-23 09:00:00
9852,401,temperature,26.73,2025-12-11 13:00:00
9853,55,temperature,29.81,2025-09-02 01:00:00
9854,227,temperature,35.81,2025-10-16 19:00:00
9855,128,humidity,44.08,2025-07-09 22:00:00
9856,29,soil_moisture,19.29,2026-01-19 23:00:00
9857,346,humidity,61.36,2025-09-24 07:00:00
9858,331,temperature,22.96,2026-04-11 07:00:00
9859,53,humidity,42.92,2026-03-03 19:00:00
9860,391,rainfall,0.0,2025-06-28 03:00:00
9861,5,humidity,43.17,2026-04-09 01:00:00
9862,219,humidity,73.6,2025-11-20 23:00:00
9863,163,humidity,44.13,2025-07-04 17:00:00
9864,424,temperature,25.05,2026-01-06 07:00:00
9865,308,soil_moisture,35.63,2025-12-26 18:00:00
9866,386,rainfall,0.0,2026-04-05 07:00:00
9867,210,soil_moisture,42.95,2025-11-05 19:00:00
9868,222,soil_moisture,42.48,2025-10-16 06:00:00
9869,223,temperature,26.14,2025-12-14 19:00:00
9870,211,rainfall,0.0,2026-02-03 03:00:00
9871,310,rainfall,0.0,2025-12-23 18:00:00
9872,220,humidity,43.74,2026-01-30 07:00:00
9873,321,soil_moisture,24.21,2025-09-10 16:00:00
9874,272,temperature,31.63,2025-12-02 14:00:00
9875,7,temperature,30.72,2025-12-16 13:00:00
9876,331,rainfall,35.91,2026-04-09 10:00:00
9877,160,soil_moisture,36.6,2026-04-15 21:00:00
9878,341,soil_moisture,43.14,2025-11-26 16:00:00
9879,201,soil_moisture,22.0,2026-03-31 21:00:00
9880,273,soil_moisture,40.67,2026-01-08 04:00:00
9881,157,temperature,25.87,2026-01-20 09:00:00
9882,47,soil_moisture,37.44,2025-10-05 17:00:00
9883,90,humidity,57.95,2025-08-19 02:00:00
9884,385,soil_moisture,21.03,2026-03-22 01:00:00
9885,1,temperature,22.05,2026-03-02 01:00:00
9886,255,rainfall,0.0,2025-11-03 00:00:00
9887,220,soil_moisture,18.79,2026-01-30 18:00:00
9888,282,humidity,57.15,2026-01-10 15:00:00
9889,255,soil_moisture,49.17,2025-11-03 15:00:00
9890,283,rainfall,0.0,2026-02-22 00:00:00
9891,318,rainfall,0.0,2026-04-05 16:00:00
9892,48,rainfall,0.0,2026-01-01 06:00:00
9893,364,soil_moisture,36.23,2025-12-21 06:00:00
9894,159,soil_moisture,34.06,2025-09-20 03:00:00
9895,211,temperature,25.09,2026-02-03 10:00:00
9896,311,soil_moisture,38.57,2025-10-08 05:00:00
9897,233,humidity,57.82,2025-12-14 04:00:00
9898,50,temperature,24.03,2026-03-10 15:00:00
9899,424,rainfall,0.0,2026-01-05 02:00:00
9900,238,soil_moisture,25.42,2025-11-26 00:00:00
9901,151,temperature,29.71,2026-03-16 20:00:00
9902,78,soil_moisture,36.0,2025-09-26 12:00:00
9903,330,humidity,67.38,2025-10-02 07:00:00
9904,309,soil_moisture,30.47,2026-04-08 02:00:00
9905,30,soil_moisture,34.38,2025-08-19 16:00:00
9906,1,rainfall,25.8,2026-02-28 07:00:00
9907,126,humidity,60.84,2025-08-17 15:00:00
9908,428,rainfall,0.0,2026-01-31 13:00:00
9909,292,soil_moisture,42.18,2025-09-24 17:00:00
9910,287,humidity,45.81,2026-04-04 16:00:00
9911,309,rainfall,58.91,2026-04-08 20:00:00
9912,211,soil_moisture,26.76,2026-02-02 21:00:00
9913,114,humidity,51.39,2026-04-20 15:00:00
9914,78,rainfall,0.0,2025-09-27 03:00:00
9915,114,humidity,51.25,2026-04-19 15:00:00
9916,353,temperature,19.66,2026-03-18 06:00:00
9917,330,rainfall,0.0,2025-10-01 19:00:00
9918,342,temperature,26.46,2026-03-28 07:00:00
9919,351,humidity,46.75,2026-02-12 13:00:00
9920,159,temperature,29.72,2025-09-20 21:00:00
9921,240,soil_moisture,23.62,2026-04-23 08:00:00
9922,402,humidity,48.26,2026-03-28 14:00:00
9923,91,humidity,74.03,2026-02-22 22:00:00
9924,401,humidity,51.65,2025-12-09 15:00:00
9925,94,temperature,30.61,2025-09-29 15:00:00
9926,308,humidity,54.01,2025-12-26 03:00:00
9927,354,soil_moisture,23.81,2026-03-06 09:00:00
9928,351,soil_moisture,18.87,2026-02-12 12:00:00
9929,282,humidity,64.68,2026-01-10 00:00:00
9930,89,soil_moisture,39.36,2026-02-26 20:00:00
9931,227,rainfall,0.0,2025-10-16 14:00:00
9932,105,rainfall,0.0,2026-01-28 23:00:00
9933,146,temperature,24.2,2025-08-15 07:00:00
9934,46,soil_moisture,34.37,2025-09-19 22:00:00
9935,322,temperature,20.42,2026-01-16 03:00:00
9936,50,humidity,41.36,2026-03-10 18:00:00
9937,94,soil_moisture,36.65,2025-09-29 11:00:00
9938,82,soil_moisture,30.71,2026-02-22 04:00:00
9939,133,rainfall,49.03,2025-07-03 05:00:00
9940,47,humidity,53.52,2025-10-04 18:00:00
9941,137,soil_moisture,24.28,2026-03-12 03:00:00
9942,53,soil_moisture,28.18,2026-03-03 18:00:00
9943,142,temperature,33.56,2025-11-16 03:00:00
9944,308,soil_moisture,35.21,2025-12-26 04:00:00
9945,186,humidity,54.85,2026-01-27 23:00:00
9946,295,soil_moisture,36.18,2026-04-11 05:00:00
9947,29,soil_moisture,23.76,2026-01-18 23:00:00
9948,193,soil_moisture,40.79,2026-03-19 19:00:00
9949,431,temperature,31.97,2025-07-01 05:00:00
9950,147,soil_moisture,29.15,2026-03-08 01:00:00
9951,1,rainfall,0.0,2026-02-28 04:00:00
9952,260,rainfall,0.0,2025-09-22 10:00:00
9953,59,humidity,68.95,2025-12-09 22:00:00
9954,99,rainfall,0.0,2025-10-08 19:00:00
9955,235,humidity,67.4,2026-03-31 02:00:00
9956,137,soil_moisture,26.25,2026-03-12 20:00:00
9957,210,rainfall,0.0,2025-11-06 01:00:00
9958,72,humidity,43.14,2025-08-19 13:00:00
9959,61,humidity,45.95,2026-02-05 15:00:00
9960,391,soil_moisture,37.28,2025-06-26 19:00:00
9961,305,soil_moisture,39.18,2025-06-27 10:00:00
9962,386,temperature,25.65,2026-04-04 01:00:00
9963,437,soil_moisture,42.47,2025-10-03 12:00:00
9964,308,rainfall,0.0,2025-12-26 10:00:00
9965,448,rainfall,37.56,2025-12-15 20:00:00
9966,240,soil_moisture,31.56,2026-04-22 12:00:00
9967,184,temperature,32.66,2026-01-06 02:00:00
9968,160,rainfall,0.0,2026-04-15 22:00:00
9969,327,soil_moisture,42.57,2025-07-29 22:00:00
9970,45,soil_moisture,25.72,2026-02-08 05:00:00
9971,382,humidity,39.44,2025-07-31 22:00:00
9972,381,temperature,35.06,2025-10-24 21:00:00
9973,326,humidity,51.83,2026-03-27 17:00:00
9974,43,temperature,19.54,2025-09-12 13:00:00
9975,257,soil_moisture,27.25,2025-07-03 16:00:00
9976,427,rainfall,0.0,2025-07-10 12:00:00
9977,30,temperature,26.87,2025-08-20 19:00:00
9978,7,rainfall,58.56,2025-12-16 02:00:00
9979,146,humidity,69.51,2025-08-17 10:00:00
9980,321,rainfall,51.55,2025-09-12 02:00:00
9981,318,humidity,43.14,2026-04-06 06:00:00
9982,227,temperature,35.96,2025-10-16 14:00:00
9983,340,humidity,50.41,2025-12-25 21:00:00
9984,13,humidity,75.03,2025-11-01 07:00:00
9985,288,rainfall,0.0,2025-07-06 14:00:00
9986,427,temperature,33.16,2025-07-09 11:00:00
9987,381,humidity,49.88,2025-10-24 12:00:00
9988,191,rainfall,52.86,2026-04-07 15:00:00
9989,178,soil_moisture,34.25,2025-12-16 10:00:00
9990,10,temperature,29.18,2026-03-29 14:00:00
9991,134,temperature,28.97,2026-01-08 03:00:00
9992,50,rainfall,36.0,2026-03-10 00:00:00
9993,163,rainfall,0.0,2025-07-03 04:00:00
9994,354,soil_moisture,23.01,2026-03-07 03:00:00
9995,341,soil_moisture,43.9,2025-11-25 14:00:00
9996,4,rainfall,0.0,2026-04-12 23:00:00
9997,444,temperature,29.22,2025-12-12 20:00:00
9998,341,rainfall,58.04,2025-11-26 06:00:00
9999,318,temperature,31.13,2026-04-04 10:00:00
10000,354,temperature,30.26,2026-03-06 13:00:00
10001,114,temperature,19.74,2026-04-20 10:00:00
10002,129,humidity,43.36,2026-04-20 01:00:00
10003,82,soil_moisture,36.1,2026-02-20 19:00:00
10004,43,temperature,22.4,2025-09-12 10:00:00
10005,396,soil_moisture,37.28,2025-07-04 09:00:00
10006,356,humidity,66.78,2025-12-14 08:00:00
10007,268,temperature,25.62,2025-12-24 22:00:00
10008,185,soil_moisture,31.94,2026-03-05 01:00:00
10009,283,rainfall,500.0,2026-02-21 12:00:00
10010,125,temperature,23.3,2025-11-20 18:00:00
10011,43,humidity,62.46,2025-09-12 06:00:00
10012,78,humidity,54.05,2025-09-26 16:00:00
10013,382,temperature,19.51,2025-07-31 12:00:00
10014,372,soil_moisture,37.94,2025-10-29 07:00:00
10015,309,rainfall,0.0,2026-04-07 03:00:00
10016,212,rainfall,0.0,2025-11-16 11:00:00
10017,362,temperature,23.18,2026-04-18 06:00:00
10018,190,rainfall,0.0,2026-02-10 08:00:00
10019,431,humidity,65.47,2025-07-02 23:00:00
10020,208,temperature,27.55,2026-01-17 04:00:00
10021,148,humidity,64.17,2025-12-02 07:00:00
10022,146,rainfall,0.0,2025-08-16 18:00:00
10023,186,soil_moisture,40.3,2026-01-28 01:00:00
10024,411,temperature,24.75,2025-08-24 20:00:00
10025,384,humidity,49.17,2025-08-16 08:00:00
10026,5,humidity,38.51,2026-04-08 22:00:00
10027,161,temperature,29.14,2026-01-08 08:00:00
10028,123,humidity,62.41,2025-11-16 01:00:00
10029,191,humidity,55.75,2026-04-07 16:00:00
10030,94,humidity,63.73,2025-09-29 04:00:00
10031,403,soil_moisture,41.16,2025-11-06 05:00:00
10032,353,humidity,46.73,2026-03-19 20:00:00
10033,448,humidity,76.79,2025-12-13 08:00:00
10034,113,soil_moisture,42.22,2025-07-28 13:00:00
10035,364,humidity,64.48,2025-12-21 07:00:00
10036,324,temperature,26.4,2026-01-25 15:00:00
10037,82,rainfall,46.6,2026-02-21 16:00:00
10038,322,rainfall,0.0,2026-01-17 20:00:00
10039,436,temperature,30.34,2026-02-12 11:00:00
10040,436,soil_moisture,32.47,2026-02-12 03:00:00
10041,143,soil_moisture,35.24,2025-08-10 03:00:00
10042,310,soil_moisture,28.57,2025-12-23 21:00:00
10043,323,temperature,22.95,2025-07-26 17:00:00
10044,229,temperature,32.26,2025-11-11 13:00:00
10045,168,rainfall,0.0,2026-03-28 04:00:00
10046,24,temperature,28.68,2026-03-06 09:00:00
10047,340,temperature,35.32,2025-12-26 09:00:00
10048,425,soil_moisture,27.85,2025-09-09 12:00:00
10049,147,temperature,27.74,2026-03-09 08:00:00
10050,114,soil_moisture,25.35,2026-04-20 14:00:00
10051,103,rainfall,0.0,2026-01-08 12:00:00
10052,177,soil_moisture,24.27,2026-03-12 17:00:00
10053,444,humidity,50.56,2025-12-11 16:00:00
10054,372,soil_moisture,35.81,2025-10-28 17:00:00
10055,268,rainfall,0.0,2025-12-23 18:00:00
10056,151,temperature,26.06,2026-03-16 12:00:00
10057,113,temperature,28.66,2025-07-28 22:00:00
10058,323,humidity,54.27,2025-07-25 02:00:00
10059,123,temperature,23.84,2025-11-15 22:00:00
10060,103,humidity,49.82,2026-01-08 19:00:00
10061,24,humidity,48.05,2026-03-04 13:00:00
10062,32,rainfall,0.0,2025-07-28 12:00:00
10063,24,temperature,25.73,2026-03-04 15:00:00
10064,327,temperature,26.07,2025-07-29 16:00:00
10065,340,soil_moisture,25.24,2025-12-25 05:00:00
10066,233,rainfall,0.0,2025-12-15 23:00:00
10067,185,rainfall,0.0,2026-03-04 14:00:00
10068,168,soil_moisture,28.15,2026-03-29 16:00:00
10069,235,temperature,34.54,2026-03-31 09:00:00
10070,204,temperature,31.62,2025-08-25 23:00:00
10071,94,humidity,68.71,2025-09-29 20:00:00
10072,212,temperature,27.89,2025-11-18 03:00:00
10073,364,soil_moisture,38.86,2025-12-21 16:00:00
10074,136,soil_moisture,26.86,2025-11-10 01:00:00
10075,115,rainfall,50.9,2025-10-26 23:00:00
10076,364,soil_moisture,35.5,2025-12-21 10:00:00
10077,143,soil_moisture,39.57,2025-08-10 12:00:00
10078,36,humidity,50.3,2026-03-19 08:00:00
10079,321,humidity,500.0,2025-09-10 10:00:00
10080,13,temperature,22.59,2025-11-02 21:00:00
10081,24,soil_moisture,41.89,2026-03-04 23:00:00
10082,142,soil_moisture,34.63,2025-11-15 19:00:00
10083,166,soil_moisture,29.05,2025-11-29 13:00:00
10084,61,rainfall,24.94,2026-02-05 06:00:00
10085,204,soil_moisture,40.2,2025-08-24 13:00:00
10086,428,soil_moisture,42.02,2026-01-31 04:00:00
10087,296,humidity,54.69,2025-08-20 18:00:00
10088,1,soil_moisture,27.81,2026-03-02 00:00:00
10089,9,soil_moisture,36.48,2025-09-19 12:00:00
10090,341,humidity,49.38,2025-11-25 12:00:00
10091,10,temperature,26.67,2026-03-30 10:00:00
10092,381,temperature,35.0,2025-10-25 17:00:00
10093,105,temperature,22.71,2026-01-29 11:00:00
10094,222,soil_moisture,45.44,2025-10-16 07:00:00
10095,211,temperature,23.62,2026-02-02 09:00:00
10096,310,temperature,26.88,2025-12-23 03:00:00
10097,123,soil_moisture,34.25,2025-11-15 02:00:00
10098,136,soil_moisture,35.9,2025-11-12 04:00:00
10099,160,humidity,63.66,2026-04-14 21:00:00
10100,233,soil_moisture,31.06,2025-12-14 08:00:00
10101,170,rainfall,41.8,2025-07-04 17:00:00
10102,133,rainfall,0.0,2025-07-02 15:00:00
10103,53,soil_moisture,24.78,2026-03-03 21:00:00
10104,370,soil_moisture,25.68,2025-07-10 12:00:00
10105,77,soil_moisture,21.31,2026-03-27 13:00:00
10106,428,humidity,41.14,2026-01-30 06:00:00
10107,143,rainfall,0.0,2025-08-11 11:00:00
10108,293,soil_moisture,35.43,2026-02-08 11:00:00
10109,442,temperature,31.97,2025-10-14 21:00:00
10110,255,soil_moisture,40.26,2025-11-02 07:00:00
10111,238,temperature,28.32,2025-11-26 05:00:00
10112,114,rainfall,0.0,2026-04-19 02:00:00
10113,129,temperature,34.14,2026-04-19 20:00:00
10114,136,soil_moisture,35.0,2025-11-11 05:00:00
10115,310,temperature,27.8,2025-12-23 12:00:00
10116,372,rainfall,0.0,2025-10-29 15:00:00
10117,391,humidity,60.52,2025-06-26 10:00:00
10118,9,temperature,33.56,2025-09-20 05:00:00
10119,419,rainfall,32.89,2025-09-24 20:00:00
10120,168,temperature,24.28,2026-03-28 03:00:00
10121,140,rainfall,0.0,2025-09-13 13:00:00
10122,16,soil_moisture,38.9,2025-08-20 01:00:00
10123,442,temperature,35.63,2025-10-15 16:00:00
10124,74,soil_moisture,38.48,2025-10-24 01:00:00
10125,293,humidity,42.11,2026-02-08 22:00:00
10126,318,humidity,37.6,2026-04-04 17:00:00
10127,7,soil_moisture,41.02,2025-12-17 01:00:00
10128,310,rainfall,30.51,2025-12-23 13:00:00
10129,168,humidity,63.14,2026-03-27 22:00:00
10130,143,soil_moisture,31.05,2025-08-11 21:00:00
10131,49,humidity,48.71,2025-09-29 18:00:00
10132,1,rainfall,0.0,2026-03-01 21:00:00
10133,353,rainfall,45.42,2026-03-19 04:00:00
10134,5,temperature,32.27,2026-04-08 15:00:00
10135,351,rainfall,0.0,2026-02-12 05:00:00
10136,323,humidity,65.56,2025-07-26 01:00:00
10137,290,temperature,31.43,2026-02-26 19:00:00
10138,168,temperature,26.91,2026-03-28 15:00:00
10139,151,rainfall,0.0,2026-03-18 17:00:00
10140,327,humidity,65.53,2025-07-29 09:00:00
10141,233,humidity,62.07,2025-12-15 04:00:00
10142,147,temperature,27.74,2026-03-11 04:00:00
10143,123,soil_moisture,39.68,2025-11-15 15:00:00
10144,298,temperature,32.13,2025-09-11 08:00:00
10145,161,soil_moisture,33.78,2026-01-07 07:00:00
10146,306,rainfall,0.0,2025-12-29 10:00:00
10147,128,temperature,21.78,2025-07-10 14:00:00
10148,273,temperature,25.37,2026-01-06 02:00:00
10149,263,soil_moisture,32.04,2025-12-22 23:00:00
10150,413,rainfall,0.0,2026-01-14 16:00:00
10151,94,humidity,74.19,2025-09-30 11:00:00
10152,72,soil_moisture,35.59,2025-08-20 05:00:00
10153,178,temperature,31.67,2025-12-16 07:00:00
10154,413,soil_moisture,43.8,2026-01-12 07:00:00
10155,227,humidity,73.07,2025-10-18 09:00:00
10156,303,soil_moisture,25.63,2025-08-22 00:00:00
10157,382,rainfall,35.83,2025-07-31 00:00:00
10158,197,humidity,42.65,2026-03-16 21:00:00
10159,322,soil_moisture,26.18,2026-01-17 00:00:00
10160,303,humidity,51.49,2025-08-22 01:00:00
10161,238,rainfall,0.0,2025-11-25 23:00:00
10162,105,temperature,24.89,2026-01-28 05:00:00
10163,24,humidity,51.94,2026-03-05 23:00:00
10164,288,rainfall,0.0,2025-07-07 02:00:00
10165,10,humidity,43.69,2026-03-28 10:00:00
10166,134,soil_moisture,41.96,2026-01-07 12:00:00
10167,113,soil_moisture,36.51,2025-07-28 17:00:00
10168,5,soil_moisture,27.34,2026-04-08 17:00:00
10169,306,rainfall,0.0,2025-12-30 05:00:00
10170,24,humidity,45.2,2026-03-04 21:00:00
10171,70,rainfall,39.41,2025-12-11 09:00:00
10172,342,soil_moisture,34.38,2026-03-29 06:00:00
10173,362,soil_moisture,18.62,2026-04-19 04:00:00
10174,300,temperature,27.68,2025-10-26 04:00:00
10175,157,soil_moisture,32.22,2026-01-20 06:00:00
10176,229,soil_moisture,39.17,2025-11-11 04:00:00
10177,222,rainfall,0.0,2025-10-17 16:00:00
10178,335,humidity,70.44,2025-09-05 14:00:00
10179,90,humidity,72.24,2025-08-19 11:00:00
10180,161,humidity,33.16,2026-01-08 05:00:00
10181,323,temperature,22.38,2025-07-25 20:00:00
10182,425,humidity,70.99,2025-09-08 14:00:00
10183,94,soil_moisture,31.6,2025-09-29 01:00:00
10184,161,rainfall,0.0,2026-01-07 01:00:00
10185,191,rainfall,0.0,2026-04-07 16:00:00
10186,24,soil_moisture,33.55,2026-03-05 23:00:00
10187,13,humidity,70.84,2025-11-01 12:00:00
10188,437,humidity,63.56,2025-10-03 15:00:00
10189,66,humidity,43.43,2026-01-06 13:00:00
10190,384,soil_moisture,21.53,2025-08-18 00:00:00
10191,449,rainfall,0.0,2025-09-15 08:00:00
10192,157,soil_moisture,26.95,2026-01-21 07:00:00
10193,117,temperature,28.73,2025-08-21 03:00:00
10194,4,temperature,30.74,2026-04-11 20:00:00
10195,283,soil_moisture,42.29,2026-02-21 09:00:00
10196,391,rainfall,0.0,2025-06-26 18:00:00
10197,413,temperature,29.65,2026-01-13 05:00:00
10198,411,humidity,63.94,2025-08-24 21:00:00
10199,331,temperature,23.25,2026-04-09 19:00:00
10200,442,soil_moisture,44.26,2025-10-15 03:00:00
10201,292,humidity,54.95,2025-09-25 20:00:00
10202,449,soil_moisture,40.95,2025-09-15 05:00:00
10203,125,rainfall,55.48,2025-11-20 13:00:00
10204,287,soil_moisture,45.61,2026-04-04 05:00:00
10205,440,temperature,29.49,2025-07-10 18:00:00
10206,201,humidity,66.85,2026-03-31 14:00:00
10207,377,rainfall,0.0,2025-07-11 22:00:00
10208,192,rainfall,0.0,2026-01-20 13:00:00
10209,28,rainfall,0.0,2025-07-10 02:00:00
10210,77,temperature,20.51,2026-03-27 15:00:00
10211,29,temperature,31.18,2026-01-19 20:00:00
10212,1,humidity,62.22,2026-03-01 01:00:00
10213,134,soil_moisture,45.29,2026-01-07 05:00:00
10214,295,humidity,62.02,2026-04-12 09:00:00
10215,48,soil_moisture,46.45,2025-12-30 08:00:00
10216,288,humidity,65.64,2025-07-07 12:00:00
10217,361,temperature,24.27,2025-10-20 04:00:00
10218,163,humidity,52.76,2025-07-04 15:00:00
10219,196,soil_moisture,44.04,2026-02-16 00:00:00
10220,1,temperature,29.0,2026-03-02 06:00:00
10221,294,humidity,50.27,2026-01-05 11:00:00
10222,331,rainfall,23.32,2026-04-09 18:00:00
10223,77,humidity,48.98,2026-03-27 23:00:00
10224,17,rainfall,0.0,2025-07-19 03:00:00
10225,361,soil_moisture,30.94,2025-10-18 10:00:00
10226,283,temperature,26.88,2026-02-21 06:00:00
10227,46,humidity,76.88,2025-09-20 06:00:00
10228,295,temperature,26.01,2026-04-11 15:00:00
10229,273,humidity,59.59,2026-01-07 04:00:00
10230,238,soil_moisture,33.6,2025-11-24 01:00:00
10231,235,soil_moisture,43.54,2026-03-31 19:00:00
10232,361,temperature,-99.0,2025-10-18 07:00:00
10233,353,temperature,20.07,2026-03-20 08:00:00
10234,298,rainfall,0.0,2025-09-12 21:00:00
10235,371,soil_moisture,15.85,2026-03-30 07:00:00
10236,385,rainfall,0.0,2026-03-22 11:00:00
10237,323,rainfall,0.0,2025-07-26 09:00:00
10238,65,temperature,27.54,2025-07-08 19:00:00
10239,13,rainfall,28.07,2025-11-02 16:00:00
10240,222,soil_moisture,45.52,2025-10-16 11:00:00
10241,159,rainfall,0.0,2025-09-19 04:00:00
10242,94,humidity,75.2,2025-09-30 03:00:00
10243,446,soil_moisture,48.28,2026-04-20 18:00:00
10244,295,rainfall,0.0,2026-04-10 23:00:00
10245,72,soil_moisture,43.8,2025-08-21 14:00:00
10246,424,rainfall,0.0,2026-01-06 13:00:00
10247,161,humidity,38.34,2026-01-06 07:00:00
10248,82,humidity,46.83,2026-02-20 08:00:00
10249,49,rainfall,0.0,2025-09-29 10:00:00
10250,391,rainfall,0.0,2025-06-27 21:00:00
10251,171,soil_moisture,36.98,2026-01-17 17:00:00
10252,421,humidity,44.93,2025-07-11 01:00:00
10253,255,temperature,23.98,2025-11-03 09:00:00
10254,190,humidity,47.88,2026-02-09 08:00:00
10255,190,rainfall,0.0,2026-02-09 12:00:00
10256,204,temperature,35.7,2025-08-25 10:00:00
10257,66,humidity,39.4,2026-01-08 00:00:00
10258,18,rainfall,0.0,2026-03-15 13:00:00
10259,70,soil_moisture,31.97,2025-12-09 22:00:00
10260,447,soil_moisture,30.26,2025-09-20 08:00:00
10261,212,temperature,28.19,2025-11-18 02:00:00
10262,168,humidity,69.04,2026-03-27 20:00:00
10263,55,humidity,65.41,2025-08-31 11:00:00
10264,90,humidity,58.42,2025-08-19 03:00:00
10265,367,humidity,48.59,2025-11-22 11:00:00
10266,17,soil_moisture,27.98,2025-07-20 08:00:00
10267,170,soil_moisture,39.16,2025-07-03 11:00:00
10268,311,humidity,45.24,2025-10-07 09:00:00
10269,169,humidity,58.68,2026-03-23 17:00:00
10270,146,soil_moisture,39.78,2025-08-15 03:00:00
10271,135,soil_moisture,38.07,2025-12-06 18:00:00
10272,425,soil_moisture,28.72,2025-09-09 18:00:00
10273,377,humidity,45.45,2025-07-13 03:00:00
10274,136,rainfall,0.0,2025-11-10 19:00:00
10275,346,rainfall,0.0,2025-09-25 09:00:00
10276,65,humidity,70.25,2025-07-08 21:00:00
10277,449,soil_moisture,39.61,2025-09-15 07:00:00
10278,196,temperature,23.04,2026-02-15 05:00:00
10279,368,temperature,21.37,2026-03-05 01:00:00
10280,129,rainfall,0.0,2026-04-19 13:00:00
10281,129,soil_moisture,29.01,2026-04-21 01:00:00
10282,208,temperature,31.85,2026-01-16 05:00:00
10283,115,rainfall,0.0,2025-10-26 15:00:00
10284,368,rainfall,0.0,2026-03-04 21:00:00
10285,5,soil_moisture,25.62,2026-04-07 10:00:00
10286,428,temperature,25.27,2026-02-01 05:00:00
10287,377,rainfall,0.0,2025-07-12 14:00:00
10288,436,soil_moisture,30.39,2026-02-11 11:00:00
10289,97,rainfall,0.0,2026-02-15 09:00:00
10290,204,humidity,61.46,2025-08-24 15:00:00
10291,340,rainfall,0.0,2025-12-25 08:00:00
10292,197,temperature,30.47,2026-03-16 09:00:00
10293,223,humidity,70.93,2025-12-14 04:00:00
10294,13,soil_moisture,41.31,2025-11-02 11:00:00
10295,419,humidity,49.64,2025-09-25 11:00:00
10296,171,rainfall,25.29,2026-01-16 19:00:00
10297,177,humidity,58.71,2026-03-13 15:00:00
10298,227,rainfall,42.21,2025-10-18 09:00:00
10299,16,temperature,24.96,2025-08-19 13:00:00
10300,201,rainfall,0.0,2026-03-30 13:00:00
10301,220,rainfall,0.0,2026-01-29 09:00:00
10302,178,temperature,36.7,2025-12-16 05:00:00
10303,384,humidity,51.2,2025-08-16 11:00:00
10304,128,rainfall,53.52,2025-07-11 07:00:00
10305,382,soil_moisture,43.27,2025-07-31 02:00:00
10306,180,soil_moisture,39.04,2025-12-25 08:00:00
10307,123,rainfall,0.0,2025-11-15 17:00:00
10308,163,soil_moisture,44.61,2025-07-04 16:00:00
10309,135,humidity,63.1,2025-12-07 05:00:00
10310,30,rainfall,33.19,2025-08-19 16:00:00
10311,178,soil_moisture,31.17,2025-12-15 16:00:00
10312,381,humidity,44.83,2025-10-25 11:00:00
10313,177,humidity,57.73,2026-03-13 11:00:00
10314,431,rainfall,0.0,2025-07-03 06:00:00
10315,272,rainfall,30.67,2025-12-03 02:00:00
10316,386,temperature,29.03,2026-04-04 08:00:00
10317,331,soil_moisture,38.57,2026-04-11 17:00:00
10318,163,rainfall,0.0,2025-07-04 13:00:00
10319,66,humidity,42.84,2026-01-06 15:00:00
10320,212,temperature,25.19,2025-11-16 15:00:00
10321,99,rainfall,40.45,2025-10-08 15:00:00
10322,61,humidity,47.93,2026-02-05 07:00:00
10323,446,temperature,30.03,2026-04-20 18:00:00
10324,90,temperature,33.63,2025-08-19 01:00:00
10325,89,rainfall,39.8,2026-02-27 07:00:00
10326,222,soil_moisture,40.36,2025-10-16 01:00:00
10327,362,temperature,20.77,2026-04-17 22:00:00
10328,76,humidity,64.5,2026-04-15 06:00:00
10329,16,temperature,24.56,2025-08-18 21:00:00
10330,193,rainfall,33.04,2026-03-18 07:00:00
10331,401,rainfall,51.12,2025-12-09 10:00:00
10332,268,temperature,24.9,2025-12-24 15:00:00
10333,148,soil_moisture,47.0,2025-12-02 19:00:00
10334,343,soil_moisture,49.48,2026-01-13 01:00:00
10335,356,temperature,32.46,2025-12-12 14:00:00
10336,24,soil_moisture,41.65,2026-03-04 10:00:00
10337,311,rainfall,0.0,2025-10-09 00:00:00
10338,285,soil_moisture,28.66,2025-09-06 19:00:00
10339,444,temperature,30.01,2025-12-11 13:00:00
10340,160,soil_moisture,35.02,2026-04-14 23:00:00
10341,186,rainfall,0.0,2026-01-29 01:00:00
10342,272,soil_moisture,38.67,2025-12-03 13:00:00
10343,5,rainfall,0.0,2026-04-07 10:00:00
10344,185,soil_moisture,41.41,2026-03-05 20:00:00
10345,36,humidity,50.93,2026-03-19 13:00:00
10346,372,rainfall,62.23,2025-10-29 14:00:00
10347,282,temperature,29.39,2026-01-10 14:00:00
10348,215,temperature,17.76,2026-03-14 09:00:00
10349,170,soil_moisture,37.48,2025-07-04 22:00:00
10350,77,rainfall,0.0,2026-03-27 16:00:00
10351,59,humidity,69.42,2025-12-08 07:00:00
10352,273,rainfall,0.0,2026-01-07 08:00:00
10353,191,temperature,33.94,2026-04-08 05:00:00
10354,72,temperature,23.84,2025-08-20 16:00:00
10355,330,humidity,58.18,2025-10-01 18:00:00
10356,44,temperature,27.92,2025-10-08 07:00:00
10357,255,rainfall,0.0,2025-11-03 06:00:00
10358,178,humidity,65.66,2025-12-15 04:00:00
10359,384,temperature,28.26,2025-08-17 17:00:00
10360,71,temperature,32.08,2025-10-01 21:00:00
10361,9,soil_moisture,38.32,2025-09-19 20:00:00
10362,305,rainfall,32.63,2025-06-27 02:00:00
10363,318,humidity,41.54,2026-04-05 15:00:00
10364,376,humidity,55.0,2025-09-14 10:00:00
10365,212,soil_moisture,34.65,2025-11-16 13:00:00
10366,285,temperature,30.2,2025-09-06 06:00:00
10367,43,rainfall,41.13,2025-09-13 07:00:00
10368,372,soil_moisture,35.04,2025-10-28 12:00:00
10369,403,temperature,33.61,2025-11-06 06:00:00
10370,125,rainfall,61.96,2025-11-21 15:00:00
10371,205,humidity,70.04,2025-12-25 10:00:00
10372,233,soil_moisture,26.5,2025-12-14 23:00:00
10373,322,soil_moisture,22.95,2026-01-17 11:00:00
10374,240,temperature,22.4,2026-04-23 14:00:00
10375,386,rainfall,0.0,2026-04-04 11:00:00
10376,298,soil_moisture,40.02,2025-09-13 00:00:00
10377,136,soil_moisture,32.96,2025-11-11 01:00:00
10378,293,soil_moisture,41.5,2026-02-08 20:00:00
10379,43,temperature,20.07,2025-09-13 10:00:00
10380,427,humidity,57.17,2025-07-10 03:00:00
10381,76,humidity,61.95,2026-04-16 04:00:00
10382,18,soil_moisture,31.48,2026-03-17 22:00:00
10383,368,humidity,60.58,2026-03-06 06:00:00
10384,305,rainfall,38.56,2025-06-27 19:00:00
10385,201,humidity,62.09,2026-03-30 01:00:00
10386,114,soil_moisture,28.6,2026-04-19 02:00:00
10387,292,temperature,25.37,2025-09-25 06:00:00
10388,215,humidity,46.52,2026-03-15 16:00:00
10389,223,soil_moisture,27.91,2025-12-15 21:00:00
10390,331,humidity,41.02,2026-04-10 09:00:00
10391,419,rainfall,0.0,2025-09-25 18:00:00
10392,391,rainfall,0.0,2025-06-27 12:00:00
10393,227,rainfall,0.0,2025-10-16 04:00:00
10394,436,soil_moisture,21.51,2026-02-11 12:00:00
10395,74,humidity,55.24,2025-10-22 07:00:00
10396,311,humidity,49.58,2025-10-08 11:00:00
10397,126,humidity,61.33,2025-08-18 11:00:00
10398,140,soil_moisture,46.47,2025-09-13 23:00:00
10399,10,humidity,37.31,2026-03-28 06:00:00
10400,255,humidity,59.71,2025-11-04 01:00:00
10401,419,soil_moisture,30.21,2025-09-24 17:00:00
10402,105,soil_moisture,38.36,2026-01-28 18:00:00
10403,277,rainfall,0.0,2025-09-11 10:00:00
10404,296,rainfall,0.0,2025-08-21 10:00:00
10405,99,temperature,33.04,2025-10-09 23:00:00
10406,295,rainfall,0.0,2026-04-10 01:00:00
10407,114,temperature,26.0,2026-04-20 16:00:00
10408,335,temperature,25.84,2025-09-04 02:00:00
10409,135,humidity,67.59,2025-12-06 17:00:00
10410,126,humidity,54.62,2025-08-18 17:00:00
10411,65,humidity,73.19,2025-07-09 01:00:00
10412,71,soil_moisture,45.28,2025-10-02 18:00:00
10413,282,temperature,28.88,2026-01-09 07:00:00
10414,17,humidity,58.26,2025-07-20 06:00:00
10415,331,soil_moisture,43.9,2026-04-10 21:00:00
10416,402,soil_moisture,25.81,2026-03-28 04:00:00
10417,122,soil_moisture,42.0,2025-12-22 11:00:00
10418,260,rainfall,0.0,2025-09-21 18:00:00
10419,65,soil_moisture,46.28,2025-07-08 12:00:00
10420,1,temperature,26.8,2026-03-01 16:00:00
10421,210,soil_moisture,45.56,2025-11-04 23:00:00
10422,370,soil_moisture,31.96,2025-07-09 17:00:00
10423,411,temperature,27.26,2025-08-24 14:00:00
10424,427,soil_moisture,30.53,2025-07-09 07:00:00
10425,29,humidity,43.42,2026-01-20 09:00:00
10426,30,humidity,63.71,2025-08-19 14:00:00
10427,59,temperature,25.87,2025-12-10 01:00:00
10428,386,soil_moisture,39.43,2026-04-05 19:00:00
10429,123,rainfall,0.0,2025-11-16 03:00:00
10430,370,rainfall,0.0,2025-07-08 15:00:00
10431,371,rainfall,27.59,2026-03-30 07:00:00
10432,136,rainfall,0.0,2025-11-12 10:00:00
10433,72,soil_moisture,46.91,2025-08-21 18:00:00
10434,205,temperature,27.06,2025-12-24 20:00:00
10435,448,soil_moisture,37.11,2025-12-13 09:00:00
10436,324,humidity,63.19,2026-01-26 06:00:00
10437,126,temperature,36.75,2025-08-18 15:00:00
10438,71,humidity,47.32,2025-10-02 04:00:00
10439,148,soil_moisture,47.61,2025-12-02 17:00:00
10440,114,rainfall,18.18,2026-04-19 09:00:00
10441,222,rainfall,0.0,2025-10-15 19:00:00
10442,55,soil_moisture,35.86,2025-09-01 00:00:00
10443,192,soil_moisture,34.69,2026-01-19 14:00:00
10444,437,rainfall,57.63,2025-10-05 05:00:00
10445,201,rainfall,0.0,2026-04-01 12:00:00
10446,99,humidity,37.6,2025-10-09 14:00:00
10447,72,rainfall,0.0,2025-08-20 08:00:00
10448,59,humidity,76.02,2025-12-10 03:00:00
10449,123,soil_moisture,34.13,2025-11-16 12:00:00
10450,272,humidity,60.46,2025-12-02 02:00:00
10451,24,rainfall,0.0,2026-03-04 20:00:00
10452,160,temperature,29.25,2026-04-14 16:00:00
10453,30,rainfall,0.0,2025-08-20 10:00:00
10454,140,humidity,45.1,2025-09-12 17:00:00
10455,36,humidity,44.92,2026-03-20 00:00:00
10456,277,rainfall,0.0,2025-09-10 06:00:00
10457,260,rainfall,41.65,2025-09-21 02:00:00
10458,303,soil_moisture,33.94,2025-08-21 22:00:00
10459,402,temperature,32.14,2026-03-29 23:00:00
10460,55,temperature,27.92,2025-08-31 09:00:00
10461,50,soil_moisture,34.75,2026-03-10 15:00:00
10462,82,soil_moisture,34.35,2026-02-22 06:00:00
10463,49,rainfall,0.0,2025-09-29 03:00:00
10464,211,rainfall,38.21,2026-02-02 16:00:00
10465,71,temperature,31.96,2025-10-01 06:00:00
10466,105,soil_moisture,40.69,2026-01-27 20:00:00
10467,61,soil_moisture,41.26,2026-02-06 05:00:00
10468,287,temperature,21.71,2026-04-05 01:00:00
10469,364,temperature,34.96,2025-12-21 16:00:00
10470,50,humidity,46.71,2026-03-10 22:00:00
10471,331,humidity,44.67,2026-04-10 16:00:00
10472,167,rainfall,0.0,2025-12-24 17:00:00
10473,72,soil_moisture,42.1,2025-08-21 17:00:00
10474,205,temperature,25.63,2025-12-24 13:00:00
10475,103,rainfall,0.0,2026-01-09 20:00:00
10476,427,soil_moisture,30.21,2025-07-09 10:00:00
10477,403,rainfall,49.24,2025-11-06 14:00:00
10478,298,rainfall,0.0,2025-09-11 17:00:00
10479,129,soil_moisture,30.4,2026-04-19 20:00:00
10480,282,humidity,68.42,2026-01-09 02:00:00
10481,70,temperature,27.69,2025-12-09 21:00:00
10482,82,temperature,22.35,2026-02-21 05:00:00
10483,29,rainfall,0.0,2026-01-18 21:00:00
10484,396,temperature,28.62,2025-07-05 15:00:00
10485,364,humidity,65.69,2025-12-21 03:00:00
10486,215,temperature,19.83,2026-03-14 15:00:00
10487,105,temperature,24.08,2026-01-28 19:00:00
10488,447,humidity,57.61,2025-09-19 05:00:00
10489,341,soil_moisture,44.18,2025-11-25 17:00:00
10490,340,temperature,31.57,2025-12-26 22:00:00
10491,425,soil_moisture,31.58,2025-09-08 14:00:00
10492,298,temperature,26.74,2025-09-12 22:00:00
10493,321,temperature,27.87,2025-09-12 00:00:00
10494,384,rainfall,0.0,2025-08-18 02:00:00
10495,226,temperature,33.82,2026-04-22 18:00:00
10496,49,soil_moisture,33.4,2025-09-30 15:00:00
10497,122,humidity,68.5,2025-12-22 02:00:00
10498,171,rainfall,29.04,2026-01-15 06:00:00
10499,215,temperature,20.42,2026-03-15 17:00:00
10500,211,soil_moisture,25.58,2026-02-02 08:00:00
10501,1,rainfall,0.0,2026-03-01 08:00:00
10502,235,soil_moisture,35.47,2026-03-31 09:00:00
10503,44,temperature,30.11,2025-10-06 05:00:00
10504,105,soil_moisture,42.11,2026-01-28 06:00:00
10505,7,soil_moisture,38.68,2025-12-17 02:00:00
10506,82,temperature,26.14,2026-02-22 17:00:00
10507,89,rainfall,0.0,2026-02-26 19:00:00
10508,323,temperature,23.29,2025-07-25 10:00:00
10509,403,humidity,53.29,2025-11-06 09:00:00
10510,50,temperature,21.46,2026-03-09 12:00:00
10511,342,temperature,22.74,2026-03-28 23:00:00
10512,53,humidity,44.71,2026-03-03 17:00:00
10513,185,rainfall,44.17,2026-03-04 06:00:00
10514,382,soil_moisture,45.07,2025-07-31 10:00:00
10515,335,soil_moisture,39.98,2025-09-05 16:00:00
10516,115,humidity,60.73,2025-10-26 09:00:00
10517,28,soil_moisture,46.37,2025-07-11 11:00:00
10518,210,humidity,68.46,2025-11-04 16:00:00
10519,82,humidity,37.37,2026-02-21 02:00:00
10520,143,soil_moisture,28.12,2025-08-11 01:00:00
10521,169,humidity,60.25,2026-03-23 20:00:00
10522,323,rainfall,0.0,2025-07-25 14:00:00
10523,340,rainfall,0.0,2025-12-25 04:00:00
10524,148,rainfall,42.32,2025-12-02 13:00:00
10525,222,rainfall,0.0,2025-10-16 02:00:00
10526,431,humidity,59.39,2025-07-02 08:00:00
10527,136,rainfall,0.0,2025-11-10 23:00:00
10528,178,temperature,32.28,2025-12-15 06:00:00
10529,372,temperature,30.81,2025-10-28 07:00:00
10530,367,temperature,31.66,2025-11-22 15:00:00
10531,76,temperature,25.37,2026-04-17 06:00:00
10532,192,rainfall,0.0,2026-01-19 08:00:00
10533,233,rainfall,0.0,2025-12-15 05:00:00
10534,290,soil_moisture,22.87,2026-02-26 19:00:00
10535,136,rainfall,0.0,2025-11-10 10:00:00
10536,184,humidity,44.03,2026-01-06 18:00:00
10537,326,soil_moisture,24.37,2026-03-27 12:00:00
10538,257,temperature,31.49,2025-07-03 03:00:00
10539,364,rainfall,61.5,2025-12-21 18:00:00
10540,169,humidity,57.75,2026-03-22 14:00:00
10541,428,soil_moisture,47.67,2026-01-30 06:00:00
10542,323,soil_moisture,35.42,2025-07-25 03:00:00
10543,177,soil_moisture,24.27,2026-03-12 17:00:00
10544,17,soil_moisture,32.53,2025-07-20 12:00:00
10545,310,soil_moisture,35.66,2025-12-22 01:00:00
10546,255,temperature,28.87,2025-11-02 14:00:00
10547,327,soil_moisture,41.8,2025-07-29 10:00:00
10548,133,temperature,24.1,2025-07-02 20:00:00
10549,36,humidity,50.51,2026-03-20 11:00:00
10550,343,rainfall,0.0,2026-01-13 15:00:00
10551,377,rainfall,0.0,2025-07-11 17:00:00
10552,385,rainfall,0.0,2026-03-23 05:00:00
10553,424,soil_moisture,28.5,2026-01-05 20:00:00
10554,210,temperature,31.92,2025-11-06 02:00:00
10555,311,humidity,48.4,2025-10-08 16:00:00
10556,147,temperature,28.75,2026-03-09 22:00:00
10557,16,soil_moisture,36.97,2025-08-18 21:00:00
10558,235,rainfall,0.0,2026-04-01 06:00:00
10559,94,soil_moisture,32.49,2025-09-28 12:00:00
10560,148,humidity,64.76,2025-12-02 05:00:00
10561,190,humidity,39.23,2026-02-09 15:00:00
10562,442,humidity,50.73,2025-10-15 00:00:00
10563,160,rainfall,0.0,2026-04-14 13:00:00
10564,6,temperature,27.25,2025-08-11 06:00:00
10565,70,rainfall,0.0,2025-12-10 12:00:00
10566,341,temperature,35.2,2025-11-25 11:00:00
10567,97,soil_moisture,29.07,2026-02-13 09:00:00
10568,196,temperature,24.27,2026-02-17 08:00:00
10569,65,soil_moisture,45.56,2025-07-09 20:00:00
10570,74,soil_moisture,37.07,2025-10-22 16:00:00
10571,73,humidity,77.78,2025-10-07 21:00:00
10572,32,humidity,63.6,2025-07-26 02:00:00
10573,192,soil_moisture,27.27,2026-01-20 12:00:00
10574,367,rainfall,0.0,2025-11-22 21:00:00
10575,185,soil_moisture,38.27,2026-03-04 03:00:00
10576,343,soil_moisture,45.07,2026-01-13 12:00:00
10577,362,humidity,52.57,2026-04-18 07:00:00
10578,384,rainfall,0.0,2025-08-17 10:00:00
10579,287,soil_moisture,46.73,2026-04-04 00:00:00
10580,353,rainfall,0.0,2026-03-18 16:00:00
10581,163,humidity,41.45,2025-07-04 02:00:00
10582,322,temperature,23.15,2026-01-18 03:00:00
10583,197,humidity,44.07,2026-03-15 19:00:00
10584,376,soil_moisture,44.52,2025-09-13 14:00:00
10585,238,humidity,72.0,2025-11-24 23:00:00
10586,323,humidity,59.79,2025-07-26 12:00:00
10587,122,humidity,70.51,2025-12-21 22:00:00
10588,431,soil_moisture,38.06,2025-07-01 02:00:00
10589,391,temperature,23.87,2025-06-27 03:00:00
10590,192,soil_moisture,36.76,2026-01-19 05:00:00
10591,294,humidity,46.67,2026-01-05 02:00:00
10592,419,humidity,53.74,2025-09-25 19:00:00
10593,55,soil_moisture,34.71,2025-09-03 00:00:00
10594,167,rainfall,0.0,2025-12-24 02:00:00
10595,368,humidity,60.86,2026-03-05 15:00:00
10596,103,rainfall,0.0,2026-01-08 11:00:00
10597,160,rainfall,43.72,2026-04-16 04:00:00
10598,437,rainfall,0.0,2025-10-04 02:00:00
10599,169,soil_moisture,39.5,2026-03-22 09:00:00
10600,147,soil_moisture,27.02,2026-03-09 08:00:00
10601,431,humidity,65.5,2025-07-02 17:00:00
10602,220,temperature,26.72,2026-01-30 09:00:00
10603,340,soil_moisture,26.41,2025-12-25 01:00:00
10604,330,humidity,71.6,2025-10-01 14:00:00
10605,367,temperature,32.0,2025-11-22 11:00:00
10606,77,rainfall,0.0,2026-03-27 20:00:00
10607,6,temperature,25.15,2025-08-11 22:00:00
10608,46,rainfall,41.58,2025-09-19 02:00:00
10609,356,temperature,31.4,2025-12-12 04:00:00
10610,311,rainfall,0.0,2025-10-08 03:00:00
10611,389,humidity,34.73,2026-03-17 06:00:00
10612,91,humidity,66.09,2026-02-22 20:00:00
10613,163,soil_moisture,37.39,2025-07-05 01:00:00
10614,65,soil_moisture,52.9,2025-07-08 17:00:00
10615,70,humidity,52.22,2025-12-09 15:00:00
10616,401,temperature,25.3,2025-12-10 03:00:00
10617,298,temperature,27.69,2025-09-14 08:00:00
10618,321,humidity,52.04,2025-09-10 12:00:00
10619,66,humidity,49.44,2026-01-08 02:00:00
10620,257,soil_moisture,23.46,2025-07-03 19:00:00
10621,91,soil_moisture,39.34,2026-02-24 07:00:00
10622,396,humidity,44.32,2025-07-04 17:00:00
10623,30,rainfall,0.0,2025-08-19 10:00:00
10624,137,humidity,42.75,2026-03-12 10:00:00
10625,148,rainfall,0.0,2025-12-03 10:00:00
10626,272,soil_moisture,44.08,2025-12-02 04:00:00
10627,44,temperature,30.32,2025-10-06 23:00:00
10628,362,rainfall,36.44,2026-04-18 00:00:00
10629,146,rainfall,0.0,2025-08-16 13:00:00
10630,17,temperature,31.82,2025-07-20 13:00:00
10631,165,soil_moisture,35.36,2025-07-02 10:00:00
10632,113,soil_moisture,40.54,2025-07-29 03:00:00
10633,447,soil_moisture,21.1,2025-09-19 04:00:00
10634,32,temperature,28.6,2025-07-26 08:00:00
10635,76,temperature,19.85,2026-04-16 17:00:00
10636,282,humidity,63.11,2026-01-09 22:00:00
10637,165,humidity,59.77,2025-07-01 16:00:00
10638,161,temperature,27.15,2026-01-07 18:00:00
10639,103,soil_moisture,28.61,2026-01-08 01:00:00
10640,24,soil_moisture,38.63,2026-03-04 06:00:00
10641,115,soil_moisture,30.66,2025-10-25 14:00:00
10642,293,rainfall,0.0,2026-02-09 10:00:00
10643,447,humidity,55.81,2025-09-18 07:00:00
10644,17,rainfall,0.0,2025-07-19 06:00:00
10645,146,rainfall,0.0,2025-08-16 22:00:00
10646,309,humidity,37.45,2026-04-07 19:00:00
10647,60,soil_moisture,28.47,2026-03-05 01:00:00
10648,115,rainfall,0.0,2025-10-25 23:00:00
10649,257,rainfall,26.37,2025-07-04 09:00:00
10650,180,humidity,57.68,2025-12-24 07:00:00
10651,77,rainfall,37.43,2026-03-26 11:00:00
10652,449,soil_moisture,34.58,2025-09-15 14:00:00
10653,391,temperature,25.81,2025-06-28 15:00:00
10654,260,temperature,33.35,2025-09-21 15:00:00
10655,191,temperature,32.64,2026-04-06 07:00:00
10656,322,humidity,61.92,2026-01-17 18:00:00
10657,82,temperature,26.49,2026-02-22 00:00:00
10658,288,soil_moisture,32.42,2025-07-07 07:00:00
10659,9,temperature,33.73,2025-09-19 13:00:00
10660,208,temperature,26.7,2026-01-15 16:00:00
10661,126,soil_moisture,31.15,2025-08-18 08:00:00
10662,205,rainfall,0.0,2025-12-26 05:00:00
10663,370,temperature,21.71,2025-07-08 14:00:00
10664,288,humidity,75.99,2025-07-08 00:00:00
10665,16,rainfall,0.0,2025-08-19 18:00:00
10666,327,rainfall,50.14,2025-07-30 01:00:00
10667,49,soil_moisture,36.16,2025-10-01 09:00:00
10668,94,rainfall,0.0,2025-09-28 21:00:00
10669,192,soil_moisture,29.94,2026-01-21 00:00:00
10670,59,soil_moisture,47.09,2025-12-09 21:00:00
10671,306,temperature,34.08,2025-12-30 05:00:00
10672,166,humidity,54.76,2025-12-01 00:00:00
10673,159,rainfall,0.0,2025-09-19 11:00:00
10674,143,temperature,36.68,2025-08-11 01:00:00
10675,354,rainfall,0.0,2026-03-06 20:00:00
10676,4,temperature,33.26,2026-04-11 08:00:00
10677,287,rainfall,0.0,2026-04-04 14:00:00
10678,137,rainfall,0.0,2026-03-14 07:00:00
10679,401,rainfall,0.0,2025-12-10 06:00:00
10680,55,rainfall,0.0,2025-08-31 19:00:00
10681,165,temperature,22.72,2025-06-30 03:00:00
10682,97,soil_moisture,31.91,2026-02-13 13:00:00
10683,356,humidity,68.47,2025-12-14 05:00:00
10684,425,humidity,65.72,2025-09-09 02:00:00
10685,170,soil_moisture,38.17,2025-07-03 03:00:00
10686,103,soil_moisture,25.37,2026-01-09 19:00:00
10687,298,temperature,29.04,2025-09-12 23:00:00
10688,60,humidity,42.82,2026-03-06 09:00:00
10689,59,rainfall,0.0,2025-12-09 00:00:00
10690,292,soil_moisture,38.5,2025-09-24 23:00:00
10691,298,temperature,32.02,2025-09-12 10:00:00
10692,61,soil_moisture,42.41,2026-02-06 04:00:00
10693,143,rainfall,0.0,2025-08-10 05:00:00
10694,5,temperature,32.02,2026-04-07 05:00:00
10695,444,rainfall,0.0,2025-12-13 06:00:00
10696,370,humidity,51.77,2025-07-10 06:00:00
10697,45,rainfall,0.0,2026-02-09 02:00:00
10698,222,rainfall,0.0,2025-10-15 11:00:00
10699,367,soil_moisture,37.4,2025-11-21 15:00:00
10700,6,rainfall,26.89,2025-08-12 21:00:00
10701,318,temperature,34.5,2026-04-05 08:00:00
10702,59,soil_moisture,49.15,2025-12-08 05:00:00
10703,220,temperature,25.47,2026-01-29 15:00:00
10704,233,soil_moisture,31.09,2025-12-15 11:00:00
10705,354,temperature,31.49,2026-03-08 10:00:00
10706,309,soil_moisture,29.16,2026-04-07 17:00:00
10707,191,rainfall,0.0,2026-04-06 11:00:00
10708,210,rainfall,0.0,2025-11-06 00:00:00
10709,201,soil_moisture,25.26,2026-03-30 08:00:00
10710,61,rainfall,0.0,2026-02-06 03:00:00
10711,220,rainfall,0.0,2026-01-29 06:00:00
10712,186,temperature,26.45,2026-01-28 22:00:00
10713,294,soil_moisture,29.39,2026-01-03 18:00:00
10714,219,rainfall,0.0,2025-11-20 19:00:00
10715,370,humidity,54.04,2025-07-08 08:00:00
10716,122,soil_moisture,41.08,2025-12-23 05:00:00
10717,377,rainfall,0.0,2025-07-13 03:00:00
10718,208,temperature,27.5,2026-01-15 03:00:00
10719,431,temperature,32.61,2025-07-01 06:00:00
10720,36,soil_moisture,25.82,2026-03-18 09:00:00
10721,160,rainfall,0.0,2026-04-15 23:00:00
10722,167,rainfall,0.0,2025-12-23 20:00:00
10723,126,temperature,34.28,2025-08-19 12:00:00
10724,170,temperature,29.67,2025-07-03 21:00:00
10725,260,soil_moisture,34.85,2025-09-21 12:00:00
10726,78,rainfall,48.9,2025-09-26 19:00:00
10727,151,temperature,24.31,2026-03-17 00:00:00
10728,50,humidity,42.02,2026-03-09 06:00:00
10729,326,humidity,48.9,2026-03-26 22:00:00
10730,13,temperature,24.54,2025-11-02 08:00:00
10731,137,rainfall,0.0,2026-03-12 02:00:00
10732,59,humidity,70.5,2025-12-09 12:00:00
10733,346,humidity,60.79,2025-09-24 13:00:00
10734,82,rainfall,0.0,2026-02-21 10:00:00
10735,381,humidity,43.22,2025-10-24 22:00:00
10736,169,temperature,24.6,2026-03-22 23:00:00
10737,368,humidity,69.43,2026-03-05 16:00:00
10738,444,rainfall,24.87,2025-12-11 12:00:00
10739,294,soil_moisture,22.47,2026-01-05 14:00:00
10740,263,rainfall,50.85,2025-12-22 13:00:00
10741,60,soil_moisture,27.29,2026-03-06 21:00:00
10742,382,humidity,54.74,2025-07-30 02:00:00
10743,292,temperature,28.55,2025-09-25 08:00:00
10744,166,temperature,30.46,2025-11-29 20:00:00
10745,324,soil_moisture,20.14,2026-01-25 22:00:00
10746,376,temperature,26.77,2025-09-13 06:00:00
10747,326,soil_moisture,20.98,2026-03-27 18:00:00
10748,142,humidity,73.38,2025-11-15 08:00:00
10749,128,rainfall,0.0,2025-07-09 14:00:00
10750,351,rainfall,0.0,2026-02-13 23:00:00
10751,103,humidity,44.15,2026-01-08 06:00:00
10752,74,humidity,38.56,2025-10-23 11:00:00
10753,147,rainfall,38.34,2026-03-09 01:00:00
10754,180,temperature,28.66,2025-12-24 03:00:00
10755,356,temperature,31.37,2025-12-13 11:00:00
10756,263,rainfall,51.76,2025-12-21 10:00:00
10757,61,soil_moisture,46.6,2026-02-06 08:00:00
10758,300,soil_moisture,30.77,2025-10-25 20:00:00
10759,233,rainfall,47.21,2025-12-15 04:00:00
10760,362,rainfall,0.0,2026-04-19 05:00:00
10761,211,humidity,61.4,2026-02-02 14:00:00
10762,163,rainfall,27.65,2025-07-04 19:00:00
10763,159,soil_moisture,21.95,2025-09-19 21:00:00
10764,402,soil_moisture,30.28,2026-03-28 13:00:00
10765,362,humidity,57.01,2026-04-18 08:00:00
10766,89,soil_moisture,39.04,2026-02-27 08:00:00
10767,449,rainfall,0.0,2025-09-17 01:00:00
10768,361,rainfall,0.0,2025-10-20 18:00:00
10769,293,temperature,18.25,2026-02-08 13:00:00
10770,386,soil_moisture,39.67,2026-04-05 04:00:00
10771,421,humidity,44.44,2025-07-12 05:00:00
10772,71,rainfall,0.0,2025-10-01 11:00:00
10773,327,temperature,24.21,2025-07-28 05:00:00
10774,306,soil_moisture,39.7,2025-12-30 17:00:00
10775,70,temperature,28.04,2025-12-09 03:00:00
10776,272,temperature,27.85,2025-12-04 09:00:00
10777,295,humidity,56.11,2026-04-13 00:00:00
10778,306,soil_moisture,41.76,2025-12-29 23:00:00
10779,191,humidity,64.96,2026-04-08 00:00:00
10780,178,humidity,57.7,2025-12-15 05:00:00
10781,191,temperature,32.3,2026-04-07 02:00:00
10782,136,temperature,31.94,2025-11-11 10:00:00
10783,50,temperature,16.55,2026-03-09 20:00:00
10784,424,humidity,39.29,2026-01-05 09:00:00
10785,235,humidity,56.57,2026-03-31 13:00:00
10786,376,humidity,59.88,2025-09-14 17:00:00
10787,208,temperature,27.77,2026-01-15 04:00:00
10788,238,temperature,27.26,2025-11-25 06:00:00
10789,77,soil_moisture,21.4,2026-03-26 23:00:00
10790,233,rainfall,0.0,2025-12-15 14:00:00
10791,53,humidity,39.83,2026-03-03 08:00:00
10792,24,rainfall,0.0,2026-03-04 21:00:00
10793,263,temperature,23.99,2025-12-22 14:00:00
10794,70,rainfall,25.92,2025-12-09 14:00:00
10795,382,rainfall,0.0,2025-07-31 10:00:00
10796,326,soil_moisture,22.98,2026-03-28 05:00:00
10797,186,rainfall,0.0,2026-01-27 18:00:00
10798,191,humidity,54.21,2026-04-07 19:00:00
10799,446,temperature,28.31,2026-04-20 01:00:00
10800,322,temperature,23.82,2026-01-17 02:00:00
10801,205,temperature,27.32,2025-12-26 01:00:00
10802,140,rainfall,0.0,2025-09-12 23:00:00
10803,272,humidity,61.15,2025-12-02 11:00:00
10804,300,soil_moisture,32.18,2025-10-26 13:00:00
10805,290,temperature,29.2,2026-02-26 10:00:00
10806,196,soil_moisture,44.57,2026-02-16 07:00:00
10807,351,humidity,50.13,2026-02-12 14:00:00
10808,421,humidity,46.3,2025-07-12 22:00:00
10809,147,soil_moisture,26.61,2026-03-08 18:00:00
10810,310,humidity,68.17,2025-12-23 04:00:00
10811,361,soil_moisture,22.6,2025-10-18 13:00:00
10812,346,temperature,34.92,2025-09-25 20:00:00
10813,46,rainfall,0.0,2025-09-19 13:00:00
10814,391,humidity,55.02,2025-06-26 22:00:00
10815,220,temperature,22.85,2026-01-30 06:00:00
10816,211,temperature,22.55,2026-02-04 03:00:00
10817,196,rainfall,36.98,2026-02-15 14:00:00
10818,431,humidity,66.92,2025-07-01 01:00:00
10819,233,humidity,55.2,2025-12-15 19:00:00
10820,401,humidity,50.99,2025-12-10 05:00:00
10821,370,humidity,51.76,2025-07-09 07:00:00
10822,9,humidity,62.08,2025-09-21 11:00:00
10823,240,temperature,25.91,2026-04-21 16:00:00
10824,77,humidity,56.13,2026-03-27 00:00:00
10825,115,soil_moisture,40.64,2025-10-26 00:00:00
10826,287,rainfall,0.0,2026-04-04 21:00:00
10827,143,soil_moisture,33.97,2025-08-11 06:00:00
10828,340,rainfall,0.0,2025-12-25 13:00:00
10829,114,soil_moisture,33.9,2026-04-19 07:00:00
10830,30,humidity,57.85,2025-08-19 18:00:00
10831,185,temperature,34.55,2026-03-05 09:00:00
10832,117,humidity,41.64,2025-08-22 16:00:00
10833,257,temperature,29.4,2025-07-05 06:00:00
10834,94,soil_moisture,31.71,2025-09-29 13:00:00
10835,90,soil_moisture,35.38,2025-08-20 06:00:00
10836,367,rainfall,37.32,2025-11-22 04:00:00
10837,381,rainfall,0.0,2025-10-24 06:00:00
10838,74,soil_moisture,38.91,2025-10-22 07:00:00
10839,233,rainfall,0.0,2025-12-14 13:00:00
10840,306,rainfall,0.0,2025-12-31 02:00:00
10841,212,soil_moisture,42.83,2025-11-17 15:00:00
10842,82,rainfall,0.0,2026-02-21 14:00:00
10843,431,soil_moisture,39.85,2025-07-01 04:00:00
10844,197,rainfall,25.96,2026-03-15 07:00:00
10845,210,temperature,31.91,2025-11-04 05:00:00
10846,43,temperature,24.11,2025-09-12 23:00:00
10847,113,rainfall,47.23,2025-07-29 11:00:00
10848,287,humidity,56.42,2026-04-04 08:00:00
10849,163,temperature,23.92,2025-07-03 01:00:00
10850,142,temperature,31.3,2025-11-17 17:00:00
10851,154,humidity,70.58,2025-08-20 11:00:00
10852,10,soil_moisture,36.51,2026-03-30 02:00:00
10853,370,temperature,22.52,2025-07-09 13:00:00
10854,361,soil_moisture,27.9,2025-10-20 00:00:00
10855,32,rainfall,36.36,2025-07-27 06:00:00
10856,30,temperature,20.71,2025-08-19 21:00:00
10857,154,rainfall,0.0,2025-08-22 09:00:00
10858,147,rainfall,0.0,2026-03-08 04:00:00
10859,55,rainfall,0.0,2025-09-02 09:00:00
10860,43,humidity,70.13,2025-09-14 12:00:00
10861,167,temperature,36.81,2025-12-24 23:00:00
10862,13,humidity,59.62,2025-11-01 15:00:00
10863,215,temperature,19.08,2026-03-14 12:00:00
10864,324,rainfall,0.0,2026-01-25 22:00:00
10865,71,rainfall,56.29,2025-10-01 16:00:00
10866,76,rainfall,0.0,2026-04-15 23:00:00
10867,376,humidity,53.09,2025-09-14 08:00:00
10868,318,soil_moisture,39.49,2026-04-05 14:00:00
10869,235,rainfall,0.0,2026-03-31 19:00:00
10870,370,soil_moisture,29.31,2025-07-09 16:00:00
10871,296,soil_moisture,41.26,2025-08-21 12:00:00
10872,196,rainfall,46.7,2026-02-16 20:00:00
10873,330,soil_moisture,30.16,2025-10-02 23:00:00
10874,169,humidity,58.71,2026-03-24 04:00:00
10875,442,rainfall,29.06,2025-10-14 07:00:00
10876,326,temperature,24.74,2026-03-27 00:00:00
10877,396,temperature,30.27,2025-07-05 06:00:00
10878,191,temperature,31.58,2026-04-07 12:00:00
10879,303,soil_moisture,32.53,2025-08-21 15:00:00
10880,310,humidity,69.8,2025-12-23 08:00:00
10881,385,rainfall,0.0,2026-03-22 02:00:00
10882,220,temperature,25.25,2026-01-29 16:00:00
10883,28,rainfall,37.46,2025-07-10 07:00:00
10884,283,rainfall,45.5,2026-02-22 20:00:00
10885,219,temperature,23.88,2025-11-19 20:00:00
10886,440,rainfall,0.0,2025-07-08 16:00:00
10887,403,rainfall,0.0,2025-11-06 07:00:00
10888,9,rainfall,0.0,2025-09-19 17:00:00
10889,354,temperature,32.82,2026-03-06 21:00:00
10890,431,humidity,60.83,2025-07-01 11:00:00
10891,219,temperature,25.53,2025-11-20 13:00:00
10892,76,humidity,66.75,2026-04-16 16:00:00
10893,311,temperature,24.0,2025-10-08 18:00:00
10894,165,rainfall,0.0,2025-06-30 19:00:00
10895,377,temperature,37.01,2025-07-11 08:00:00
10896,50,temperature,21.1,2026-03-11 02:00:00
10897,440,soil_moisture,38.97,2025-07-09 20:00:00
10898,444,temperature,30.24,2025-12-13 04:00:00
10899,71,humidity,42.8,2025-10-02 21:00:00
10900,411,soil_moisture,38.22,2025-08-23 05:00:00
10901,226,humidity,44.33,2026-04-21 18:00:00
10902,285,rainfall,0.0,2025-09-06 20:00:00
10903,260,rainfall,0.0,2025-09-22 20:00:00
10904,30,soil_moisture,37.21,2025-08-20 18:00:00
10905,90,temperature,33.62,2025-08-20 12:00:00
10906,5,humidity,33.96,2026-04-08 12:00:00
10907,427,humidity,58.72,2025-07-09 10:00:00
10908,161,soil_moisture,39.3,2026-01-08 04:00:00
10909,137,humidity,51.6,2026-03-13 17:00:00
10910,72,soil_moisture,41.2,2025-08-19 14:00:00
10911,53,humidity,39.09,2026-03-03 22:00:00
10912,147,soil_moisture,27.86,2026-03-10 02:00:00
10913,48,rainfall,0.0,2025-12-31 01:00:00
10914,129,rainfall,19.82,2026-04-20 15:00:00
10915,272,soil_moisture,38.67,2025-12-03 13:00:00
10916,327,humidity,58.47,2025-07-29 11:00:00
10917,402,temperature,31.71,2026-03-28 15:00:00
10918,17,humidity,44.92,2025-07-20 11:00:00
10919,135,soil_moisture,33.44,2025-12-06 13:00:00
10920,74,humidity,44.28,2025-10-22 18:00:00
10921,233,temperature,28.06,2025-12-14 20:00:00
10922,321,temperature,24.07,2025-09-12 01:00:00
10923,43,soil_moisture,36.61,2025-09-14 10:00:00
10924,294,temperature,29.0,2026-01-03 19:00:00
10925,229,temperature,32.98,2025-11-13 23:00:00
10926,82,rainfall,0.0,2026-02-20 15:00:00
10927,192,humidity,50.33,2026-01-20 00:00:00
10928,168,soil_moisture,26.68,2026-03-27 07:00:00
10929,444,temperature,25.26,2025-12-12 10:00:00
10930,6,rainfall,33.24,2025-08-11 21:00:00
10931,255,rainfall,0.0,2025-11-02 17:00:00
10932,295,temperature,19.95,2026-04-11 21:00:00
10933,114,rainfall,0.0,2026-04-20 13:00:00
10934,171,temperature,28.27,2026-01-16 05:00:00
10935,343,soil_moisture,39.12,2026-01-14 02:00:00
10936,159,rainfall,0.0,2025-09-19 15:00:00
10937,133,humidity,70.38,2025-07-03 21:00:00
10938,97,temperature,30.65,2026-02-15 03:00:00
10939,292,rainfall,0.0,2025-09-24 16:00:00
10940,44,humidity,51.33,2025-10-08 01:00:00
10941,70,soil_moisture,34.13,2025-12-10 07:00:00
10942,227,temperature,34.98,2025-10-16 15:00:00
10943,440,rainfall,39.25,2025-07-08 19:00:00
10944,340,soil_moisture,34.92,2025-12-25 12:00:00
10945,125,humidity,46.45,2025-11-22 04:00:00
10946,376,humidity,56.06,2025-09-14 16:00:00
10947,43,rainfall,0.0,2025-09-13 20:00:00
10948,235,humidity,54.36,2026-03-30 08:00:00
10949,268,rainfall,0.0,2025-12-25 19:00:00
10950,287,rainfall,0.0,2026-04-05 06:00:00
10951,413,soil_moisture,47.83,2026-01-14 07:00:00
10952,91,humidity,70.12,2026-02-22 11:00:00
10953,372,temperature,27.34,2025-10-28 02:00:00
10954,134,rainfall,0.0,2026-01-07 22:00:00
10955,193,temperature,26.89,2026-03-18 04:00:00
10956,273,temperature,25.01,2026-01-06 17:00:00
10957,411,rainfall,63.47,2025-08-23 06:00:00
10958,343,temperature,25.25,2026-01-13 16:00:00
10959,385,soil_moisture,21.05,2026-03-23 23:00:00
10960,70,temperature,30.33,2025-12-10 11:00:00
10961,273,humidity,59.54,2026-01-07 08:00:00
10962,105,rainfall,41.15,2026-01-29 05:00:00
10963,28,rainfall,0.0,2025-07-10 13:00:00
10964,389,temperature,33.84,2026-03-16 12:00:00
10965,362,soil_moisture,18.88,2026-04-18 22:00:00
10966,309,soil_moisture,29.85,2026-04-09 02:00:00
10967,370,humidity,56.63,2025-07-09 02:00:00
10968,18,humidity,40.75,2026-03-17 01:00:00
10969,113,temperature,28.27,2025-07-28 13:00:00
10970,142,rainfall,0.0,2025-11-17 08:00:00
10971,159,temperature,31.43,2025-09-19 03:00:00
10972,4,humidity,58.63,2026-04-11 04:00:00
10973,9,rainfall,0.0,2025-09-19 23:00:00
10974,419,soil_moisture,34.21,2025-09-25 08:00:00
10975,385,humidity,50.81,2026-03-22 03:00:00
10976,444,temperature,29.13,2025-12-11 10:00:00
10977,70,humidity,65.32,2025-12-10 07:00:00
10978,340,rainfall,0.0,2025-12-26 12:00:00
10979,159,rainfall,25.79,2025-09-19 14:00:00
10980,72,soil_moisture,44.0,2025-08-19 16:00:00
10981,196,soil_moisture,38.5,2026-02-16 15:00:00
10982,115,rainfall,0.0,2025-10-26 16:00:00
10983,186,humidity,67.52,2026-01-29 03:00:00
10984,283,temperature,25.7,2026-02-21 09:00:00
10985,184,temperature,29.22,2026-01-05 05:00:00
10986,76,temperature,22.11,2026-04-15 02:00:00
10987,136,humidity,59.38,2025-11-10 17:00:00
10988,74,temperature,25.74,2025-10-24 03:00:00
10989,193,temperature,25.29,2026-03-18 07:00:00
10990,386,rainfall,47.54,2026-04-05 00:00:00
10991,427,temperature,32.13,2025-07-10 06:00:00
10992,305,temperature,23.76,2025-06-26 01:00:00
10993,442,soil_moisture,47.94,2025-10-15 22:00:00
10994,170,soil_moisture,43.23,2025-07-03 21:00:00
10995,117,rainfall,0.0,2025-08-22 15:00:00
10996,151,rainfall,0.0,2026-03-17 15:00:00
10997,310,humidity,67.38,2025-12-23 00:00:00
10998,326,humidity,58.37,2026-03-27 08:00:00
10999,295,temperature,24.64,2026-04-11 02:00:00
11000,401,soil_moisture,30.57,2025-12-10 15:00:00
11001,346,soil_moisture,33.26,2025-09-26 04:00:00
11002,45,soil_moisture,27.4,2026-02-08 18:00:00
11003,208,humidity,55.17,2026-01-16 19:00:00
11004,32,humidity,67.7,2025-07-27 12:00:00
11005,61,humidity,48.38,2026-02-05 22:00:00
11006,65,temperature,25.37,2025-07-08 16:00:00
11007,24,humidity,46.25,2026-03-05 10:00:00
11008,46,rainfall,0.0,2025-09-21 13:00:00
11009,48,humidity,59.96,2025-12-30 12:00:00
11010,147,rainfall,0.0,2026-03-08 10:00:00
11011,66,soil_moisture,24.37,2026-01-06 07:00:00
11012,53,soil_moisture,25.4,2026-03-02 16:00:00
11013,114,humidity,49.87,2026-04-19 21:00:00
11014,296,humidity,55.8,2025-08-20 08:00:00
11015,427,humidity,57.62,2025-07-11 07:00:00
11016,442,humidity,51.33,2025-10-14 10:00:00
11017,28,rainfall,0.0,2025-07-09 03:00:00
11018,148,temperature,32.94,2025-12-03 07:00:00
11019,342,rainfall,21.68,2026-03-29 15:00:00
11020,305,humidity,50.13,2025-06-27 12:00:00
11021,331,soil_moisture,40.64,2026-04-09 06:00:00
11022,190,rainfall,0.0,2026-02-09 05:00:00
11023,287,temperature,20.89,2026-04-04 06:00:00
11024,73,rainfall,60.56,2025-10-09 04:00:00
11025,201,humidity,66.69,2026-03-30 21:00:00
11026,91,humidity,69.76,2026-02-23 23:00:00
11027,24,humidity,52.35,2026-03-04 03:00:00
11028,186,temperature,31.48,2026-01-28 09:00:00
11029,7,temperature,31.53,2025-12-17 18:00:00
11030,147,humidity,69.7,2026-03-09 04:00:00
11031,296,rainfall,25.82,2025-08-22 05:00:00
11032,90,temperature,32.25,2025-08-20 05:00:00
11033,180,temperature,28.53,2025-12-25 15:00:00
11034,287,soil_moisture,46.29,2026-04-05 00:00:00
11035,442,rainfall,0.0,2025-10-16 09:00:00
11036,78,humidity,42.1,2025-09-25 13:00:00
11037,204,humidity,68.57,2025-08-24 16:00:00
11038,191,rainfall,0.0,2026-04-07 12:00:00
11039,309,soil_moisture,24.12,2026-04-08 03:00:00
11040,133,temperature,21.0,2025-07-04 00:00:00
11041,418,soil_moisture,43.69,2025-09-06 21:00:00
11042,292,humidity,57.8,2025-09-25 21:00:00
11043,208,humidity,45.27,2026-01-16 07:00:00
11044,126,humidity,56.82,2025-08-17 18:00:00
11045,77,rainfall,0.0,2026-03-26 16:00:00
11046,196,rainfall,0.0,2026-02-16 21:00:00
11047,298,rainfall,0.0,2025-09-12 17:00:00
11048,353,humidity,44.95,2026-03-20 03:00:00
11049,292,temperature,30.57,2025-09-25 15:00:00
11050,442,temperature,32.39,2025-10-14 06:00:00
11051,362,humidity,67.97,2026-04-17 19:00:00
11052,292,humidity,59.98,2025-09-24 23:00:00
11053,184,rainfall,0.0,2026-01-05 19:00:00
11054,129,rainfall,0.0,2026-04-19 03:00:00
11055,260,temperature,30.93,2025-09-22 01:00:00
11056,165,temperature,25.49,2025-06-30 08:00:00
11057,167,temperature,33.81,2025-12-23 10:00:00
11058,117,humidity,43.76,2025-08-22 17:00:00
11059,49,rainfall,0.0,2025-09-29 18:00:00
11060,288,temperature,26.27,2025-07-07 04:00:00
11061,185,humidity,49.04,2026-03-05 03:00:00
11062,43,humidity,61.79,2025-09-13 20:00:00
11063,448,soil_moisture,36.91,2025-12-14 04:00:00
11064,413,temperature,28.6,2026-01-13 11:00:00
11065,296,humidity,63.72,2025-08-22 06:00:00
11066,191,soil_moisture,38.28,2026-04-08 00:00:00
11067,133,temperature,18.0,2025-07-02 12:00:00
11068,140,rainfall,34.41,2025-09-13 19:00:00
11069,18,temperature,26.7,2026-03-15 18:00:00
11070,115,temperature,32.76,2025-10-26 15:00:00
11071,73,humidity,67.99,2025-10-07 22:00:00
11072,300,temperature,25.63,2025-10-25 16:00:00
11073,308,rainfall,0.0,2025-12-27 16:00:00
11074,362,rainfall,0.0,2026-04-19 06:00:00
11075,94,soil_moisture,28.41,2025-09-30 11:00:00
11076,295,soil_moisture,39.91,2026-04-12 01:00:00
11077,354,soil_moisture,26.35,2026-03-07 16:00:00
11078,341,humidity,54.44,2025-11-24 23:00:00
11079,143,humidity,55.46,2025-08-12 07:00:00
11080,277,temperature,30.63,2025-09-11 18:00:00
11081,210,soil_moisture,39.75,2025-11-05 13:00:00
11082,255,humidity,49.56,2025-11-03 07:00:00
11083,401,soil_moisture,31.28,2025-12-10 12:00:00
11084,401,humidity,55.43,2025-12-09 02:00:00
11085,310,humidity,74.7,2025-12-23 11:00:00
11086,148,soil_moisture,44.24,2025-12-03 05:00:00
11087,165,temperature,18.45,2025-06-30 05:00:00
11088,368,humidity,71.17,2026-03-05 22:00:00
11089,44,humidity,51.99,2025-10-07 09:00:00
11090,76,temperature,22.26,2026-04-17 08:00:00
11091,126,rainfall,61.25,2025-08-18 10:00:00
11092,193,soil_moisture,43.29,2026-03-19 16:00:00
11093,171,soil_moisture,32.06,2026-01-16 10:00:00
11094,36,temperature,29.15,2026-03-18 09:00:00
11095,321,soil_moisture,32.81,2025-09-10 19:00:00
11096,165,temperature,24.89,2025-07-02 12:00:00
11097,306,soil_moisture,43.76,2025-12-29 13:00:00
11098,240,rainfall,0.0,2026-04-21 16:00:00
11099,90,temperature,29.89,2025-08-20 03:00:00
11100,128,rainfall,0.0,2025-07-10 04:00:00
11101,13,humidity,74.07,2025-11-01 01:00:00
11102,425,temperature,32.17,2025-09-09 09:00:00
11103,45,humidity,38.97,2026-02-10 05:00:00
11104,66,humidity,40.87,2026-01-07 14:00:00
11105,257,rainfall,0.0,2025-07-03 23:00:00
11106,391,rainfall,0.0,2025-06-27 03:00:00
11107,50,humidity,37.59,2026-03-10 06:00:00
11108,309,soil_moisture,27.43,2026-04-08 07:00:00
11109,293,humidity,44.94,2026-02-10 07:00:00
11110,419,soil_moisture,33.69,2025-09-25 05:00:00
11111,402,temperature,34.76,2026-03-28 08:00:00
11112,169,rainfall,35.42,2026-03-23 16:00:00
11113,437,temperature,32.2,2025-10-03 21:00:00
11114,446,soil_moisture,44.94,2026-04-21 21:00:00
11115,226,soil_moisture,34.18,2026-04-21 15:00:00
11116,66,temperature,22.89,2026-01-07 03:00:00
11117,340,soil_moisture,27.4,2025-12-25 18:00:00
11118,362,temperature,23.84,2026-04-19 01:00:00
11119,4,temperature,31.37,2026-04-11 19:00:00
11120,43,humidity,66.33,2025-09-14 04:00:00
11121,159,humidity,44.73,2025-09-20 13:00:00
11122,240,rainfall,0.0,2026-04-21 18:00:00
11123,43,humidity,63.98,2025-09-14 08:00:00
11124,318,temperature,33.48,2026-04-05 18:00:00
11125,308,humidity,54.33,2025-12-26 04:00:00
11126,346,rainfall,44.5,2025-09-25 17:00:00
11127,192,humidity,57.72,2026-01-20 15:00:00
11128,309,humidity,46.51,2026-04-09 02:00:00
11129,168,humidity,67.31,2026-03-27 17:00:00
11130,29,soil_moisture,20.28,2026-01-20 02:00:00
11131,89,humidity,71.89,2026-02-26 09:00:00
11132,318,soil_moisture,41.76,2026-04-04 08:00:00
11133,211,temperature,23.1,2026-02-03 23:00:00
11134,300,soil_moisture,39.19,2025-10-27 05:00:00
11135,143,temperature,31.21,2025-08-11 23:00:00
11136,288,temperature,30.31,2025-07-06 12:00:00
11137,46,humidity,82.58,2025-09-21 01:00:00
11138,128,temperature,20.36,2025-07-09 05:00:00
11139,123,humidity,61.31,2025-11-17 10:00:00
11140,303,humidity,55.72,2025-08-22 23:00:00
11141,233,soil_moisture,35.03,2025-12-15 10:00:00
11142,94,soil_moisture,28.62,2025-09-30 09:00:00
11143,212,rainfall,0.0,2025-11-17 05:00:00
11144,396,soil_moisture,36.06,2025-07-05 14:00:00
11145,13,soil_moisture,35.25,2025-11-01 15:00:00
11146,66,humidity,44.02,2026-01-06 01:00:00
11147,356,temperature,33.66,2025-12-12 11:00:00
11148,77,rainfall,24.81,2026-03-27 18:00:00
11149,125,soil_moisture,36.44,2025-11-21 18:00:00
11150,370,humidity,55.86,2025-07-09 20:00:00
11151,303,humidity,56.2,2025-08-22 19:00:00
11152,356,humidity,74.77,2025-12-13 12:00:00
11153,402,rainfall,0.0,2026-03-28 17:00:00
11154,440,humidity,46.37,2025-07-10 07:00:00
11155,384,soil_moisture,25.46,2025-08-18 19:00:00
11156,161,soil_moisture,36.85,2026-01-06 17:00:00
11157,411,humidity,58.1,2025-08-23 03:00:00
11158,30,soil_moisture,38.68,2025-08-19 04:00:00
11159,401,rainfall,53.77,2025-12-10 12:00:00
11160,126,humidity,59.15,2025-08-17 01:00:00
11161,427,humidity,53.84,2025-07-10 08:00:00
11162,140,humidity,39.61,2025-09-13 06:00:00
11163,204,temperature,32.1,2025-08-24 12:00:00
11164,50,humidity,44.98,2026-03-11 16:00:00
11165,308,soil_moisture,31.55,2025-12-27 12:00:00
11166,285,soil_moisture,32.06,2025-09-05 12:00:00
11167,295,temperature,22.89,2026-04-10 17:00:00
11168,327,humidity,49.28,2025-07-29 06:00:00
11169,382,temperature,25.3,2025-07-30 12:00:00
11170,204,temperature,30.92,2025-08-24 20:00:00
11171,356,humidity,77.49,2025-12-12 03:00:00
11172,184,rainfall,22.12,2026-01-05 10:00:00
11173,377,temperature,38.04,2025-07-12 06:00:00
11174,273,temperature,26.95,2026-01-07 05:00:00
11175,204,humidity,55.14,2025-08-24 22:00:00
11176,48,humidity,45.71,2025-12-31 10:00:00
11177,226,rainfall,0.0,2026-04-23 09:00:00
11178,169,humidity,58.85,2026-03-22 19:00:00
11179,204,rainfall,34.55,2025-08-23 20:00:00
11180,323,rainfall,0.0,2025-07-25 21:00:00
11181,322,soil_moisture,26.42,2026-01-18 11:00:00
11182,45,temperature,22.98,2026-02-08 09:00:00
11183,331,soil_moisture,42.81,2026-04-09 07:00:00
11184,222,temperature,27.68,2025-10-15 19:00:00
11185,437,rainfall,0.0,2025-10-03 09:00:00
11186,342,temperature,21.58,2026-03-28 21:00:00
11187,114,rainfall,23.0,2026-04-20 16:00:00
11188,330,soil_moisture,30.36,2025-10-03 08:00:00
11189,343,temperature,25.99,2026-01-12 10:00:00
11190,97,humidity,68.6,2026-02-14 14:00:00
11191,10,temperature,24.49,2026-03-29 23:00:00
11192,136,temperature,31.14,2025-11-10 08:00:00
11193,133,temperature,24.1,2025-07-02 20:00:00
11194,421,rainfall,0.0,2025-07-11 02:00:00
11195,377,temperature,35.06,2025-07-11 02:00:00
11196,44,temperature,29.55,2025-10-07 09:00:00
11197,78,humidity,48.07,2025-09-25 09:00:00
11198,310,humidity,66.4,2025-12-22 10:00:00
11199,215,soil_moisture,29.97,2026-03-16 17:00:00
11200,364,rainfall,0.0,2025-12-20 09:00:00
11201,442,humidity,52.04,2025-10-15 15:00:00
11202,449,humidity,75.24,2025-09-16 12:00:00
11203,6,rainfall,27.49,2025-08-12 14:00:00
11204,229,rainfall,0.0,2025-11-12 14:00:00
11205,136,rainfall,0.0,2025-11-11 20:00:00
11206,442,humidity,49.28,2025-10-14 12:00:00
11207,327,temperature,24.61,2025-07-28 09:00:00
11208,235,temperature,33.05,2026-03-30 10:00:00
11209,190,rainfall,25.73,2026-02-09 01:00:00
11210,140,humidity,46.78,2025-09-13 04:00:00
11211,442,soil_moisture,45.07,2025-10-15 11:00:00
11212,126,temperature,34.88,2025-08-18 20:00:00
11213,285,soil_moisture,33.32,2025-09-05 20:00:00
11214,143,humidity,61.43,2025-08-12 19:00:00
11215,215,temperature,19.55,2026-03-15 06:00:00
11216,208,soil_moisture,22.91,2026-01-17 17:00:00
11217,137,soil_moisture,26.75,2026-03-12 05:00:00
11218,10,soil_moisture,35.88,2026-03-29 21:00:00
11219,6,temperature,24.9,2025-08-12 05:00:00
11220,94,temperature,27.25,2025-09-29 02:00:00
11221,135,temperature,28.21,2025-12-06 07:00:00
11222,48,temperature,32.24,2025-12-30 17:00:00
11223,28,humidity,41.86,2025-07-10 17:00:00
11224,340,humidity,53.78,2025-12-25 11:00:00
11225,446,temperature,30.31,2026-04-21 10:00:00
11226,222,humidity,64.91,2025-10-15 20:00:00
11227,324,rainfall,44.33,2026-01-26 07:00:00
11228,288,soil_moisture,39.22,2025-07-07 06:00:00
11229,190,rainfall,29.48,2026-02-10 11:00:00
11230,255,rainfall,0.0,2025-11-03 21:00:00
11231,117,rainfall,0.0,2025-08-21 06:00:00
11232,323,rainfall,0.0,2025-07-26 06:00:00
11233,167,humidity,75.65,2025-12-23 12:00:00
11234,82,rainfall,0.0,2026-02-20 09:00:00
11235,186,soil_moisture,43.16,2026-01-29 00:00:00
11236,308,rainfall,0.0,2025-12-27 00:00:00
11237,99,humidity,43.79,2025-10-08 10:00:00
11238,77,soil_moisture,19.81,2026-03-26 13:00:00
11239,255,temperature,27.36,2025-11-02 06:00:00
11240,335,rainfall,0.0,2025-09-04 00:00:00
11241,310,humidity,69.57,2025-12-23 05:00:00
11242,402,soil_moisture,24.57,2026-03-28 02:00:00
11243,340,soil_moisture,31.09,2025-12-26 04:00:00
11244,90,humidity,58.87,2025-08-19 06:00:00
11245,212,humidity,52.76,2025-11-16 04:00:00
11246,321,soil_moisture,30.48,2025-09-12 02:00:00
11247,193,temperature,26.07,2026-03-19 17:00:00
11248,193,soil_moisture,43.25,2026-03-19 07:00:00
11249,389,rainfall,41.55,2026-03-16 01:00:00
11250,418,humidity,39.85,2025-09-06 19:00:00
11251,384,humidity,49.42,2025-08-17 12:00:00
11252,105,soil_moisture,36.54,2026-01-29 03:00:00
11253,389,soil_moisture,32.6,2026-03-17 15:00:00
11254,7,temperature,29.63,2025-12-15 04:00:00
11255,48,soil_moisture,44.06,2025-12-30 02:00:00
11256,385,rainfall,0.0,2026-03-23 08:00:00
11257,257,temperature,31.35,2025-07-04 14:00:00
11258,10,soil_moisture,39.32,2026-03-29 17:00:00
11259,257,rainfall,0.0,2025-07-03 01:00:00
11260,318,humidity,45.43,2026-04-04 01:00:00
11261,160,temperature,32.14,2026-04-15 22:00:00
11262,28,humidity,48.87,2025-07-09 19:00:00
11263,113,humidity,40.26,2025-07-28 23:00:00
11264,351,humidity,45.34,2026-02-12 07:00:00
11265,327,rainfall,47.48,2025-07-29 03:00:00
11266,215,humidity,39.33,2026-03-14 08:00:00
11267,341,soil_moisture,42.85,2025-11-25 04:00:00
11268,376,temperature,30.96,2025-09-14 01:00:00
11269,356,humidity,71.02,2025-12-12 01:00:00
11270,77,rainfall,21.58,2026-03-27 22:00:00
11271,372,rainfall,60.29,2025-10-28 09:00:00
11272,364,temperature,37.98,2025-12-20 12:00:00
11273,411,rainfall,0.0,2025-08-25 07:00:00
11274,185,rainfall,0.0,2026-03-06 00:00:00
11275,353,humidity,51.53,2026-03-19 03:00:00
11276,309,temperature,20.51,2026-04-08 10:00:00
11277,32,humidity,70.89,2025-07-27 05:00:00
11278,340,humidity,52.51,2025-12-26 08:00:00
11279,295,soil_moisture,34.84,2026-04-10 16:00:00
11280,310,temperature,30.63,2025-12-23 01:00:00
11281,356,rainfall,0.0,2025-12-14 01:00:00
11282,211,temperature,24.55,2026-02-04 01:00:00
11283,70,humidity,45.73,2025-12-10 06:00:00
11284,140,soil_moisture,40.29,2025-09-13 22:00:00
11285,376,soil_moisture,43.07,2025-09-14 08:00:00
11286,128,humidity,42.49,2025-07-10 23:00:00
11287,372,humidity,55.07,2025-10-29 20:00:00
11288,428,soil_moisture,43.23,2026-01-30 01:00:00
11289,36,temperature,28.08,2026-03-18 21:00:00
11290,142,humidity,72.43,2025-11-17 10:00:00
11291,219,humidity,72.31,2025-11-20 20:00:00
11292,193,humidity,54.74,2026-03-19 14:00:00
11293,240,humidity,60.07,2026-04-21 02:00:00
11294,371,temperature,29.39,2026-03-30 12:00:00
11295,309,temperature,21.96,2026-04-07 12:00:00
11296,205,soil_moisture,50.63,2025-12-24 07:00:00
11297,318,rainfall,0.0,2026-04-04 15:00:00
11298,351,rainfall,0.0,2026-02-13 01:00:00
11299,191,temperature,30.95,2026-04-06 14:00:00
11300,418,rainfall,0.0,2025-09-06 07:00:00
11301,353,temperature,16.83,2026-03-19 04:00:00
11302,222,rainfall,0.0,2025-10-18 02:00:00
11303,282,soil_moisture,38.39,2026-01-10 05:00:00
11304,377,rainfall,0.0,2025-07-13 11:00:00
11305,71,temperature,31.38,2025-10-02 01:00:00
11306,389,temperature,30.84,2026-03-16 11:00:00
11307,192,rainfall,0.0,2026-01-19 10:00:00
11308,318,humidity,41.71,2026-04-04 08:00:00
11309,296,rainfall,0.0,2025-08-20 08:00:00
11310,197,rainfall,23.24,2026-03-15 01:00:00
11311,303,rainfall,59.63,2025-08-23 04:00:00
11312,292,rainfall,0.0,2025-09-26 07:00:00
11313,210,temperature,33.77,2025-11-05 02:00:00
11314,165,temperature,20.93,2025-06-30 04:00:00
11315,29,rainfall,19.94,2026-01-18 08:00:00
11316,53,rainfall,0.0,2026-03-03 20:00:00
11317,219,soil_moisture,44.36,2025-11-20 06:00:00
11318,413,humidity,37.12,2026-01-14 05:00:00
11319,136,humidity,67.09,2025-11-10 12:00:00
11320,396,rainfall,0.0,2025-07-05 09:00:00
11321,421,temperature,21.07,2025-07-11 16:00:00
11322,170,humidity,39.66,2025-07-04 09:00:00
11323,361,temperature,26.45,2025-10-19 16:00:00
11324,386,temperature,27.67,2026-04-05 20:00:00
11325,335,rainfall,0.0,2025-09-04 12:00:00
11326,78,rainfall,50.51,2025-09-25 08:00:00
11327,129,humidity,52.17,2026-04-20 20:00:00
11328,133,rainfall,53.32,2025-07-03 09:00:00
11329,391,humidity,49.05,2025-06-27 06:00:00
11330,318,soil_moisture,45.05,2026-04-05 07:00:00
11331,7,temperature,31.0,2025-12-17 11:00:00
11332,193,humidity,48.56,2026-03-19 17:00:00
11333,235,humidity,61.12,2026-03-30 19:00:00
11334,431,soil_moisture,36.26,2025-07-02 05:00:00
11335,308,temperature,26.58,2025-12-28 09:00:00
11336,323,rainfall,0.0,2025-07-26 13:00:00
11337,123,temperature,23.71,2025-11-15 17:00:00
11338,331,humidity,42.25,2026-04-10 07:00:00
11339,94,soil_moisture,27.73,2025-09-28 10:00:00
11340,227,humidity,75.94,2025-10-18 05:00:00
11341,61,humidity,46.18,2026-02-05 01:00:00
11342,308,temperature,22.66,2025-12-28 07:00:00
11343,305,temperature,25.04,2025-06-26 16:00:00
11344,185,temperature,32.52,2026-03-04 15:00:00
11345,43,humidity,59.35,2025-09-14 10:00:00
11346,449,humidity,74.53,2025-09-16 10:00:00
11347,362,humidity,52.81,2026-04-17 11:00:00
11348,7,soil_moisture,41.94,2025-12-17 05:00:00
11349,18,rainfall,57.98,2026-03-15 14:00:00
11350,372,temperature,30.44,2025-10-29 22:00:00
11351,428,soil_moisture,41.98,2026-01-31 12:00:00
11352,146,soil_moisture,41.11,2025-08-15 15:00:00
11353,160,rainfall,0.0,2026-04-15 18:00:00
11354,170,rainfall,51.78,2025-07-04 23:00:00
11355,91,humidity,73.63,2026-02-22 09:00:00
11356,89,humidity,65.01,2026-02-26 19:00:00
11357,159,soil_moisture,32.85,2025-09-19 03:00:00
11358,47,soil_moisture,37.86,2025-10-06 11:00:00
11359,180,rainfall,0.0,2025-12-25 07:00:00
11360,89,temperature,28.94,2026-02-26 18:00:00
11361,386,humidity,67.88,2026-04-04 15:00:00
11362,78,humidity,48.0,2025-09-25 06:00:00
11363,364,rainfall,0.0,2025-12-20 08:00:00
11364,215,soil_moisture,37.77,2026-03-14 02:00:00
11365,32,rainfall,40.67,2025-07-26 21:00:00
11366,318,rainfall,0.0,2026-04-05 17:00:00
11367,283,soil_moisture,43.56,2026-02-22 21:00:00
11368,165,soil_moisture,31.17,2025-06-30 23:00:00
11369,223,temperature,22.83,2025-12-15 00:00:00
11370,77,rainfall,0.0,2026-03-26 20:00:00
11371,117,temperature,25.92,2025-08-22 00:00:00
11372,99,humidity,43.92,2025-10-09 03:00:00
11373,343,humidity,61.97,2026-01-13 21:00:00
11374,140,soil_moisture,45.47,2025-09-13 09:00:00
11375,163,rainfall,0.0,2025-07-05 08:00:00
11376,97,rainfall,36.79,2026-02-14 10:00:00
11377,71,rainfall,0.0,2025-10-02 11:00:00
11378,82,rainfall,0.0,2026-02-20 09:00:00
11379,146,soil_moisture,47.98,2025-08-16 18:00:00
11380,17,rainfall,28.82,2025-07-21 04:00:00
11381,326,soil_moisture,30.94,2026-03-28 06:00:00
11382,30,soil_moisture,36.08,2025-08-19 05:00:00
11383,201,rainfall,58.97,2026-03-30 12:00:00
11384,186,humidity,77.79,2026-01-27 07:00:00
11385,290,temperature,31.65,2026-02-26 04:00:00
11386,191,soil_moisture,37.06,2026-04-08 02:00:00
11387,418,humidity,46.92,2025-09-06 15:00:00
11388,48,rainfall,0.0,2025-12-30 19:00:00
11389,204,soil_moisture,40.23,2025-08-24 10:00:00
11390,354,temperature,34.86,2026-03-07 22:00:00
11391,293,temperature,21.48,2026-02-09 00:00:00
11392,142,rainfall,0.0,2025-11-16 10:00:00
11393,30,temperature,21.84,2025-08-19 12:00:00
11394,47,soil_moisture,37.79,2025-10-05 00:00:00
11395,238,temperature,28.1,2025-11-26 02:00:00
11396,389,temperature,30.37,2026-03-17 16:00:00
11397,211,humidity,57.75,2026-02-04 07:00:00
11398,196,soil_moisture,45.29,2026-02-15 19:00:00
11399,113,rainfall,53.74,2025-07-27 09:00:00
11400,282,rainfall,28.23,2026-01-09 22:00:00
11401,147,temperature,30.13,2026-03-09 07:00:00
11402,50,rainfall,0.0,2026-03-11 00:00:00
11403,82,humidity,46.18,2026-02-21 17:00:00
11404,9,rainfall,0.0,2025-09-20 14:00:00
11405,151,temperature,29.34,2026-03-16 17:00:00
11406,197,rainfall,0.0,2026-03-16 19:00:00
11407,45,rainfall,0.0,2026-02-08 06:00:00
11408,298,humidity,50.84,2025-09-13 14:00:00
11409,277,soil_moisture,36.32,2025-09-11 06:00:00
11410,305,rainfall,0.0,2025-06-27 06:00:00
11411,186,humidity,64.85,2026-01-27 10:00:00
11412,192,temperature,28.61,2026-01-20 03:00:00
11413,134,temperature,30.63,2026-01-08 12:00:00
11414,166,soil_moisture,23.56,2025-11-30 21:00:00
11415,148,humidity,53.59,2025-12-03 13:00:00
11416,285,humidity,57.63,2025-09-05 22:00:00
11417,335,temperature,26.81,2025-09-04 22:00:00
11418,273,soil_moisture,40.49,2026-01-07 03:00:00
11419,341,humidity,57.04,2025-11-25 20:00:00
11420,60,rainfall,0.0,2026-03-06 19:00:00
11421,36,temperature,26.09,2026-03-20 02:00:00
11422,367,soil_moisture,39.24,2025-11-22 03:00:00
11423,53,rainfall,45.92,2026-03-03 16:00:00
11424,277,soil_moisture,36.93,2025-09-11 01:00:00
11425,296,temperature,34.76,2025-08-21 00:00:00
11426,424,temperature,26.97,2026-01-07 08:00:00
11427,76,temperature,23.98,2026-04-17 01:00:00
11428,36,rainfall,0.0,2026-03-20 05:00:00
11429,74,temperature,23.85,2025-10-23 06:00:00
11430,135,rainfall,0.0,2025-12-06 14:00:00
11431,103,humidity,39.8,2026-01-09 07:00:00
11432,326,temperature,24.45,2026-03-27 20:00:00
11433,370,soil_moisture,31.23,2025-07-08 15:00:00
11434,294,rainfall,36.37,2026-01-04 16:00:00
11435,117,soil_moisture,20.13,2025-08-22 15:00:00
11436,428,humidity,40.97,2026-01-31 12:00:00
11437,222,soil_moisture,40.59,2025-10-15 02:00:00
11438,342,rainfall,0.0,2026-03-29 22:00:00
11439,384,soil_moisture,27.4,2025-08-18 10:00:00
11440,257,rainfall,30.82,2025-07-03 08:00:00
11441,442,temperature,34.78,2025-10-14 07:00:00
11442,74,rainfall,0.0,2025-10-22 12:00:00
11443,449,temperature,36.13,2025-09-16 19:00:00
11444,180,soil_moisture,37.82,2025-12-26 12:00:00
11445,5,humidity,46.42,2026-04-09 03:00:00
11446,82,temperature,31.07,2026-02-20 06:00:00
11447,288,soil_moisture,36.7,2025-07-07 05:00:00
11448,428,soil_moisture,43.55,2026-01-30 21:00:00
11449,165,rainfall,27.9,2025-07-02 05:00:00
11450,343,temperature,26.1,2026-01-13 08:00:00
11451,142,rainfall,0.0,2025-11-16 11:00:00
11452,143,rainfall,54.58,2025-08-11 12:00:00
11453,47,temperature,34.97,2025-10-05 21:00:00
11454,166,soil_moisture,22.71,2025-12-01 02:00:00
11455,361,soil_moisture,29.33,2025-10-19 09:00:00
11456,386,temperature,28.95,2026-04-04 12:00:00
11457,47,humidity,58.69,2025-10-04 14:00:00
11458,99,rainfall,0.0,2025-10-09 18:00:00
11459,10,humidity,42.82,2026-03-29 01:00:00
11460,66,soil_moisture,27.95,2026-01-07 15:00:00
11461,6,rainfall,28.61,2025-08-11 09:00:00
11462,215,rainfall,0.0,2026-03-16 02:00:00
11463,137,soil_moisture,25.29,2026-03-12 02:00:00
11464,446,humidity,52.4,2026-04-21 07:00:00
11465,330,humidity,62.16,2025-10-02 14:00:00
11466,180,soil_moisture,43.58,2025-12-25 21:00:00
11467,9,rainfall,0.0,2025-09-20 00:00:00
11468,288,soil_moisture,33.54,2025-07-08 15:00:00
11469,260,rainfall,0.0,2025-09-21 05:00:00
11470,448,soil_moisture,33.26,2025-12-14 03:00:00
11471,330,temperature,29.37,2025-10-02 13:00:00
11472,165,humidity,57.71,2025-07-01 22:00:00
11473,401,rainfall,0.0,2025-12-10 02:00:00
11474,330,rainfall,58.68,2025-10-01 21:00:00
11475,45,temperature,23.91,2026-02-08 21:00:00
11476,197,soil_moisture,47.64,2026-03-16 09:00:00
11477,444,temperature,999.9,2025-12-11 13:00:00
11478,113,humidity,49.21,2025-07-27 20:00:00
11479,215,temperature,21.95,2026-03-14 13:00:00
11480,448,temperature,25.06,2025-12-13 07:00:00
11481,411,rainfall,0.0,2025-08-23 07:00:00
11482,49,rainfall,0.0,2025-09-30 22:00:00
11483,89,rainfall,0.0,2026-02-27 12:00:00
11484,376,temperature,27.47,2025-09-15 04:00:00
11485,306,soil_moisture,40.62,2025-12-30 14:00:00
11486,91,rainfall,0.0,2026-02-22 20:00:00
11487,424,rainfall,0.0,2026-01-07 02:00:00
11488,447,temperature,24.96,2025-09-19 06:00:00
11489,364,rainfall,0.0,2025-12-21 11:00:00
11490,103,temperature,21.19,2026-01-10 05:00:00
11491,4,soil_moisture,24.81,2026-04-11 20:00:00
11492,157,temperature,24.47,2026-01-21 02:00:00
11493,300,soil_moisture,32.7,2025-10-26 18:00:00
11494,446,rainfall,33.32,2026-04-21 14:00:00
11495,362,rainfall,0.0,2026-04-17 22:00:00
11496,436,humidity,63.8,2026-02-13 01:00:00
11497,219,temperature,25.37,2025-11-19 17:00:00
11498,305,humidity,47.16,2025-06-27 15:00:00
11499,212,rainfall,0.0,2025-11-18 14:00:00
11500,356,soil_moisture,33.24,2025-12-13 22:00:00
11501,343,rainfall,53.35,2026-01-12 03:00:00
11502,180,rainfall,0.0,2025-12-25 15:00:00
11503,91,rainfall,0.0,2026-02-22 01:00:00
11504,255,rainfall,0.0,2025-11-03 00:00:00
11505,32,rainfall,0.0,2025-07-26 08:00:00
11506,122,humidity,83.84,2025-12-22 20:00:00
11507,97,soil_moisture,34.69,2026-02-13 08:00:00
11508,49,temperature,25.67,2025-09-30 17:00:00
11509,419,soil_moisture,33.61,2025-09-25 00:00:00
11510,290,temperature,30.19,2026-02-26 11:00:00
11511,260,rainfall,0.0,2025-09-21 23:00:00
11512,60,humidity,44.8,2026-03-07 14:00:00
11513,283,rainfall,0.0,2026-02-21 02:00:00
11514,381,soil_moisture,38.51,2025-10-24 08:00:00
11515,134,temperature,34.21,2026-01-06 22:00:00
11516,134,humidity,45.85,2026-01-06 03:00:00
11517,18,rainfall,0.0,2026-03-16 02:00:00
11518,65,rainfall,0.0,2025-07-09 21:00:00
11519,353,humidity,38.92,2026-03-19 16:00:00
11520,290,rainfall,41.77,2026-02-25 23:00:00
11521,342,temperature,20.83,2026-03-28 13:00:00
11522,55,humidity,68.12,2025-09-01 18:00:00
11523,413,rainfall,0.0,2026-01-14 07:00:00
11524,99,humidity,47.44,2025-10-09 21:00:00
11525,154,soil_moisture,29.67,2025-08-20 18:00:00
11526,288,rainfall,0.0,2025-07-06 19:00:00
11527,185,humidity,48.75,2026-03-04 04:00:00
11528,48,soil_moisture,49.43,2025-12-30 19:00:00
11529,105,humidity,37.96,2026-01-29 09:00:00
11530,288,soil_moisture,28.73,2025-07-07 13:00:00
11531,46,temperature,35.81,2025-09-19 20:00:00
11532,36,soil_moisture,25.18,2026-03-19 16:00:00
11533,142,soil_moisture,36.97,2025-11-15 23:00:00
11534,327,soil_moisture,40.83,2025-07-28 10:00:00
11535,48,rainfall,0.0,2026-01-01 01:00:00
11536,169,rainfall,0.0,2026-03-23 15:00:00
11537,113,temperature,27.38,2025-07-27 10:00:00
11538,222,soil_moisture,40.71,2025-10-15 16:00:00
11539,321,rainfall,0.0,2025-09-10 06:00:00
11540,342,temperature,26.13,2026-03-29 03:00:00
11541,186,humidity,66.88,2026-01-27 14:00:00
11542,233,rainfall,0.0,2025-12-16 16:00:00
11543,146,soil_moisture,46.71,2025-08-17 12:00:00
11544,32,rainfall,0.0,2025-07-26 11:00:00
11545,36,humidity,45.77,2026-03-18 01:00:00
11546,77,humidity,56.66,2026-03-26 12:00:00
11547,233,humidity,61.93,2025-12-16 01:00:00
11548,169,temperature,25.25,2026-03-22 18:00:00
11549,123,rainfall,0.0,2025-11-15 23:00:00
11550,90,humidity,52.74,2025-08-20 05:00:00
11551,169,temperature,29.18,2026-03-23 21:00:00
11552,288,temperature,28.11,2025-07-06 07:00:00
11553,303,temperature,34.92,2025-08-23 14:00:00
11554,342,temperature,25.79,2026-03-29 10:00:00
11555,122,rainfall,0.0,2025-12-21 18:00:00
11556,50,temperature,19.48,2026-03-11 13:00:00
11557,341,temperature,38.05,2025-11-26 08:00:00
11558,300,humidity,66.42,2025-10-27 00:00:00
11559,165,rainfall,0.0,2025-07-02 06:00:00
11560,219,soil_moisture,41.77,2025-11-20 08:00:00
11561,385,soil_moisture,500.0,2026-03-24 11:00:00
11562,364,humidity,59.2,2025-12-21 02:00:00
11563,330,soil_moisture,21.85,2025-10-02 03:00:00
11564,49,temperature,25.78,2025-09-29 02:00:00
11565,94,rainfall,0.0,2025-09-28 07:00:00
11566,148,soil_moisture,44.66,2025-12-02 08:00:00
11567,226,temperature,31.64,2026-04-21 20:00:00
11568,192,temperature,25.35,2026-01-20 18:00:00
11569,60,rainfall,0.0,2026-03-07 04:00:00
11570,94,rainfall,0.0,2025-09-30 05:00:00
11571,324,temperature,21.64,2026-01-25 08:00:00
11572,356,soil_moisture,39.33,2025-12-13 17:00:00
11573,362,temperature,21.48,2026-04-17 20:00:00
11574,177,humidity,51.42,2026-03-13 20:00:00
11575,322,temperature,22.94,2026-01-17 03:00:00
11576,47,temperature,28.64,2025-10-05 18:00:00
11577,165,soil_moisture,29.36,2025-06-30 08:00:00
11578,215,temperature,19.86,2026-03-15 15:00:00
11579,72,temperature,23.56,2025-08-19 11:00:00
11580,371,rainfall,0.0,2026-03-31 05:00:00
11581,411,rainfall,62.73,2025-08-24 10:00:00
11582,290,temperature,27.66,2026-02-25 15:00:00
11583,431,soil_moisture,32.07,2025-07-02 02:00:00
11584,61,temperature,29.7,2026-02-05 01:00:00
11585,65,rainfall,41.51,2025-07-09 20:00:00
11586,229,humidity,54.81,2025-11-11 16:00:00
11587,28,humidity,51.76,2025-07-11 05:00:00
11588,73,rainfall,0.0,2025-10-09 13:00:00
11589,154,humidity,63.78,2025-08-21 22:00:00
11590,382,temperature,20.87,2025-07-31 13:00:00
11591,233,temperature,27.34,2025-12-14 08:00:00
11592,343,rainfall,0.0,2026-01-12 16:00:00
11593,134,temperature,32.64,2026-01-07 17:00:00
11594,125,rainfall,57.48,2025-11-20 19:00:00
11595,78,humidity,46.03,2025-09-27 06:00:00
11596,191,humidity,58.63,2026-04-06 15:00:00
11597,125,soil_moisture,38.42,2025-11-20 06:00:00
11598,55,rainfall,0.0,2025-08-31 12:00:00
11599,233,soil_moisture,34.47,2025-12-15 22:00:00
11600,272,soil_moisture,43.61,2025-12-03 15:00:00
11601,171,soil_moisture,33.53,2026-01-16 05:00:00
11602,235,soil_moisture,31.85,2026-03-31 15:00:00
11603,343,humidity,51.48,2026-01-12 21:00:00
11604,290,soil_moisture,26.35,2026-02-26 22:00:00
11605,356,humidity,69.63,2025-12-13 01:00:00
11606,219,temperature,25.54,2025-11-20 20:00:00
11607,47,soil_moisture,38.82,2025-10-05 01:00:00
11608,436,temperature,30.9,2026-02-11 20:00:00
11609,70,humidity,46.47,2025-12-10 00:00:00
11610,16,soil_moisture,42.01,2025-08-18 19:00:00
11611,413,humidity,41.74,2026-01-12 11:00:00
11612,142,temperature,28.76,2025-11-15 02:00:00
11613,296,rainfall,0.0,2025-08-20 03:00:00
11614,186,rainfall,0.0,2026-01-29 00:00:00
11615,285,temperature,30.92,2025-09-06 09:00:00
11616,300,soil_moisture,29.4,2025-10-25 10:00:00
11617,24,temperature,26.9,2026-03-06 12:00:00
11618,123,rainfall,52.33,2025-11-16 15:00:00
11619,161,rainfall,0.0,2026-01-07 20:00:00
11620,211,rainfall,0.0,2026-02-02 19:00:00
11621,425,humidity,69.2,2025-09-09 20:00:00
11622,235,soil_moisture,33.0,2026-03-31 13:00:00
11623,36,humidity,58.55,2026-03-19 16:00:00
11624,215,rainfall,23.48,2026-03-14 18:00:00
11625,288,temperature,26.34,2025-07-07 19:00:00
11626,66,soil_moisture,25.36,2026-01-06 06:00:00
11627,28,humidity,46.68,2025-07-10 14:00:00
11628,191,temperature,34.91,2026-04-06 11:00:00
11629,285,rainfall,0.0,2025-09-05 04:00:00
11630,436,rainfall,27.58,2026-02-11 07:00:00
11631,219,rainfall,0.0,2025-11-20 05:00:00
11632,129,temperature,35.95,2026-04-19 15:00:00
11633,273,humidity,50.74,2026-01-07 06:00:00
11634,45,rainfall,0.0,2026-02-08 14:00:00
11635,386,rainfall,57.39,2026-04-04 03:00:00
11636,94,humidity,69.31,2025-09-29 12:00:00
11637,89,rainfall,0.0,2026-02-27 06:00:00
11638,343,humidity,61.97,2026-01-13 21:00:00
11639,311,soil_moisture,39.21,2025-10-08 11:00:00
11640,61,rainfall,23.16,2026-02-05 09:00:00
11641,292,rainfall,0.0,2025-09-25 20:00:00
11642,386,soil_moisture,40.58,2026-04-05 21:00:00
11643,283,humidity,52.34,2026-02-22 17:00:00
11644,208,soil_moisture,18.35,2026-01-16 13:00:00
11645,103,temperature,19.48,2026-01-10 00:00:00
11646,114,soil_moisture,31.28,2026-04-20 17:00:00
11647,185,temperature,30.38,2026-03-05 12:00:00
11648,424,temperature,27.35,2026-01-05 10:00:00
11649,105,soil_moisture,40.9,2026-01-28 20:00:00
11650,327,soil_moisture,40.42,2025-07-28 03:00:00
11651,72,soil_moisture,45.03,2025-08-20 01:00:00
11652,367,temperature,30.9,2025-11-21 19:00:00
11653,371,soil_moisture,25.68,2026-03-30 19:00:00
11654,294,rainfall,0.0,2026-01-03 16:00:00
11655,240,temperature,23.64,2026-04-22 12:00:00
11656,191,soil_moisture,31.14,2026-04-06 19:00:00
11657,99,soil_moisture,26.19,2025-10-09 21:00:00
11658,82,humidity,41.61,2026-02-20 01:00:00
11659,160,soil_moisture,43.11,2026-04-14 22:00:00
11660,389,humidity,36.82,2026-03-17 16:00:00
11661,255,humidity,56.29,2025-11-02 14:00:00
11662,440,rainfall,0.0,2025-07-08 18:00:00
11663,30,rainfall,0.0,2025-08-20 06:00:00
11664,447,humidity,47.94,2025-09-19 08:00:00
11665,140,soil_moisture,46.27,2025-09-13 07:00:00
11666,166,rainfall,25.14,2025-11-30 22:00:00
11667,294,rainfall,0.0,2026-01-04 20:00:00
11668,240,rainfall,0.0,2026-04-22 06:00:00
11669,341,temperature,35.31,2025-11-24 02:00:00
11670,168,humidity,64.53,2026-03-27 07:00:00
11671,436,humidity,67.12,2026-02-12 20:00:00
11672,24,humidity,46.91,2026-03-06 10:00:00
11673,148,soil_moisture,48.81,2025-12-02 13:00:00
11674,376,soil_moisture,44.41,2025-09-13 02:00:00
11675,354,rainfall,0.0,2026-03-07 20:00:00
11676,77,soil_moisture,23.61,2026-03-27 00:00:00
11677,318,soil_moisture,45.85,2026-04-04 07:00:00
11678,163,soil_moisture,43.63,2025-07-04 03:00:00
11679,367,humidity,62.43,2025-11-21 01:00:00
11680,340,humidity,44.86,2025-12-25 05:00:00
11681,210,rainfall,39.78,2025-11-05 14:00:00
11682,76,temperature,23.54,2026-04-17 00:00:00
11683,89,rainfall,0.0,2026-02-26 23:00:00
11684,308,temperature,24.43,2025-12-26 01:00:00
11685,123,soil_moisture,34.83,2025-11-15 21:00:00
11686,343,rainfall,0.0,2026-01-14 05:00:00
11687,215,temperature,18.83,2026-03-16 03:00:00
11688,146,rainfall,29.28,2025-08-16 23:00:00
11689,341,rainfall,42.45,2025-11-24 15:00:00
11690,401,humidity,61.37,2025-12-09 09:00:00
11691,154,humidity,58.68,2025-08-22 06:00:00
11692,257,temperature,29.55,2025-07-03 17:00:00
11693,94,soil_moisture,31.3,2025-09-28 14:00:00
11694,99,rainfall,0.0,2025-10-09 19:00:00
11695,377,temperature,33.27,2025-07-11 11:00:00
11696,178,rainfall,0.0,2025-12-16 18:00:00
11697,421,rainfall,0.0,2025-07-13 05:00:00
11698,346,rainfall,0.0,2025-09-24 08:00:00
11699,298,soil_moisture,44.6,2025-09-13 07:00:00
11700,370,humidity,54.27,2025-07-08 22:00:00
11701,362,rainfall,0.0,2026-04-17 21:00:00
11702,361,temperature,21.64,2025-10-18 23:00:00
11703,32,soil_moisture,42.98,2025-07-27 11:00:00
11704,440,humidity,42.44,2025-07-10 04:00:00
11705,78,rainfall,0.0,2025-09-26 15:00:00
11706,293,humidity,44.66,2026-02-09 17:00:00
11707,125,temperature,23.41,2025-11-21 05:00:00
11708,287,rainfall,0.0,2026-04-03 04:00:00
11709,201,rainfall,65.38,2026-04-01 01:00:00
11710,82,soil_moisture,34.7,2026-02-21 03:00:00
11711,36,temperature,25.03,2026-03-20 13:00:00
11712,226,rainfall,57.64,2026-04-21 01:00:00
11713,220,rainfall,0.0,2026-01-30 02:00:00
11714,306,soil_moisture,41.99,2025-12-30 19:00:00
11715,89,temperature,32.38,2026-02-26 23:00:00
11716,44,humidity,49.57,2025-10-07 11:00:00
11717,66,rainfall,0.0,2026-01-07 17:00:00
11718,300,temperature,25.24,2025-10-25 23:00:00
11719,449,rainfall,0.0,2025-09-15 14:00:00
11720,16,humidity,64.01,2025-08-19 09:00:00
11721,70,humidity,53.39,2025-12-09 10:00:00
11722,180,humidity,62.78,2025-12-26 21:00:00
11723,391,rainfall,29.75,2025-06-26 16:00:00
11724,367,temperature,32.31,2025-11-22 00:00:00
11725,444,soil_moisture,31.73,2025-12-11 14:00:00
11726,178,humidity,57.25,2025-12-17 01:00:00
11727,273,humidity,51.89,2026-01-06 19:00:00
11728,43,temperature,19.3,2025-09-13 09:00:00
11729,425,soil_moisture,27.32,2025-09-09 02:00:00
11730,135,soil_moisture,39.56,2025-12-05 22:00:00
11731,82,rainfall,0.0,2026-02-22 02:00:00
11732,99,soil_moisture,27.22,2025-10-09 05:00:00
11733,30,temperature,22.42,2025-08-19 05:00:00
11734,161,temperature,27.94,2026-01-07 19:00:00
11735,122,soil_moisture,44.7,2025-12-21 01:00:00
11736,30,rainfall,0.0,2025-08-20 17:00:00
11737,308,rainfall,0.0,2025-12-27 10:00:00
11738,190,temperature,19.69,2026-02-09 05:00:00
11739,126,soil_moisture,32.92,2025-08-18 17:00:00
11740,222,temperature,27.14,2025-10-17 04:00:00
11741,385,humidity,45.88,2026-03-24 04:00:00
11742,370,soil_moisture,26.79,2025-07-08 01:00:00
11743,227,temperature,35.26,2025-10-16 01:00:00
11744,288,soil_moisture,30.59,2025-07-07 10:00:00
11745,220,soil_moisture,25.49,2026-01-29 14:00:00
11746,48,humidity,42.82,2025-12-31 00:00:00
11747,197,humidity,48.21,2026-03-17 00:00:00
11748,136,humidity,69.26,2025-11-10 16:00:00
11749,367,humidity,57.42,2025-11-23 03:00:00
11750,321,rainfall,44.79,2025-09-11 23:00:00
11751,46,humidity,78.13,2025-09-19 03:00:00
11752,167,soil_moisture,42.03,2025-12-24 22:00:00
11753,257,humidity,66.99,2025-07-03 17:00:00
11754,48,temperature,27.97,2025-12-31 21:00:00
11755,368,temperature,20.02,2026-03-05 10:00:00
11756,272,rainfall,0.0,2025-12-04 18:00:00
11757,10,humidity,44.59,2026-03-30 04:00:00
11758,424,humidity,43.21,2026-01-06 02:00:00
11759,159,temperature,33.06,2025-09-19 22:00:00
11760,171,rainfall,0.0,2026-01-15 20:00:00
11761,263,rainfall,0.0,2025-12-22 20:00:00
11762,99,temperature,32.53,2025-10-10 10:00:00
11763,53,humidity,41.99,2026-03-02 16:00:00
11764,290,humidity,39.59,2026-02-26 22:00:00
11765,362,humidity,72.97,2026-04-18 01:00:00
11766,190,rainfall,0.0,2026-02-09 10:00:00
11767,71,humidity,49.08,2025-10-01 03:00:00
11768,61,humidity,42.27,2026-02-05 08:00:00
11769,168,rainfall,0.0,2026-03-28 22:00:00
11770,303,temperature,30.4,2025-08-22 23:00:00
11771,45,humidity,41.79,2026-02-09 10:00:00
11772,134,soil_moisture,44.16,2026-01-06 02:00:00
11773,159,soil_moisture,26.37,2025-09-20 04:00:00
11774,191,rainfall,0.0,2026-04-08 06:00:00
11775,342,humidity,58.88,2026-03-30 13:00:00
11776,140,temperature,30.29,2025-09-13 20:00:00
11777,137,soil_moisture,24.35,2026-03-14 22:00:00
11778,219,humidity,68.63,2025-11-20 21:00:00
11779,201,humidity,62.34,2026-03-31 00:00:00
11780,311,rainfall,0.0,2025-10-08 02:00:00
11781,418,rainfall,54.72,2025-09-06 15:00:00
11782,72,temperature,23.77,2025-08-20 18:00:00
11783,346,soil_moisture,39.52,2025-09-25 09:00:00
11784,364,temperature,34.69,2025-12-20 08:00:00
11785,321,rainfall,34.4,2025-09-11 01:00:00
11786,133,temperature,21.51,2025-07-02 13:00:00
11787,147,soil_moisture,27.12,2026-03-08 02:00:00
11788,323,temperature,26.26,2025-07-26 13:00:00
11789,396,rainfall,43.7,2025-07-05 16:00:00
11790,219,rainfall,0.0,2025-11-20 15:00:00
11791,282,humidity,55.05,2026-01-09 05:00:00
11792,105,rainfall,29.38,2026-01-28 03:00:00
11793,154,humidity,68.18,2025-08-21 17:00:00
11794,94,humidity,81.98,2025-09-28 01:00:00
11795,133,temperature,23.96,2025-07-02 10:00:00
11796,6,rainfall,0.0,2025-08-13 00:00:00
11797,29,soil_moisture,23.05,2026-01-18 09:00:00
11798,13,soil_moisture,40.23,2025-11-03 16:00:00
11799,326,temperature,25.12,2026-03-26 23:00:00
11800,91,temperature,21.25,2026-02-23 03:00:00
11801,293,temperature,23.12,2026-02-09 14:00:00
11802,147,temperature,30.77,2026-03-10 09:00:00
11803,288,soil_moisture,30.28,2025-07-06 11:00:00
11804,268,humidity,73.16,2025-12-24 18:00:00
11805,356,rainfall,0.0,2025-12-14 05:00:00
11806,356,rainfall,0.0,2025-12-13 02:00:00
11807,219,temperature,24.03,2025-11-19 09:00:00
11808,309,soil_moisture,32.3,2026-04-07 21:00:00
11809,167,humidity,65.55,2025-12-23 01:00:00
11810,159,rainfall,0.0,2025-09-20 10:00:00
11811,322,rainfall,0.0,2026-01-18 05:00:00
11812,227,humidity,75.42,2025-10-16 03:00:00
11813,215,temperature,20.71,2026-03-15 14:00:00
11814,94,rainfall,0.0,2025-09-29 15:00:00
11815,99,soil_moisture,28.33,2025-10-08 13:00:00
11816,53,rainfall,42.91,2026-03-02 22:00:00
11817,335,rainfall,52.93,2025-09-05 07:00:00
11818,50,soil_moisture,34.21,2026-03-11 00:00:00
11819,340,temperature,34.21,2025-12-27 18:00:00
11820,362,rainfall,0.0,2026-04-19 15:00:00
11821,428,humidity,33.42,2026-01-30 20:00:00
11822,293,temperature,19.99,2026-02-08 11:00:00
11823,122,temperature,26.33,2025-12-22 12:00:00
11824,402,rainfall,0.0,2026-03-29 02:00:00
11825,293,humidity,49.11,2026-02-10 17:00:00
11826,13,humidity,69.95,2025-11-01 23:00:00
11827,309,rainfall,0.0,2026-04-08 02:00:00
11828,159,humidity,47.3,2025-09-19 11:00:00
11829,421,soil_moisture,30.5,2025-07-11 13:00:00
11830,341,rainfall,0.0,2025-11-25 03:00:00
11831,59,rainfall,0.0,2025-12-10 22:00:00
11832,402,humidity,59.35,2026-03-28 02:00:00
11833,396,soil_moisture,42.8,2025-07-04 07:00:00
11834,36,rainfall,0.0,2026-03-18 04:00:00
11835,384,rainfall,0.0,2025-08-16 01:00:00
11836,7,temperature,35.67,2025-12-16 07:00:00
11837,370,rainfall,0.0,2025-07-10 04:00:00
11838,129,humidity,51.63,2026-04-20 08:00:00
11839,381,rainfall,0.0,2025-10-25 04:00:00
11840,431,temperature,29.18,2025-07-01 07:00:00
11841,305,temperature,25.42,2025-06-26 18:00:00
11842,255,rainfall,0.0,2025-11-04 10:00:00
11843,310,soil_moisture,36.68,2025-12-23 15:00:00
11844,268,rainfall,0.0,2025-12-24 15:00:00
11845,212,temperature,29.82,2025-11-16 22:00:00
11846,449,rainfall,0.0,2025-09-16 20:00:00
11847,440,humidity,48.31,2025-07-08 06:00:00
11848,6,humidity,61.8,2025-08-13 04:00:00
11849,185,soil_moisture,38.57,2026-03-04 15:00:00
11850,403,soil_moisture,43.45,2025-11-05 11:00:00
11851,283,temperature,27.49,2026-02-23 05:00:00
11852,263,temperature,23.94,2025-12-21 01:00:00
11853,364,soil_moisture,35.51,2025-12-20 12:00:00
11854,43,humidity,60.95,2025-09-13 11:00:00
11855,171,humidity,48.51,2026-01-16 00:00:00
11856,178,humidity,57.51,2025-12-16 03:00:00
11857,229,temperature,31.16,2025-11-12 07:00:00
11858,178,temperature,32.46,2025-12-15 11:00:00
11859,154,soil_moisture,28.09,2025-08-22 04:00:00
11860,53,rainfall,40.02,2026-03-03 12:00:00
11861,233,soil_moisture,25.77,2025-12-15 14:00:00
11862,129,temperature,33.02,2026-04-20 16:00:00
11863,283,soil_moisture,36.71,2026-02-23 06:00:00
11864,353,humidity,51.48,2026-03-19 21:00:00
11865,419,temperature,24.2,2025-09-24 06:00:00
11866,411,humidity,66.73,2025-08-25 05:00:00
11867,76,humidity,68.58,2026-04-16 18:00:00
11868,361,humidity,65.53,2025-10-19 11:00:00
11869,427,soil_moisture,27.03,2025-07-09 23:00:00
11870,343,humidity,60.43,2026-01-13 03:00:00
11871,49,temperature,25.45,2025-10-01 09:00:00
11872,140,soil_moisture,44.69,2025-09-12 07:00:00
11873,437,rainfall,0.0,2025-10-04 23:00:00
11874,389,soil_moisture,26.93,2026-03-17 04:00:00
11875,140,humidity,42.54,2025-09-12 08:00:00
11876,167,temperature,34.97,2025-12-24 17:00:00
11877,282,soil_moisture,41.34,2026-01-09 08:00:00
11878,444,rainfall,0.0,2025-12-12 23:00:00
11879,91,rainfall,0.0,2026-02-22 21:00:00
11880,122,soil_moisture,46.0,2025-12-22 21:00:00
11881,7,temperature,30.12,2025-12-17 10:00:00
11882,310,soil_moisture,31.14,2025-12-22 10:00:00
11883,296,soil_moisture,49.43,2025-08-22 13:00:00
11884,7,humidity,57.04,2025-12-15 06:00:00
11885,331,soil_moisture,38.57,2026-04-11 17:00:00
11886,82,soil_moisture,35.18,2026-02-20 11:00:00
11887,287,soil_moisture,45.65,2026-04-03 01:00:00
11888,431,rainfall,0.0,2025-07-02 01:00:00
11889,330,temperature,35.59,2025-10-02 03:00:00
11890,28,temperature,24.24,2025-07-09 04:00:00
11891,65,soil_moisture,49.0,2025-07-09 23:00:00
11892,324,humidity,65.43,2026-01-26 13:00:00
11893,396,humidity,45.1,2025-07-05 06:00:00
11894,61,rainfall,0.0,2026-02-05 11:00:00
11895,272,rainfall,24.16,2025-12-04 12:00:00
11896,30,rainfall,0.0,2025-08-21 00:00:00
11897,382,humidity,45.8,2025-07-31 05:00:00
11898,308,rainfall,0.0,2025-12-27 19:00:00
11899,160,humidity,63.36,2026-04-14 02:00:00
11900,294,soil_moisture,27.73,2026-01-04 19:00:00
11901,372,rainfall,0.0,2025-10-28 18:00:00
11902,160,humidity,70.82,2026-04-14 14:00:00
11903,61,soil_moisture,37.27,2026-02-05 02:00:00
11904,368,humidity,64.43,2026-03-04 23:00:00
11905,29,temperature,30.9,2026-01-19 17:00:00
11906,413,soil_moisture,33.69,2026-01-13 22:00:00
11907,220,humidity,45.57,2026-01-29 13:00:00
11908,419,humidity,54.76,2025-09-24 12:00:00
11909,129,humidity,40.96,2026-04-21 03:00:00
11910,346,soil_moisture,34.26,2025-09-24 13:00:00
11911,310,humidity,63.88,2025-12-22 19:00:00
11912,255,soil_moisture,41.62,2025-11-03 18:00:00
11913,53,rainfall,0.0,2026-03-02 02:00:00
11914,123,temperature,26.16,2025-11-16 14:00:00
11915,226,temperature,27.84,2026-04-22 23:00:00
11916,151,temperature,23.89,2026-03-18 10:00:00
11917,53,soil_moisture,23.06,2026-03-03 01:00:00
11918,29,soil_moisture,20.28,2026-01-20 02:00:00
11919,220,temperature,28.17,2026-01-29 03:00:00
11920,211,soil_moisture,25.37,2026-02-02 19:00:00
11921,376,temperature,30.29,2025-09-13 18:00:00
11922,219,soil_moisture,42.2,2025-11-20 07:00:00
11923,287,temperature,23.43,2026-04-05 00:00:00
11924,343,rainfall,43.93,2026-01-12 18:00:00
11925,353,rainfall,43.1,2026-03-19 23:00:00
11926,168,rainfall,26.84,2026-03-27 16:00:00
11927,351,temperature,19.84,2026-02-13 06:00:00
11928,273,humidity,42.75,2026-01-07 17:00:00
11929,53,temperature,23.01,2026-03-03 06:00:00
11930,235,humidity,66.74,2026-03-30 10:00:00
11931,346,temperature,33.19,2025-09-24 06:00:00
11932,401,soil_moisture,36.49,2025-12-09 11:00:00
11933,384,temperature,22.3,2025-08-17 11:00:00
11934,411,humidity,59.02,2025-08-25 03:00:00
11935,65,humidity,73.48,2025-07-08 20:00:00
11936,140,soil_moisture,40.0,2025-09-12 19:00:00
11937,135,rainfall,0.0,2025-12-06 15:00:00
11938,89,humidity,64.85,2026-02-28 04:00:00
11939,431,temperature,31.01,2025-07-01 04:00:00
11940,60,humidity,38.14,2026-03-05 06:00:00
11941,295,rainfall,0.0,2026-04-11 23:00:00
11942,140,humidity,46.43,2025-09-12 05:00:00
11943,167,humidity,67.05,2025-12-25 00:00:00
11944,140,temperature,32.94,2025-09-13 19:00:00
11945,71,rainfall,49.02,2025-10-01 05:00:00
11946,78,humidity,54.48,2025-09-25 17:00:00
11947,223,rainfall,0.0,2025-12-15 02:00:00
11948,184,humidity,50.06,2026-01-05 02:00:00
11949,361,humidity,65.66,2025-10-19 05:00:00
11950,377,rainfall,0.0,2025-07-11 23:00:00
11951,424,rainfall,0.0,2026-01-06 00:00:00
11952,24,rainfall,0.0,2026-03-04 05:00:00
11953,204,rainfall,0.0,2025-08-23 12:00:00
11954,103,temperature,23.3,2026-01-08 09:00:00
11955,229,humidity,61.8,2025-11-12 10:00:00
11956,168,temperature,26.87,2026-03-29 02:00:00
11957,122,humidity,72.38,2025-12-21 07:00:00
11958,160,humidity,63.9,2026-04-16 08:00:00
11959,140,humidity,46.3,2025-09-12 22:00:00
11960,103,soil_moisture,20.97,2026-01-08 04:00:00
11961,30,rainfall,0.0,2025-08-20 01:00:00
11962,421,rainfall,34.53,2025-07-12 20:00:00
11963,371,temperature,29.1,2026-03-30 21:00:00
11964,78,soil_moisture,40.67,2025-09-27 03:00:00
11965,91,humidity,61.41,2026-02-23 10:00:00
11966,296,temperature,36.41,2025-08-21 12:00:00
11967,205,rainfall,38.27,2025-12-24 01:00:00
11968,10,soil_moisture,33.06,2026-03-28 01:00:00
11969,46,rainfall,0.0,2025-09-20 00:00:00
11970,215,rainfall,30.57,2026-03-14 12:00:00
11971,293,rainfall,0.0,2026-02-08 08:00:00
11972,238,rainfall,0.0,2025-11-25 08:00:00
11973,425,temperature,32.68,2025-09-08 19:00:00
11974,1,soil_moisture,38.29,2026-03-02 01:00:00
11975,385,temperature,18.76,2026-03-23 11:00:00
11976,427,soil_moisture,29.22,2025-07-11 22:00:00
11977,257,soil_moisture,26.86,2025-07-04 17:00:00
11978,117,rainfall,34.83,2025-08-21 18:00:00
11979,201,humidity,64.53,2026-03-30 23:00:00
11980,368,soil_moisture,29.22,2026-03-04 12:00:00
11981,385,temperature,26.2,2026-03-23 17:00:00
11982,197,rainfall,0.0,2026-03-15 15:00:00
11983,411,soil_moisture,34.94,2025-08-24 14:00:00
11984,137,temperature,22.67,2026-03-12 06:00:00
11985,447,temperature,22.94,2025-09-18 02:00:00
11986,17,soil_moisture,25.92,2025-07-19 08:00:00
11987,159,soil_moisture,23.82,2025-09-20 05:00:00
11988,321,rainfall,0.0,2025-09-12 04:00:00
11989,105,rainfall,28.91,2026-01-29 02:00:00
11990,184,humidity,37.99,2026-01-06 22:00:00
11991,10,humidity,34.59,2026-03-30 16:00:00
11992,372,rainfall,0.0,2025-10-29 04:00:00
11993,449,humidity,72.12,2025-09-16 03:00:00
11994,140,temperature,28.12,2025-09-13 00:00:00
11995,211,humidity,69.32,2026-02-03 13:00:00
11996,351,rainfall,0.0,2026-02-12 07:00:00
11997,303,humidity,53.13,2025-08-23 07:00:00
11998,18,temperature,27.83,2026-03-15 17:00:00
11999,215,humidity,51.64,2026-03-15 14:00:00
12000,223,soil_moisture,24.02,2025-12-14 05:00:00
12001,78,humidity,39.09,2025-09-26 06:00:00
12002,148,humidity,57.39,2025-12-03 22:00:00
12003,76,temperature,23.99,2026-04-16 08:00:00
12004,367,temperature,33.38,2025-11-23 01:00:00
12005,343,humidity,67.93,2026-01-13 17:00:00
12006,292,rainfall,0.0,2025-09-25 01:00:00
12007,227,rainfall,44.6,2025-10-18 15:00:00
12008,335,humidity,69.78,2025-09-04 23:00:00
12009,389,rainfall,0.0,2026-03-17 06:00:00
12010,208,humidity,61.9,2026-01-16 08:00:00
12011,48,rainfall,0.0,2025-12-30 20:00:00
12012,277,humidity,76.86,2025-09-10 21:00:00
12013,385,rainfall,0.0,2026-03-22 09:00:00
12014,32,humidity,65.47,2025-07-27 15:00:00
12015,66,rainfall,0.0,2026-01-06 16:00:00
12016,170,soil_moisture,39.57,2025-07-04 13:00:00
12017,197,humidity,46.17,2026-03-16 18:00:00
12018,298,soil_moisture,41.57,2025-09-11 19:00:00
12019,201,soil_moisture,28.82,2026-04-01 06:00:00
12020,133,soil_moisture,35.42,2025-07-02 09:00:00
12021,215,rainfall,18.87,2026-03-15 05:00:00
12022,290,temperature,31.41,2026-02-26 02:00:00
12023,147,soil_moisture,28.24,2026-03-10 08:00:00
12024,44,temperature,27.25,2025-10-07 15:00:00
12025,229,soil_moisture,38.15,2025-11-13 10:00:00
12026,322,soil_moisture,20.38,2026-01-16 14:00:00
12027,371,rainfall,0.0,2026-03-30 03:00:00
12028,133,soil_moisture,35.32,2025-07-03 19:00:00
12029,135,temperature,26.73,2025-12-06 04:00:00
12030,50,humidity,36.01,2026-03-11 04:00:00
12031,129,temperature,31.43,2026-04-21 04:00:00
12032,442,rainfall,0.0,2025-10-16 12:00:00
12033,413,humidity,44.38,2026-01-13 02:00:00
12034,305,rainfall,0.0,2025-06-26 14:00:00
12035,90,temperature,31.1,2025-08-20 09:00:00
12036,9,rainfall,0.0,2025-09-19 05:00:00
12037,160,rainfall,0.0,2026-04-14 20:00:00
12038,444,temperature,28.65,2025-12-11 16:00:00
12039,191,temperature,32.04,2026-04-06 20:00:00
12040,133,humidity,68.44,2025-07-03 08:00:00
12041,163,temperature,21.07,2025-07-05 09:00:00
12042,361,temperature,22.91,2025-10-19 01:00:00
12043,72,temperature,25.27,2025-08-20 00:00:00
12044,411,temperature,28.33,2025-08-23 16:00:00
12045,428,rainfall,0.0,2026-01-30 14:00:00
12046,147,humidity,68.76,2026-03-08 23:00:00
12047,46,temperature,33.6,2025-09-19 02:00:00
12048,308,temperature,23.0,2025-12-27 09:00:00
12049,117,temperature,22.74,2025-08-23 04:00:00
12050,436,soil_moisture,27.32,2026-02-11 09:00:00
12051,129,temperature,36.66,2026-04-20 17:00:00
12052,192,humidity,41.13,2026-01-20 23:00:00
12053,129,temperature,30.94,2026-04-20 07:00:00
12054,300,rainfall,0.0,2025-10-25 02:00:00
12055,440,humidity,44.35,2025-07-08 08:00:00
12056,226,temperature,30.44,2026-04-21 19:00:00
12057,386,humidity,65.06,2026-04-05 22:00:00
12058,330,rainfall,0.0,2025-10-02 05:00:00
12059,205,temperature,24.88,2025-12-24 19:00:00
12060,233,rainfall,39.05,2025-12-15 01:00:00
12061,303,temperature,30.27,2025-08-22 00:00:00
12062,30,humidity,58.41,2025-08-20 05:00:00
12063,78,humidity,49.53,2025-09-26 09:00:00
12064,440,temperature,25.5,2025-07-09 00:00:00
12065,354,humidity,66.53,2026-03-07 06:00:00
12066,166,humidity,51.25,2025-11-30 16:00:00
12067,308,temperature,24.96,2025-12-27 21:00:00
12068,5,rainfall,0.0,2026-04-09 04:00:00
12069,403,rainfall,41.29,2025-11-05 09:00:00
12070,165,soil_moisture,29.9,2025-06-30 11:00:00
12071,418,soil_moisture,37.38,2025-09-05 05:00:00
12072,220,humidity,49.61,2026-01-31 00:00:00
12073,372,humidity,49.42,2025-10-28 10:00:00
12074,440,temperature,25.06,2025-07-09 06:00:00
12075,140,rainfall,41.34,2025-09-14 07:00:00
12076,343,temperature,24.56,2026-01-13 01:00:00
12077,197,rainfall,0.0,2026-03-16 10:00:00
12078,7,humidity,56.1,2025-12-16 03:00:00
12079,287,humidity,49.89,2026-04-03 01:00:00
12080,309,temperature,18.29,2026-04-08 12:00:00
12081,1,temperature,26.98,2026-03-02 04:00:00
12082,59,temperature,23.02,2025-12-08 05:00:00
12083,309,rainfall,50.55,2026-04-07 23:00:00
12084,126,temperature,33.9,2025-08-17 06:00:00
12085,66,soil_moisture,28.46,2026-01-07 01:00:00
12086,29,soil_moisture,26.53,2026-01-18 12:00:00
12087,377,rainfall,0.0,2025-07-12 20:00:00
12088,449,humidity,74.57,2025-09-15 14:00:00
12089,197,rainfall,0.0,2026-03-15 22:00:00
12090,163,rainfall,0.0,2025-07-03 20:00:00
12091,210,humidity,63.27,2025-11-05 11:00:00
12092,136,rainfall,0.0,2025-11-11 21:00:00
12093,208,rainfall,0.0,2026-01-16 17:00:00
12094,6,soil_moisture,46.42,2025-08-12 06:00:00
12095,288,humidity,65.64,2025-07-07 12:00:00
12096,340,rainfall,0.0,2025-12-25 07:00:00
12097,419,humidity,57.39,2025-09-24 21:00:00
12098,424,rainfall,0.0,2026-01-05 08:00:00
12099,65,rainfall,0.0,2025-07-09 10:00:00
12100,29,rainfall,0.0,2026-01-20 15:00:00
12101,61,soil_moisture,38.64,2026-02-05 07:00:00
12102,135,temperature,25.98,2025-12-05 14:00:00
12103,294,temperature,29.11,2026-01-04 08:00:00
12104,178,rainfall,0.0,2025-12-16 08:00:00
12105,148,rainfall,0.0,2025-12-04 05:00:00
12106,185,rainfall,0.0,2026-03-05 03:00:00
12107,322,rainfall,0.0,2026-01-16 01:00:00
12108,190,rainfall,32.96,2026-02-11 03:00:00
12109,260,humidity,61.35,2025-09-21 15:00:00
12110,215,rainfall,28.29,2026-03-15 06:00:00
12111,419,soil_moisture,34.05,2025-09-24 20:00:00
12112,255,rainfall,29.04,2025-11-02 11:00:00
12113,147,soil_moisture,24.36,2026-03-09 23:00:00
12114,32,humidity,68.8,2025-07-26 17:00:00
12115,306,temperature,32.51,2025-12-29 18:00:00
12116,377,soil_moisture,33.63,2025-07-12 03:00:00
12117,163,humidity,57.07,2025-07-05 16:00:00
12118,30,humidity,57.21,2025-08-20 15:00:00
12119,295,soil_moisture,30.17,2026-04-10 17:00:00
12120,324,humidity,60.28,2026-01-26 04:00:00
12121,449,temperature,32.68,2025-09-16 06:00:00
12122,308,soil_moisture,33.66,2025-12-27 01:00:00
12123,55,humidity,57.63,2025-09-01 15:00:00
12124,298,humidity,57.59,2025-09-11 22:00:00
12125,123,soil_moisture,36.69,2025-11-16 19:00:00
12126,391,humidity,53.47,2025-06-27 02:00:00
12127,114,humidity,36.59,2026-04-19 13:00:00
12128,201,rainfall,0.0,2026-04-01 00:00:00
12129,171,temperature,27.12,2026-01-17 05:00:00
12130,442,soil_moisture,47.62,2025-10-14 14:00:00
12131,125,soil_moisture,38.47,2025-11-21 03:00:00
12132,222,temperature,27.51,2025-10-16 07:00:00
12133,321,humidity,56.66,2025-09-10 17:00:00
12134,1,soil_moisture,29.15,2026-02-28 11:00:00
12135,90,temperature,28.33,2025-08-20 15:00:00
12136,61,temperature,25.2,2026-02-06 19:00:00
12137,343,rainfall,0.0,2026-01-12 02:00:00
12138,160,rainfall,44.06,2026-04-14 12:00:00
12139,268,soil_moisture,40.17,2025-12-23 09:00:00
12140,376,humidity,56.61,2025-09-14 11:00:00
12141,72,humidity,49.16,2025-08-21 05:00:00
12142,114,soil_moisture,27.72,2026-04-20 01:00:00
12143,166,soil_moisture,24.26,2025-11-29 03:00:00
12144,146,temperature,23.0,2025-08-16 21:00:00
12145,135,rainfall,0.0,2025-12-06 11:00:00
12146,233,rainfall,0.0,2025-12-14 12:00:00
12147,148,temperature,30.76,2025-12-03 13:00:00
12148,235,humidity,51.51,2026-03-31 10:00:00
12149,238,humidity,73.2,2025-11-25 22:00:00
12150,308,rainfall,34.06,2025-12-27 03:00:00
12151,201,soil_moisture,25.25,2026-03-30 07:00:00
12152,227,humidity,67.18,2025-10-17 20:00:00
12153,391,humidity,56.02,2025-06-26 15:00:00
12154,385,humidity,52.01,2026-03-23 14:00:00
12155,351,rainfall,18.55,2026-02-12 13:00:00
12156,159,rainfall,0.0,2025-09-19 22:00:00
12157,323,soil_moisture,36.06,2025-07-26 01:00:00
12158,137,rainfall,0.0,2026-03-12 03:00:00
12159,322,temperature,22.86,2026-01-17 09:00:00
12160,377,soil_moisture,33.77,2025-07-11 13:00:00
12161,193,temperature,28.14,2026-03-19 14:00:00
12162,448,rainfall,0.0,2025-12-13 04:00:00
12163,346,humidity,68.18,2025-09-25 20:00:00
12164,82,humidity,46.55,2026-02-22 02:00:00
12165,50,rainfall,0.0,2026-03-09 12:00:00
12166,282,temperature,31.97,2026-01-09 18:00:00
12167,322,humidity,52.44,2026-01-17 06:00:00
12168,5,temperature,30.39,2026-04-07 11:00:00
12169,129,humidity,36.94,2026-04-19 08:00:00
12170,444,temperature,28.85,2025-12-13 05:00:00
12171,169,humidity,66.14,2026-03-23 18:00:00
12172,293,rainfall,0.0,2026-02-08 18:00:00
12173,28,soil_moisture,36.58,2025-07-10 11:00:00
12174,55,soil_moisture,29.14,2025-08-31 06:00:00
12175,170,rainfall,41.52,2025-07-03 22:00:00
12176,77,temperature,21.56,2026-03-27 23:00:00
12177,157,humidity,27.64,2026-01-19 17:00:00
12178,18,soil_moisture,34.28,2026-03-16 16:00:00
12179,318,temperature,31.13,2026-04-04 10:00:00
12180,113,soil_moisture,35.02,2025-07-28 19:00:00
12181,123,soil_moisture,34.11,2025-11-15 14:00:00
12182,211,humidity,62.06,2026-02-04 11:00:00
12183,364,temperature,33.19,2025-12-20 07:00:00
12184,403,humidity,53.8,2025-11-06 01:00:00
12185,171,temperature,30.89,2026-01-16 23:00:00
12186,184,soil_moisture,29.21,2026-01-06 00:00:00
12187,227,temperature,37.9,2025-10-16 07:00:00
12188,125,rainfall,61.21,2025-11-22 01:00:00
12189,166,soil_moisture,30.07,2025-11-29 05:00:00
12190,71,soil_moisture,45.9,2025-10-02 05:00:00
12191,114,soil_moisture,27.28,2026-04-19 06:00:00
12192,165,temperature,19.63,2025-06-30 07:00:00
12193,330,soil_moisture,23.07,2025-10-01 08:00:00
12194,371,temperature,28.04,2026-03-30 11:00:00
12195,343,temperature,25.96,2026-01-13 11:00:00
12196,287,rainfall,54.73,2026-04-03 16:00:00
12197,210,temperature,29.48,2025-11-05 09:00:00
12198,49,rainfall,38.3,2025-09-29 22:00:00
12199,193,humidity,55.71,2026-03-18 15:00:00
12200,66,temperature,16.98,2026-01-07 07:00:00
12201,421,soil_moisture,28.92,2025-07-12 19:00:00
12202,226,rainfall,0.0,2026-04-22 19:00:00
12203,123,rainfall,0.0,2025-11-16 19:00:00
12204,306,humidity,76.63,2025-12-29 07:00:00
12205,142,humidity,69.35,2025-11-17 06:00:00
12206,257,humidity,67.3,2025-07-05 01:00:00
12207,45,humidity,40.28,2026-02-09 00:00:00
12208,298,soil_moisture,45.01,2025-09-11 20:00:00
12209,298,humidity,52.19,2025-09-13 13:00:00
12210,370,rainfall,34.25,2025-07-10 03:00:00
12211,170,humidity,41.8,2025-07-04 16:00:00
12212,191,soil_moisture,34.76,2026-04-06 16:00:00
12213,362,rainfall,0.0,2026-04-17 20:00:00
12214,65,humidity,68.13,2025-07-08 19:00:00
12215,61,temperature,29.02,2026-02-07 02:00:00
12216,376,soil_moisture,41.62,2025-09-13 19:00:00
12217,114,temperature,21.59,2026-04-19 01:00:00
12218,356,humidity,73.72,2025-12-12 20:00:00
12219,260,temperature,32.25,2025-09-22 00:00:00
12220,353,temperature,19.01,2026-03-20 01:00:00
12221,282,humidity,62.19,2026-01-11 12:00:00
12222,296,soil_moisture,38.07,2025-08-21 05:00:00
12223,186,humidity,63.74,2026-01-28 07:00:00
12224,294,rainfall,35.11,2026-01-04 15:00:00
12225,43,soil_moisture,39.22,2025-09-12 18:00:00
12226,184,humidity,44.93,2026-01-07 12:00:00
12227,309,temperature,22.15,2026-04-09 02:00:00
12228,60,soil_moisture,28.08,2026-03-05 20:00:00
12229,82,humidity,49.35,2026-02-20 14:00:00
12230,351,temperature,21.28,2026-02-12 10:00:00
12231,48,temperature,33.34,2025-12-30 22:00:00
12232,324,temperature,27.83,2026-01-25 06:00:00
12233,167,temperature,33.56,2025-12-25 09:00:00
12234,28,temperature,20.44,2025-07-11 06:00:00
12235,16,temperature,24.28,2025-08-20 15:00:00
12236,9,temperature,35.42,2025-09-21 13:00:00
12237,403,rainfall,0.0,2025-11-07 05:00:00
12238,18,humidity,48.27,2026-03-15 07:00:00
12239,321,humidity,52.2,2025-09-11 03:00:00
12240,211,temperature,22.95,2026-02-02 23:00:00
12241,238,temperature,29.99,2025-11-24 17:00:00
12242,13,soil_moisture,42.02,2025-11-03 05:00:00
12243,391,humidity,49.82,2025-06-26 18:00:00
12244,351,rainfall,23.51,2026-02-13 09:00:00
12245,134,humidity,55.83,2026-01-07 22:00:00
12246,154,temperature,31.04,2025-08-21 04:00:00
12247,321,soil_moisture,30.28,2025-09-11 06:00:00
12248,30,soil_moisture,37.06,2025-08-20 16:00:00
12249,331,soil_moisture,39.04,2026-04-11 07:00:00
12250,103,rainfall,0.0,2026-01-09 07:00:00
12251,129,soil_moisture,28.92,2026-04-19 18:00:00
12252,282,humidity,53.47,2026-01-09 13:00:00
12253,180,soil_moisture,39.92,2025-12-24 19:00:00
12254,418,temperature,30.36,2025-09-05 10:00:00
12255,169,rainfall,0.0,2026-03-23 04:00:00
12256,263,soil_moisture,32.33,2025-12-23 02:00:00
12257,401,temperature,22.27,2025-12-10 07:00:00
12258,341,humidity,53.97,2025-11-25 19:00:00
12259,351,temperature,22.61,2026-02-12 01:00:00
12260,305,rainfall,0.0,2025-06-28 06:00:00
12261,311,humidity,48.43,2025-10-09 11:00:00
12262,427,temperature,37.09,2025-07-09 22:00:00
12263,212,rainfall,0.0,2025-11-16 17:00:00
12264,436,rainfall,0.0,2026-02-12 14:00:00
12265,428,rainfall,0.0,2026-01-30 20:00:00
12266,444,humidity,62.5,2025-12-12 04:00:00
12267,44,soil_moisture,26.02,2025-10-06 23:00:00
12268,91,soil_moisture,39.35,2026-02-24 03:00:00
12269,321,humidity,56.92,2025-09-10 13:00:00
12270,186,humidity,70.25,2026-01-29 16:00:00
12271,142,temperature,30.64,2025-11-16 18:00:00
12272,364,humidity,59.44,2025-12-21 01:00:00
12273,376,rainfall,0.0,2025-09-14 16:00:00
12274,117,rainfall,0.0,2025-08-22 12:00:00
12275,76,temperature,19.39,2026-04-16 18:00:00
12276,147,temperature,28.98,2026-03-08 12:00:00
12277,53,humidity,38.83,2026-03-03 07:00:00
12278,210,rainfall,46.08,2025-11-05 23:00:00
12279,424,humidity,35.26,2026-01-06 23:00:00
12280,292,rainfall,0.0,2025-09-25 05:00:00
12281,367,soil_moisture,45.46,2025-11-21 10:00:00
12282,277,temperature,28.41,2025-09-10 09:00:00
12283,323,humidity,58.0,2025-07-26 18:00:00
12284,437,humidity,56.44,2025-10-05 08:00:00
12285,442,temperature,36.62,2025-10-15 12:00:00
12286,191,soil_moisture,34.06,2026-04-06 02:00:00
12287,91,humidity,70.81,2026-02-22 13:00:00
12288,444,rainfall,0.0,2025-12-11 06:00:00
12289,61,soil_moisture,38.23,2026-02-07 14:00:00
12290,82,rainfall,0.0,2026-02-20 16:00:00
12291,340,humidity,47.07,2025-12-26 12:00:00
12292,361,soil_moisture,26.04,2025-10-20 17:00:00
12293,396,humidity,37.18,2025-07-05 03:00:00
12294,440,rainfall,0.0,2025-07-09 10:00:00
12295,436,humidity,66.06,2026-02-11 06:00:00
12296,9,humidity,52.51,2025-09-21 04:00:00
12297,447,humidity,63.13,2025-09-19 23:00:00
12298,192,soil_moisture,27.85,2026-01-20 06:00:00
12299,178,temperature,29.9,2025-12-16 19:00:00
12300,277,rainfall,0.0,2025-09-11 04:00:00
12301,142,humidity,78.52,2025-11-15 15:00:00
12302,233,humidity,55.78,2025-12-15 15:00:00
12303,396,rainfall,0.0,2025-07-04 03:00:00
12304,44,rainfall,0.0,2025-10-07 12:00:00
12305,377,rainfall,0.0,2025-07-11 21:00:00
12306,368,soil_moisture,22.35,2026-03-06 07:00:00
12307,282,temperature,30.44,2026-01-09 11:00:00
12308,331,rainfall,0.0,2026-04-11 01:00:00
12309,125,temperature,23.33,2025-11-20 20:00:00
12310,180,temperature,25.15,2025-12-24 22:00:00
12311,142,rainfall,0.0,2025-11-17 03:00:00
12312,401,humidity,57.37,2025-12-11 05:00:00
12313,148,temperature,32.27,2025-12-03 19:00:00
12314,370,rainfall,38.67,2025-07-09 09:00:00
12315,377,temperature,32.75,2025-07-13 05:00:00
12316,272,soil_moisture,47.93,2025-12-02 07:00:00
12317,105,temperature,21.24,2026-01-28 02:00:00
12318,78,temperature,34.73,2025-09-26 01:00:00
12319,16,humidity,70.56,2025-08-19 13:00:00
12320,49,temperature,26.54,2025-09-29 09:00:00
12321,168,humidity,68.05,2026-03-28 20:00:00
12322,386,temperature,28.63,2026-04-04 07:00:00
12323,310,soil_moisture,28.5,2025-12-23 22:00:00
12324,77,humidity,54.53,2026-03-26 23:00:00
12325,16,temperature,21.08,2025-08-19 05:00:00
12326,263,humidity,54.8,2025-12-21 20:00:00
12327,13,humidity,67.91,2025-11-01 10:00:00
12328,402,soil_moisture,23.0,2026-03-30 07:00:00
12329,17,temperature,30.14,2025-07-19 11:00:00
12330,233,rainfall,56.18,2025-12-16 09:00:00
12331,293,rainfall,51.87,2026-02-09 00:00:00
12332,382,humidity,45.15,2025-07-31 12:00:00
12333,419,soil_moisture,30.13,2025-09-26 00:00:00
12334,148,rainfall,0.0,2025-12-02 20:00:00
12335,305,humidity,43.93,2025-06-27 03:00:00
12336,61,rainfall,0.0,2026-02-06 02:00:00
12337,385,temperature,23.57,2026-03-23 07:00:00
12338,55,temperature,30.86,2025-08-31 17:00:00
12339,210,soil_moisture,40.68,2025-11-05 18:00:00
12340,184,rainfall,0.0,2026-01-06 22:00:00
12341,238,rainfall,0.0,2025-11-24 14:00:00
12342,223,humidity,65.35,2025-12-13 13:00:00
12343,177,rainfall,0.0,2026-03-12 02:00:00
12344,74,soil_moisture,41.23,2025-10-22 14:00:00
12345,125,temperature,26.65,2025-11-21 08:00:00
12346,193,soil_moisture,37.61,2026-03-18 12:00:00
12347,159,temperature,30.34,2025-09-19 01:00:00
12348,163,soil_moisture,46.33,2025-07-04 04:00:00
12349,105,temperature,22.13,2026-01-27 15:00:00
12350,323,humidity,52.63,2025-07-26 13:00:00
12351,421,temperature,26.77,2025-07-11 19:00:00
12352,330,rainfall,51.9,2025-10-01 23:00:00
12353,263,temperature,26.51,2025-12-21 21:00:00
12354,1,rainfall,0.0,2026-03-01 20:00:00
12355,382,temperature,25.8,2025-07-31 16:00:00
12356,298,temperature,29.06,2025-09-13 10:00:00
12357,71,soil_moisture,48.35,2025-10-01 02:00:00
12358,161,temperature,28.57,2026-01-07 05:00:00
12359,29,rainfall,23.38,2026-01-19 16:00:00
12360,66,rainfall,26.8,2026-01-06 06:00:00
12361,204,soil_moisture,37.55,2025-08-25 11:00:00
12362,364,temperature,37.08,2025-12-21 17:00:00
12363,190,humidity,41.34,2026-02-11 01:00:00
12364,255,humidity,52.24,2025-11-02 21:00:00
12365,290,soil_moisture,24.66,2026-02-25 19:00:00
12366,129,humidity,500.0,2026-04-19 22:00:00
12367,114,soil_moisture,27.11,2026-04-20 03:00:00
12368,204,humidity,61.75,2025-08-24 00:00:00
12369,135,temperature,27.52,2025-12-07 01:00:00
12370,310,rainfall,0.0,2025-12-24 00:00:00
12371,396,rainfall,0.0,2025-07-05 01:00:00
12372,372,soil_moisture,36.37,2025-10-28 15:00:00
12373,219,humidity,75.31,2025-11-20 14:00:00
12374,323,rainfall,25.21,2025-07-26 11:00:00
12375,78,humidity,45.34,2025-09-25 08:00:00
12376,142,humidity,72.4,2025-11-16 09:00:00
12377,192,humidity,52.87,2026-01-21 22:00:00
12378,277,humidity,75.13,2025-09-10 15:00:00
12379,371,humidity,55.72,2026-03-30 15:00:00
12380,208,soil_moisture,27.38,2026-01-15 01:00:00
12381,277,soil_moisture,33.78,2025-09-11 02:00:00
12382,326,rainfall,0.0,2026-03-27 12:00:00
12383,66,humidity,42.15,2026-01-06 12:00:00
12384,184,soil_moisture,30.97,2026-01-06 04:00:00
12385,226,temperature,31.18,2026-04-21 15:00:00
12386,60,rainfall,0.0,2026-03-05 11:00:00
12387,227,soil_moisture,46.92,2025-10-17 11:00:00
12388,49,soil_moisture,32.88,2025-09-30 17:00:00
12389,29,soil_moisture,25.53,2026-01-18 16:00:00
12390,431,soil_moisture,37.2,2025-07-03 02:00:00
12391,268,humidity,59.1,2025-12-23 09:00:00
12392,402,rainfall,51.51,2026-03-28 01:00:00
12393,13,rainfall,0.0,2025-11-01 04:00:00
12394,335,soil_moisture,35.01,2025-09-05 10:00:00
12395,70,humidity,62.12,2025-12-11 01:00:00
12396,295,rainfall,0.0,2026-04-12 09:00:00
12397,66,humidity,39.55,2026-01-07 02:00:00
12398,285,humidity,50.25,2025-09-06 11:00:00
12399,117,temperature,21.46,2025-08-23 03:00:00
12400,331,temperature,23.77,2026-04-10 17:00:00
12401,148,soil_moisture,53.97,2025-12-03 04:00:00
12402,288,temperature,28.79,2025-07-06 09:00:00
12403,440,temperature,26.67,2025-07-08 10:00:00
12404,342,soil_moisture,33.73,2026-03-28 07:00:00
12405,137,soil_moisture,21.45,2026-03-14 21:00:00
12406,125,temperature,24.07,2025-11-20 19:00:00
12407,178,soil_moisture,32.99,2025-12-17 16:00:00
12408,425,rainfall,0.0,2025-09-09 08:00:00
12409,331,temperature,22.9,2026-04-11 18:00:00
12410,184,soil_moisture,30.81,2026-01-06 15:00:00
12411,165,soil_moisture,31.75,2025-07-02 12:00:00
12412,235,rainfall,36.53,2026-03-30 12:00:00
12413,65,rainfall,0.0,2025-07-08 07:00:00
12414,208,rainfall,0.0,2026-01-16 09:00:00
12415,255,rainfall,0.0,2025-11-03 12:00:00
12416,330,rainfall,58.48,2025-10-03 04:00:00
12417,78,temperature,32.12,2025-09-26 15:00:00
12418,71,soil_moisture,51.44,2025-10-02 12:00:00
12419,36,humidity,52.88,2026-03-18 11:00:00
12420,226,soil_moisture,31.66,2026-04-21 21:00:00
12421,326,rainfall,30.99,2026-03-27 18:00:00
12422,376,rainfall,0.0,2025-09-14 09:00:00
12423,220,temperature,27.1,2026-01-29 02:00:00
12424,290,humidity,56.33,2026-02-27 10:00:00
12425,294,humidity,48.6,2026-01-03 02:00:00
12426,300,temperature,21.09,2025-10-26 02:00:00
12427,298,humidity,52.86,2025-09-11 14:00:00
12428,147,temperature,26.57,2026-03-10 13:00:00
12429,424,rainfall,0.0,2026-01-06 07:00:00
12430,4,temperature,28.0,2026-04-11 10:00:00
12431,223,soil_moisture,32.4,2025-12-15 10:00:00
12432,78,rainfall,0.0,2025-09-25 07:00:00
12433,294,temperature,26.02,2026-01-03 14:00:00
12434,190,rainfall,34.55,2026-02-10 13:00:00
12435,354,temperature,32.2,2026-03-08 04:00:00
12436,306,soil_moisture,32.7,2025-12-31 00:00:00
12437,377,rainfall,0.0,2025-07-11 02:00:00
12438,170,temperature,30.38,2025-07-05 05:00:00
12439,255,temperature,30.1,2025-11-02 03:00:00
12440,219,humidity,73.73,2025-11-20 19:00:00
12441,146,humidity,49.62,2025-08-17 11:00:00
12442,9,soil_moisture,38.37,2025-09-20 05:00:00
12443,411,soil_moisture,36.58,2025-08-24 10:00:00
12444,447,temperature,21.59,2025-09-18 01:00:00
12445,367,rainfall,35.8,2025-11-21 13:00:00
12446,356,humidity,78.03,2025-12-12 09:00:00
12447,285,temperature,30.89,2025-09-06 05:00:00
12448,385,soil_moisture,28.22,2026-03-22 12:00:00
12449,428,temperature,20.71,2026-01-30 04:00:00
12450,59,soil_moisture,48.47,2025-12-08 23:00:00
12451,340,humidity,56.08,2025-12-26 16:00:00
12452,154,soil_moisture,33.67,2025-08-22 11:00:00
12453,170,temperature,29.86,2025-07-03 01:00:00
12454,48,soil_moisture,54.79,2025-12-30 12:00:00
12455,185,temperature,30.37,2026-03-05 06:00:00
12456,115,humidity,73.89,2025-10-25 19:00:00
12457,13,humidity,74.16,2025-11-01 19:00:00
12458,346,soil_moisture,30.53,2025-09-26 05:00:00
12459,117,rainfall,0.0,2025-08-22 04:00:00
12460,226,soil_moisture,33.24,2026-04-21 03:00:00
12461,103,humidity,45.45,2026-01-09 18:00:00
12462,413,temperature,29.22,2026-01-12 01:00:00
12463,154,rainfall,35.08,2025-08-22 12:00:00
12464,321,temperature,21.63,2025-09-12 04:00:00
12465,59,humidity,71.51,2025-12-08 05:00:00
12466,5,temperature,31.34,2026-04-09 02:00:00
12467,134,rainfall,0.0,2026-01-07 10:00:00
12468,235,humidity,54.33,2026-03-31 11:00:00
12469,340,soil_moisture,31.95,2025-12-27 08:00:00
12470,135,humidity,64.86,2025-12-06 03:00:00
12471,340,soil_moisture,27.25,2025-12-27 01:00:00
12472,136,temperature,30.15,2025-11-10 22:00:00
12473,1,humidity,66.04,2026-03-01 19:00:00
12474,113,humidity,44.6,2025-07-27 05:00:00
12475,163,temperature,24.76,2025-07-05 13:00:00
12476,343,soil_moisture,37.53,2026-01-14 06:00:00
12477,449,humidity,72.24,2025-09-15 20:00:00
12478,381,temperature,34.4,2025-10-24 17:00:00
12479,437,soil_moisture,42.6,2025-10-04 04:00:00
12480,115,soil_moisture,42.76,2025-10-25 08:00:00
12481,282,soil_moisture,33.57,2026-01-09 21:00:00
12482,212,temperature,26.77,2025-11-16 03:00:00
12483,13,temperature,23.89,2025-11-02 07:00:00
12484,391,temperature,25.46,2025-06-28 08:00:00
12485,159,humidity,40.84,2025-09-19 13:00:00
12486,140,rainfall,0.0,2025-09-12 05:00:00
12487,166,temperature,30.06,2025-11-30 10:00:00
12488,421,temperature,23.6,2025-07-11 18:00:00
12489,448,soil_moisture,35.21,2025-12-14 20:00:00
12490,148,rainfall,44.92,2025-12-04 11:00:00
12491,60,temperature,28.7,2026-03-06 03:00:00
12492,140,humidity,45.23,2025-09-13 11:00:00
12493,94,soil_moisture,33.21,2025-09-29 16:00:00
12494,163,soil_moisture,45.97,2025-07-03 20:00:00
12495,305,rainfall,0.0,2025-06-27 09:00:00
12496,43,humidity,61.76,2025-09-12 11:00:00
12497,167,temperature,35.73,2025-12-25 10:00:00
12498,47,soil_moisture,40.68,2025-10-04 21:00:00
12499,403,temperature,31.39,2025-11-05 22:00:00
12500,126,rainfall,0.0,2025-08-18 06:00:00
12501,436,temperature,27.27,2026-02-11 06:00:00
12502,171,humidity,43.31,2026-01-17 07:00:00
12503,272,soil_moisture,46.78,2025-12-04 16:00:00
12504,178,rainfall,500.0,2025-12-15 15:00:00
12505,371,soil_moisture,26.79,2026-03-30 13:00:00
12506,263,humidity,52.09,2025-12-23 02:00:00
12507,129,soil_moisture,31.2,2026-04-19 22:00:00
12508,142,humidity,70.57,2025-11-16 22:00:00
12509,342,humidity,64.58,2026-03-28 09:00:00
12510,240,rainfall,38.87,2026-04-22 02:00:00
12511,324,soil_moisture,22.31,2026-01-27 03:00:00
12512,431,rainfall,0.0,2025-07-02 17:00:00
12513,47,rainfall,0.0,2025-10-04 12:00:00
12514,184,humidity,40.11,2026-01-07 01:00:00
12515,126,soil_moisture,27.01,2025-08-17 16:00:00
12516,385,humidity,53.21,2026-03-23 02:00:00
12517,89,humidity,67.37,2026-02-27 07:00:00
12518,65,soil_moisture,49.49,2025-07-09 18:00:00
12519,161,rainfall,0.0,2026-01-08 15:00:00
12520,396,temperature,29.63,2025-07-04 13:00:00
12521,283,rainfall,0.0,2026-02-21 01:00:00
12522,99,humidity,45.19,2025-10-09 10:00:00
12523,148,humidity,65.36,2025-12-03 00:00:00
12524,159,soil_moisture,30.51,2025-09-19 20:00:00
12525,361,humidity,62.15,2025-10-19 01:00:00
12526,384,temperature,24.84,2025-08-16 19:00:00
12527,78,rainfall,0.0,2025-09-26 16:00:00
12528,190,humidity,28.34,2026-02-09 14:00:00
12529,36,humidity,50.42,2026-03-20 01:00:00
12530,47,rainfall,0.0,2025-10-05 22:00:00
12531,72,humidity,49.73,2025-08-19 22:00:00
12532,193,humidity,56.57,2026-03-18 13:00:00
12533,151,soil_moisture,23.37,2026-03-16 06:00:00
12534,351,temperature,23.74,2026-02-13 10:00:00
12535,94,humidity,67.89,2025-09-29 21:00:00
12536,396,humidity,51.63,2025-07-05 08:00:00
12537,449,temperature,34.36,2025-09-15 13:00:00
12538,178,soil_moisture,27.16,2025-12-15 21:00:00
12539,431,rainfall,0.0,2025-07-02 13:00:00
12540,285,rainfall,0.0,2025-09-05 22:00:00
12541,305,rainfall,0.0,2025-06-28 11:00:00
12542,49,soil_moisture,29.48,2025-10-01 08:00:00
12543,10,temperature,28.47,2026-03-29 12:00:00
12544,55,soil_moisture,29.73,2025-09-01 18:00:00
12545,61,temperature,26.45,2026-02-05 15:00:00
12546,442,rainfall,0.0,2025-10-14 16:00:00
12547,126,humidity,49.9,2025-08-18 02:00:00
12548,186,soil_moisture,40.37,2026-01-27 07:00:00
12549,47,rainfall,0.0,2025-10-04 03:00:00
12550,362,soil_moisture,18.62,2026-04-19 04:00:00
12551,134,humidity,55.42,2026-01-06 16:00:00
12552,171,soil_moisture,37.18,2026-01-15 14:00:00
12553,376,temperature,29.63,2025-09-13 15:00:00
12554,260,temperature,31.71,2025-09-22 08:00:00
12555,401,temperature,22.28,2025-12-09 02:00:00
12556,185,humidity,52.1,2026-03-05 01:00:00
12557,323,rainfall,0.0,2025-07-26 00:00:00
12558,77,temperature,20.91,2026-03-26 16:00:00
12559,305,humidity,36.74,2025-06-26 08:00:00
12560,29,soil_moisture,17.42,2026-01-18 10:00:00
12561,47,rainfall,0.0,2025-10-04 21:00:00
12562,122,temperature,999.9,2025-12-23 09:00:00
12563,204,temperature,32.29,2025-08-23 18:00:00
12564,322,soil_moisture,19.18,2026-01-17 03:00:00
12565,396,temperature,26.82,2025-07-04 06:00:00
12566,331,soil_moisture,44.63,2026-04-11 11:00:00
12567,372,temperature,26.41,2025-10-29 20:00:00
12568,66,temperature,22.74,2026-01-07 00:00:00
12569,4,humidity,63.93,2026-04-13 05:00:00
12570,353,soil_moisture,34.29,2026-03-19 18:00:00
12571,401,humidity,55.06,2025-12-10 12:00:00
12572,82,temperature,31.26,2026-02-21 07:00:00
12573,7,rainfall,62.02,2025-12-16 08:00:00
12574,341,soil_moisture,42.94,2025-11-24 04:00:00
12575,292,humidity,66.58,2025-09-24 10:00:00
12576,331,temperature,22.54,2026-04-09 18:00:00
12577,327,rainfall,38.53,2025-07-29 12:00:00
12578,45,temperature,22.89,2026-02-09 11:00:00
12579,324,humidity,65.25,2026-01-25 13:00:00
12580,367,rainfall,0.0,2025-11-22 01:00:00
12581,48,rainfall,0.0,2025-12-30 01:00:00
12582,308,humidity,52.08,2025-12-26 15:00:00
12583,402,temperature,33.47,2026-03-28 10:00:00
12584,140,temperature,33.74,2025-09-12 21:00:00
12585,421,temperature,21.63,2025-07-12 02:00:00
12586,185,temperature,31.78,2026-03-04 14:00:00
12587,16,humidity,69.25,2025-08-18 13:00:00
12588,190,temperature,18.39,2026-02-10 06:00:00
12589,290,rainfall,0.0,2026-02-26 03:00:00
12590,105,temperature,21.92,2026-01-28 21:00:00
12591,272,humidity,59.47,2025-12-03 20:00:00
12592,90,soil_moisture,34.1,2025-08-19 22:00:00
12593,287,temperature,22.81,2026-04-05 03:00:00
12594,335,humidity,69.22,2025-09-05 20:00:00
12595,386,rainfall,47.54,2026-04-05 00:00:00
12596,60,rainfall,0.0,2026-03-05 18:00:00
12597,142,soil_moisture,34.62,2025-11-15 08:00:00
12598,159,temperature,28.67,2025-09-20 09:00:00
12599,353,humidity,52.72,2026-03-18 10:00:00
12600,418,humidity,41.03,2025-09-07 02:00:00
12601,171,rainfall,0.0,2026-01-15 09:00:00
12602,148,temperature,33.87,2025-12-04 02:00:00
12603,292,rainfall,0.0,2025-09-24 19:00:00
12604,356,rainfall,0.0,2025-12-13 12:00:00
12605,353,soil_moisture,38.89,2026-03-20 06:00:00
12606,192,soil_moisture,30.0,2026-01-19 22:00:00
12607,268,temperature,27.3,2025-12-25 08:00:00
12608,318,rainfall,0.0,2026-04-05 18:00:00
12609,28,humidity,51.02,2025-07-11 04:00:00
12610,77,humidity,56.5,2026-03-26 07:00:00
12611,268,temperature,26.03,2025-12-23 15:00:00
12612,212,temperature,29.99,2025-11-18 09:00:00
12613,402,soil_moisture,36.42,2026-03-30 04:00:00
12614,133,temperature,25.13,2025-07-03 20:00:00
12615,113,soil_moisture,32.24,2025-07-28 01:00:00
12616,204,soil_moisture,32.88,2025-08-25 16:00:00
12617,48,humidity,29.77,2026-01-01 13:00:00
12618,163,temperature,20.53,2025-07-04 19:00:00
12619,46,soil_moisture,32.68,2025-09-19 04:00:00
12620,133,temperature,20.86,2025-07-02 23:00:00
12621,376,humidity,59.68,2025-09-13 02:00:00
12622,292,humidity,63.8,2025-09-24 03:00:00
12623,103,humidity,43.12,2026-01-08 21:00:00
12624,323,temperature,20.55,2025-07-25 12:00:00
12625,105,rainfall,39.47,2026-01-27 12:00:00
12626,82,temperature,29.85,2026-02-22 13:00:00
12627,428,humidity,40.62,2026-01-30 18:00:00
12628,240,soil_moisture,23.4,2026-04-22 00:00:00
12629,66,temperature,18.82,2026-01-07 09:00:00
12630,403,temperature,32.65,2025-11-05 16:00:00
12631,431,humidity,54.9,2025-07-02 20:00:00
12632,346,soil_moisture,34.21,2025-09-24 01:00:00
12633,16,humidity,72.94,2025-08-19 15:00:00
12634,341,temperature,35.49,2025-11-25 22:00:00
12635,76,soil_moisture,31.69,2026-04-16 06:00:00
12636,449,soil_moisture,33.53,2025-09-16 19:00:00
12637,180,temperature,25.91,2025-12-25 18:00:00
12638,226,temperature,29.0,2026-04-21 05:00:00
12639,143,humidity,58.85,2025-08-11 06:00:00
12640,215,rainfall,0.0,2026-03-15 09:00:00
12641,191,soil_moisture,32.03,2026-04-07 04:00:00
12642,384,temperature,24.83,2025-08-17 19:00:00
12643,128,temperature,23.77,2025-07-10 18:00:00
12644,285,soil_moisture,21.49,2025-09-05 22:00:00
12645,204,rainfall,0.0,2025-08-23 15:00:00
12646,257,humidity,62.26,2025-07-05 03:00:00
12647,191,soil_moisture,32.39,2026-04-07 21:00:00
12648,303,temperature,31.81,2025-08-21 16:00:00
12649,444,soil_moisture,29.96,2025-12-13 06:00:00
12650,74,humidity,45.13,2025-10-22 23:00:00
12651,136,temperature,32.42,2025-11-11 14:00:00
12652,342,humidity,70.88,2026-03-29 18:00:00
12653,290,soil_moisture,21.87,2026-02-27 01:00:00
12654,146,soil_moisture,42.21,2025-08-17 04:00:00
12655,5,soil_moisture,29.84,2026-04-08 15:00:00
12656,47,rainfall,0.0,2025-10-04 18:00:00
12657,6,humidity,70.78,2025-08-12 17:00:00
12658,425,rainfall,0.0,2025-09-08 01:00:00
12659,146,humidity,48.79,2025-08-16 18:00:00
12660,167,rainfall,0.0,2025-12-25 04:00:00
12661,66,temperature,20.18,2026-01-07 18:00:00
12662,296,rainfall,0.0,2025-08-20 21:00:00
12663,323,soil_moisture,39.95,2025-07-27 04:00:00
12664,219,temperature,31.53,2025-11-19 22:00:00
12665,292,temperature,30.87,2025-09-26 07:00:00
12666,421,temperature,25.11,2025-07-12 07:00:00
12667,424,soil_moisture,30.44,2026-01-07 13:00:00
12668,295,soil_moisture,31.63,2026-04-10 21:00:00
12669,60,soil_moisture,31.62,2026-03-05 19:00:00
12670,255,temperature,25.37,2025-11-02 04:00:00
12671,82,soil_moisture,30.96,2026-02-20 18:00:00
12672,136,soil_moisture,36.32,2025-11-11 12:00:00
12673,53,humidity,53.29,2026-03-02 15:00:00
12674,208,rainfall,38.33,2026-01-17 03:00:00
12675,381,soil_moisture,42.78,2025-10-24 19:00:00
12676,136,soil_moisture,34.1,2025-11-11 20:00:00
12677,298,rainfall,58.89,2025-09-12 06:00:00
12678,440,humidity,47.53,2025-07-08 01:00:00
12679,180,humidity,68.87,2025-12-24 13:00:00
12680,61,soil_moisture,40.09,2026-02-05 09:00:00
12681,32,rainfall,0.0,2025-07-28 20:00:00
12682,204,temperature,32.5,2025-08-23 08:00:00
12683,382,temperature,23.68,2025-07-30 05:00:00
12684,419,soil_moisture,35.28,2025-09-24 12:00:00
12685,50,rainfall,0.0,2026-03-10 14:00:00
12686,78,humidity,500.0,2025-09-25 09:00:00
12687,444,humidity,57.84,2025-12-12 12:00:00
12688,372,humidity,63.41,2025-10-29 08:00:00
12689,160,humidity,71.23,2026-04-14 20:00:00
12690,287,soil_moisture,45.65,2026-04-03 01:00:00
12691,44,soil_moisture,34.54,2025-10-06 20:00:00
12692,135,soil_moisture,38.63,2025-12-05 08:00:00
12693,229,temperature,25.11,2025-11-11 01:00:00
12694,78,rainfall,0.0,2025-09-25 01:00:00
12695,161,soil_moisture,35.86,2026-01-06 06:00:00
12696,384,humidity,52.62,2025-08-18 01:00:00
12697,377,humidity,43.47,2025-07-11 08:00:00
12698,362,humidity,48.35,2026-04-18 13:00:00
12699,6,rainfall,0.0,2025-08-12 11:00:00
12700,306,temperature,31.87,2025-12-30 00:00:00
12701,136,humidity,61.32,2025-11-11 22:00:00
12702,122,temperature,26.9,2025-12-21 03:00:00
12703,361,humidity,62.72,2025-10-19 22:00:00
12704,381,rainfall,0.0,2025-10-26 12:00:00
12705,73,soil_moisture,36.12,2025-10-08 11:00:00
12706,47,humidity,50.91,2025-10-05 22:00:00
12707,411,rainfall,61.88,2025-08-23 13:00:00
12708,143,temperature,31.19,2025-08-10 22:00:00
12709,16,humidity,63.77,2025-08-18 15:00:00
12710,97,soil_moisture,31.17,2026-02-13 10:00:00
12711,389,temperature,29.83,2026-03-16 14:00:00
12712,7,soil_moisture,43.33,2025-12-15 01:00:00
12713,215,humidity,49.2,2026-03-15 08:00:00
12714,165,soil_moisture,34.78,2025-07-01 11:00:00
12715,161,rainfall,0.0,2026-01-06 07:00:00
12716,50,humidity,44.11,2026-03-10 05:00:00
12717,287,humidity,47.15,2026-04-04 22:00:00
12718,82,temperature,26.99,2026-02-20 08:00:00
12719,298,soil_moisture,35.8,2025-09-11 11:00:00
12720,227,temperature,36.09,2025-10-17 08:00:00
12721,413,humidity,49.36,2026-01-13 22:00:00
12722,113,humidity,52.93,2025-07-27 23:00:00
12723,5,soil_moisture,25.47,2026-04-07 06:00:00
12724,444,rainfall,0.0,2025-12-12 07:00:00
12725,401,rainfall,0.0,2025-12-11 07:00:00
12726,340,humidity,40.68,2025-12-25 08:00:00
12727,277,soil_moisture,36.71,2025-09-11 21:00:00
12728,300,humidity,79.41,2025-10-27 01:00:00
12729,306,temperature,28.99,2025-12-31 08:00:00
12730,129,temperature,33.97,2026-04-20 23:00:00
12731,78,soil_moisture,37.17,2025-09-25 11:00:00
12732,364,rainfall,0.0,2025-12-20 02:00:00
12733,66,rainfall,0.0,2026-01-07 12:00:00
12734,277,temperature,23.92,2025-09-10 05:00:00
12735,219,rainfall,62.34,2025-11-19 05:00:00
12736,151,rainfall,0.0,2026-03-16 16:00:00
12737,184,humidity,45.69,2026-01-05 16:00:00
12738,6,temperature,25.54,2025-08-11 10:00:00
12739,292,temperature,31.05,2025-09-25 16:00:00
12740,335,rainfall,0.0,2025-09-03 02:00:00
12741,300,rainfall,0.0,2025-10-26 21:00:00
12742,30,rainfall,0.0,2025-08-19 08:00:00
12743,18,soil_moisture,34.36,2026-03-15 23:00:00
12744,65,soil_moisture,45.6,2025-07-09 10:00:00
12745,177,humidity,50.89,2026-03-14 05:00:00
12746,4,humidity,60.52,2026-04-11 20:00:00
12747,89,soil_moisture,36.4,2026-02-26 14:00:00
12748,126,temperature,33.7,2025-08-17 20:00:00
12749,235,soil_moisture,29.55,2026-03-30 22:00:00
12750,431,humidity,69.04,2025-07-01 23:00:00
12751,330,temperature,33.85,2025-10-02 19:00:00
12752,431,humidity,67.42,2025-07-01 17:00:00
12753,133,soil_moisture,38.94,2025-07-03 05:00:00
12754,91,rainfall,0.0,2026-02-23 01:00:00
12755,327,soil_moisture,43.15,2025-07-28 11:00:00
12756,117,humidity,34.2,2025-08-21 16:00:00
12757,134,soil_moisture,45.88,2026-01-08 12:00:00
12758,166,soil_moisture,21.29,2025-11-30 06:00:00
12759,89,rainfall,0.0,2026-02-28 01:00:00
12760,16,temperature,24.41,2025-08-19 03:00:00
12761,76,rainfall,0.0,2026-04-16 21:00:00
12762,211,humidity,60.91,2026-02-04 04:00:00
12763,353,soil_moisture,33.87,2026-03-18 03:00:00
12764,191,humidity,64.3,2026-04-07 11:00:00
12765,442,rainfall,22.96,2025-10-15 08:00:00
12766,177,temperature,20.81,2026-03-12 04:00:00
12767,367,temperature,33.86,2025-11-22 20:00:00
12768,403,temperature,28.24,2025-11-05 13:00:00
12769,282,humidity,67.33,2026-01-10 16:00:00
12770,283,rainfall,42.43,2026-02-22 05:00:00
12771,103,soil_moisture,25.54,2026-01-08 16:00:00
12772,135,rainfall,0.0,2025-12-06 02:00:00
12773,89,rainfall,40.38,2026-02-26 15:00:00
12774,377,humidity,49.48,2025-07-12 21:00:00
12775,7,soil_moisture,40.51,2025-12-15 11:00:00
12776,89,rainfall,0.0,2026-02-27 08:00:00
12777,97,temperature,33.45,2026-02-14 05:00:00
12778,160,soil_moisture,39.51,2026-04-15 22:00:00
12779,73,soil_moisture,34.01,2025-10-08 08:00:00
12780,59,humidity,-99.0,2025-12-08 20:00:00
12781,263,temperature,29.68,2025-12-21 04:00:00
12782,197,rainfall,0.0,2026-03-16 17:00:00
12783,361,soil_moisture,22.85,2025-10-19 18:00:00
12784,421,temperature,26.36,2025-07-13 00:00:00
12785,340,temperature,32.21,2025-12-25 03:00:00
12786,411,temperature,28.03,2025-08-23 11:00:00
12787,354,rainfall,0.0,2026-03-06 05:00:00
12788,171,humidity,54.32,2026-01-15 21:00:00
12789,7,humidity,54.15,2025-12-15 20:00:00
12790,154,rainfall,0.0,2025-08-20 02:00:00
12791,372,humidity,56.85,2025-10-28 11:00:00
12792,70,humidity,46.83,2025-12-09 12:00:00
12793,147,temperature,25.55,2026-03-08 22:00:00
12794,346,temperature,35.34,2025-09-24 03:00:00
12795,6,temperature,25.22,2025-08-12 06:00:00
12796,137,humidity,42.77,2026-03-13 20:00:00
12797,446,temperature,26.11,2026-04-20 22:00:00
12798,331,humidity,50.44,2026-04-09 20:00:00
12799,342,soil_moisture,33.62,2026-03-29 12:00:00
12800,6,rainfall,35.21,2025-08-11 16:00:00
12801,353,temperature,20.07,2026-03-20 08:00:00
12802,419,humidity,57.27,2025-09-24 22:00:00
12803,356,soil_moisture,38.34,2025-12-12 19:00:00
12804,154,soil_moisture,32.52,2025-08-20 11:00:00
12805,215,humidity,38.85,2026-03-14 01:00:00
12806,160,temperature,31.22,2026-04-14 10:00:00
12807,364,soil_moisture,37.92,2025-12-21 17:00:00
12808,49,humidity,51.75,2025-09-29 16:00:00
12809,165,temperature,24.13,2025-06-30 06:00:00
12810,342,temperature,23.7,2026-03-29 01:00:00
12811,444,temperature,25.28,2025-12-11 11:00:00
12812,94,rainfall,0.0,2025-09-28 06:00:00
12813,413,rainfall,28.27,2026-01-13 01:00:00
12814,240,temperature,23.9,2026-04-21 12:00:00
12815,103,soil_moisture,26.16,2026-01-09 07:00:00
12816,146,rainfall,27.36,2025-08-17 00:00:00
12817,293,soil_moisture,42.93,2026-02-09 16:00:00
12818,298,temperature,29.23,2025-09-12 16:00:00
12819,122,temperature,28.54,2025-12-22 18:00:00
12820,342,temperature,24.61,2026-03-29 00:00:00
12821,32,soil_moisture,37.57,2025-07-27 02:00:00
12822,322,humidity,63.42,2026-01-18 06:00:00
12823,413,soil_moisture,41.56,2026-01-13 02:00:00
12824,268,rainfall,0.0,2025-12-24 14:00:00
12825,215,humidity,49.09,2026-03-15 22:00:00
12826,137,soil_moisture,21.24,2026-03-14 00:00:00
12827,178,soil_moisture,30.45,2025-12-16 16:00:00
12828,321,humidity,49.58,2025-09-11 07:00:00
12829,114,humidity,42.19,2026-04-19 10:00:00
12830,97,soil_moisture,37.17,2026-02-13 02:00:00
12831,227,soil_moisture,42.96,2025-10-17 13:00:00
12832,77,rainfall,0.0,2026-03-27 08:00:00
12833,255,soil_moisture,39.93,2025-11-02 18:00:00
12834,384,temperature,23.39,2025-08-16 23:00:00
12835,161,soil_moisture,41.95,2026-01-08 13:00:00
12836,140,temperature,24.9,2025-09-12 19:00:00
12837,323,rainfall,0.0,2025-07-26 21:00:00
12838,168,temperature,26.53,2026-03-28 23:00:00
12839,260,temperature,35.72,2025-09-22 22:00:00
12840,196,humidity,64.59,2026-02-16 14:00:00
12841,151,humidity,57.2,2026-03-16 18:00:00
12842,53,rainfall,0.0,2026-03-03 07:00:00
12843,233,humidity,61.45,2025-12-14 11:00:00
12844,306,temperature,29.4,2025-12-31 02:00:00
12845,437,rainfall,55.17,2025-10-03 10:00:00
12846,331,temperature,16.99,2026-04-11 09:00:00
12847,413,temperature,33.47,2026-01-12 10:00:00
12848,324,rainfall,42.89,2026-01-26 23:00:00
12849,59,humidity,70.5,2025-12-09 15:00:00
12850,384,soil_moisture,24.47,2025-08-19 01:00:00
12851,436,humidity,80.47,2026-02-12 17:00:00
12852,322,humidity,60.0,2026-01-16 09:00:00
12853,226,humidity,41.34,2026-04-22 21:00:00
12854,223,temperature,22.78,2025-12-13 11:00:00
12855,277,humidity,72.41,2025-09-11 22:00:00
12856,446,humidity,52.54,2026-04-21 06:00:00
12857,290,rainfall,50.87,2026-02-26 09:00:00
12858,184,soil_moisture,28.81,2026-01-05 16:00:00
12859,185,humidity,49.2,2026-03-04 08:00:00
12860,226,soil_moisture,37.15,2026-04-21 20:00:00
12861,295,soil_moisture,28.27,2026-04-11 06:00:00
12862,240,humidity,57.0,2026-04-21 14:00:00
12863,396,temperature,29.43,2025-07-05 07:00:00
12864,43,rainfall,0.0,2025-09-14 03:00:00
12865,303,rainfall,0.0,2025-08-22 19:00:00
12866,161,humidity,41.86,2026-01-07 20:00:00
12867,318,temperature,36.75,2026-04-06 02:00:00
12868,421,rainfall,0.0,2025-07-13 08:00:00
12869,223,soil_moisture,27.23,2025-12-14 23:00:00
12870,288,rainfall,0.0,2025-07-07 22:00:00
12871,160,temperature,31.69,2026-04-15 03:00:00
12872,123,temperature,25.33,2025-11-15 07:00:00
12873,370,soil_moisture,30.87,2025-07-09 01:00:00
12874,66,soil_moisture,24.22,2026-01-06 19:00:00
12875,324,humidity,58.31,2026-01-25 04:00:00
12876,300,temperature,23.81,2025-10-26 10:00:00
12877,292,temperature,28.43,2025-09-25 00:00:00
12878,330,humidity,60.26,2025-10-02 17:00:00
12879,292,temperature,30.16,2025-09-25 20:00:00
12880,71,rainfall,0.0,2025-10-01 03:00:00
12881,211,humidity,50.05,2026-02-03 09:00:00
12882,311,humidity,46.32,2025-10-07 16:00:00
12883,123,rainfall,0.0,2025-11-16 13:00:00
12884,43,rainfall,40.46,2025-09-13 21:00:00
12885,306,soil_moisture,41.58,2025-12-31 08:00:00
12886,257,temperature,26.86,2025-07-03 09:00:00
12887,7,rainfall,0.0,2025-12-15 13:00:00
12888,205,humidity,78.42,2025-12-24 02:00:00
12889,308,temperature,21.42,2025-12-26 19:00:00
12890,201,temperature,29.86,2026-03-30 17:00:00
12891,268,rainfall,0.0,2025-12-24 00:00:00
12892,178,rainfall,0.0,2025-12-17 06:00:00
12893,134,soil_moisture,35.7,2026-01-08 11:00:00
12894,402,rainfall,0.0,2026-03-28 23:00:00
12895,201,temperature,32.92,2026-03-31 09:00:00
12896,219,temperature,21.88,2025-11-19 02:00:00
12897,165,humidity,69.95,2025-06-30 18:00:00
12898,48,rainfall,0.0,2025-12-31 22:00:00
12899,219,temperature,25.8,2025-11-20 05:00:00
12900,197,rainfall,0.0,2026-03-15 16:00:00
12901,382,soil_moisture,48.24,2025-07-30 04:00:00
12902,169,humidity,64.96,2026-03-22 12:00:00
12903,74,soil_moisture,37.02,2025-10-24 03:00:00
12904,324,rainfall,48.71,2026-01-25 04:00:00
12905,277,rainfall,0.0,2025-09-10 10:00:00
12906,91,soil_moisture,35.92,2026-02-24 13:00:00
12907,310,temperature,26.89,2025-12-23 23:00:00
12908,370,humidity,57.1,2025-07-09 06:00:00
12909,32,soil_moisture,39.39,2025-07-26 04:00:00
12910,97,soil_moisture,33.56,2026-02-13 15:00:00
12911,117,soil_moisture,29.51,2025-08-23 01:00:00
12912,226,soil_moisture,32.01,2026-04-22 22:00:00
12913,160,temperature,29.65,2026-04-14 19:00:00
12914,282,temperature,32.25,2026-01-09 23:00:00
12915,49,humidity,48.09,2025-09-29 05:00:00
12916,277,humidity,72.58,2025-09-11 13:00:00
12917,128,temperature,24.09,2025-07-11 12:00:00
12918,238,soil_moisture,32.7,2025-11-25 01:00:00
12919,70,rainfall,0.0,2025-12-09 22:00:00
12920,309,soil_moisture,21.48,2026-04-07 05:00:00
12921,341,soil_moisture,43.43,2025-11-24 23:00:00
12922,437,soil_moisture,46.82,2025-10-03 09:00:00
12923,424,rainfall,54.04,2026-01-06 12:00:00
12924,340,soil_moisture,31.8,2025-12-26 19:00:00
12925,403,rainfall,45.12,2025-11-06 20:00:00
12926,44,rainfall,48.82,2025-10-06 12:00:00
12927,148,humidity,66.67,2025-12-02 21:00:00
12928,222,rainfall,0.0,2025-10-17 09:00:00
12929,114,soil_moisture,25.86,2026-04-20 20:00:00
12930,321,soil_moisture,34.08,2025-09-10 01:00:00
12931,178,rainfall,0.0,2025-12-15 22:00:00
12932,78,soil_moisture,41.1,2025-09-25 09:00:00
12933,48,temperature,25.47,2025-12-31 16:00:00
12934,211,rainfall,29.13,2026-02-04 05:00:00
12935,184,temperature,500.0,2026-01-07 00:00:00
12936,401,soil_moisture,34.79,2025-12-10 02:00:00
12937,386,humidity,76.45,2026-04-04 09:00:00
12938,368,rainfall,0.0,2026-03-04 11:00:00
12939,46,temperature,34.38,2025-09-20 02:00:00
12940,30,humidity,49.79,2025-08-20 14:00:00
12941,402,rainfall,0.0,2026-03-28 05:00:00
12942,161,temperature,25.94,2026-01-06 21:00:00
12943,70,temperature,26.66,2025-12-10 20:00:00
12944,201,soil_moisture,25.62,2026-03-31 12:00:00
12945,97,soil_moisture,31.93,2026-02-13 23:00:00
12946,1,humidity,59.15,2026-03-01 23:00:00
12947,146,rainfall,35.97,2025-08-15 04:00:00
12948,223,rainfall,0.0,2025-12-14 17:00:00
12949,53,humidity,39.09,2026-03-03 21:00:00
12950,128,rainfall,41.86,2025-07-11 02:00:00
12951,201,temperature,30.59,2026-03-30 20:00:00
12952,201,soil_moisture,25.39,2026-04-01 09:00:00
12953,331,soil_moisture,38.81,2026-04-10 14:00:00
12954,82,rainfall,0.0,2026-02-21 05:00:00
12955,17,humidity,48.52,2025-07-19 18:00:00
12956,335,rainfall,0.0,2025-09-05 14:00:00
12957,137,rainfall,0.0,2026-03-13 18:00:00
12958,171,soil_moisture,33.97,2026-01-17 01:00:00
12959,226,temperature,32.25,2026-04-21 17:00:00
12960,72,temperature,21.63,2025-08-20 08:00:00
12961,318,soil_moisture,43.38,2026-04-06 02:00:00
12962,331,humidity,36.17,2026-04-10 13:00:00
12963,210,rainfall,0.0,2025-11-05 10:00:00
12964,157,soil_moisture,28.34,2026-01-20 19:00:00
12965,257,soil_moisture,27.11,2025-07-03 15:00:00
12966,370,humidity,52.93,2025-07-09 17:00:00
12967,208,rainfall,0.0,2026-01-16 01:00:00
12968,4,rainfall,46.84,2026-04-12 07:00:00
12969,215,temperature,20.22,2026-03-14 01:00:00
12970,386,humidity,67.13,2026-04-04 22:00:00
12971,361,humidity,75.69,2025-10-18 05:00:00
12972,447,soil_moisture,23.66,2025-09-19 09:00:00
12973,114,temperature,23.02,2026-04-21 01:00:00
12974,418,temperature,29.73,2025-09-06 05:00:00
12975,142,humidity,65.79,2025-11-15 17:00:00
12976,76,temperature,22.51,2026-04-17 09:00:00
12977,18,soil_moisture,36.33,2026-03-16 17:00:00
12978,70,humidity,49.67,2025-12-09 18:00:00
12979,211,temperature,24.05,2026-02-02 18:00:00
12980,263,humidity,58.43,2025-12-24 00:00:00
12981,178,humidity,62.58,2025-12-15 03:00:00
12982,425,soil_moisture,27.88,2025-09-09 08:00:00
12983,298,temperature,32.8,2025-09-14 06:00:00
12984,125,rainfall,55.59,2025-11-20 02:00:00
12985,335,soil_moisture,37.53,2025-09-03 10:00:00
12986,24,soil_moisture,999.9,2026-03-05 08:00:00
12987,327,soil_moisture,40.02,2025-07-30 10:00:00
12988,147,temperature,29.21,2026-03-09 01:00:00
12989,30,humidity,49.79,2025-08-19 13:00:00
12990,300,humidity,69.17,2025-10-25 09:00:00
12991,260,soil_moisture,33.75,2025-09-22 18:00:00
12992,32,humidity,73.01,2025-07-26 22:00:00
12993,263,rainfall,0.0,2025-12-21 22:00:00
12994,285,soil_moisture,25.49,2025-09-05 09:00:00
12995,367,rainfall,0.0,2025-11-21 14:00:00
12996,73,temperature,38.43,2025-10-08 08:00:00
12997,272,temperature,23.99,2025-12-03 12:00:00
12998,169,rainfall,31.23,2026-03-22 22:00:00
12999,277,soil_moisture,36.39,2025-09-10 11:00:00
13000,227,soil_moisture,44.21,2025-10-18 02:00:00
13001,212,temperature,27.06,2025-11-18 01:00:00
13002,143,rainfall,0.0,2025-08-10 16:00:00
13003,117,soil_moisture,32.7,2025-08-22 11:00:00
13004,343,temperature,27.22,2026-01-12 17:00:00
13005,448,soil_moisture,28.54,2025-12-14 19:00:00
13006,46,temperature,32.65,2025-09-19 14:00:00
13007,324,soil_moisture,24.12,2026-01-26 18:00:00
13008,24,temperature,25.87,2026-03-04 19:00:00
13009,273,soil_moisture,41.07,2026-01-06 20:00:00
13010,133,rainfall,0.0,2025-07-03 02:00:00
13011,73,rainfall,0.0,2025-10-07 21:00:00
13012,436,temperature,30.0,2026-02-11 02:00:00
13013,168,soil_moisture,26.48,2026-03-29 01:00:00
13014,288,temperature,27.38,2025-07-07 05:00:00
13015,46,temperature,29.05,2025-09-20 09:00:00
13016,10,humidity,33.39,2026-03-30 14:00:00
13017,306,humidity,70.35,2025-12-30 16:00:00
13018,327,temperature,30.15,2025-07-29 03:00:00
13019,356,soil_moisture,34.83,2025-12-14 03:00:00
13020,99,humidity,43.88,2025-10-08 21:00:00
13021,335,humidity,51.93,2025-09-05 08:00:00
13022,7,humidity,56.82,2025-12-17 04:00:00
13023,157,temperature,22.21,2026-01-21 04:00:00
13024,428,soil_moisture,40.85,2026-02-01 02:00:00
13025,4,humidity,62.22,2026-04-12 05:00:00
13026,389,soil_moisture,30.66,2026-03-16 02:00:00
13027,151,temperature,26.92,2026-03-16 23:00:00
13028,117,soil_moisture,26.34,2025-08-22 23:00:00
13029,90,temperature,33.38,2025-08-20 01:00:00
13030,372,rainfall,0.0,2025-10-29 07:00:00
13031,233,humidity,57.73,2025-12-15 10:00:00
13032,260,humidity,65.23,2025-09-21 06:00:00
13033,146,temperature,21.96,2025-08-15 10:00:00
13034,323,soil_moisture,37.48,2025-07-26 18:00:00
13035,330,humidity,64.96,2025-10-01 11:00:00
13036,7,soil_moisture,38.68,2025-12-17 02:00:00
13037,44,rainfall,0.0,2025-10-06 16:00:00
13038,82,soil_moisture,38.14,2026-02-21 04:00:00
13039,413,temperature,31.06,2026-01-13 19:00:00
13040,133,rainfall,54.72,2025-07-03 00:00:00
13041,136,humidity,70.2,2025-11-11 09:00:00
13042,223,temperature,27.61,2025-12-14 14:00:00
13043,257,humidity,65.36,2025-07-05 14:00:00
13044,122,rainfall,0.0,2025-12-22 05:00:00
13045,272,humidity,61.15,2025-12-02 03:00:00
13046,157,soil_moisture,26.61,2026-01-20 22:00:00
13047,437,humidity,51.16,2025-10-04 00:00:00
13048,294,temperature,30.87,2026-01-03 06:00:00
13049,205,humidity,72.38,2025-12-24 12:00:00
13050,49,soil_moisture,35.79,2025-10-01 02:00:00
13051,356,soil_moisture,37.23,2025-12-13 18:00:00
13052,385,humidity,44.67,2026-03-24 12:00:00
13053,222,humidity,62.47,2025-10-15 03:00:00
13054,260,humidity,70.46,2025-09-23 05:00:00
13055,142,rainfall,0.0,2025-11-15 22:00:00
13056,310,humidity,62.26,2025-12-23 10:00:00
13057,323,soil_moisture,35.95,2025-07-27 03:00:00
13058,78,soil_moisture,40.18,2025-09-26 16:00:00
13059,425,soil_moisture,34.81,2025-09-09 15:00:00
13060,361,rainfall,0.0,2025-10-18 07:00:00
13061,273,rainfall,0.0,2026-01-07 07:00:00
13062,103,soil_moisture,25.52,2026-01-10 02:00:00
13063,288,rainfall,0.0,2025-07-07 00:00:00
13064,227,temperature,36.14,2025-10-17 02:00:00
13065,196,soil_moisture,44.73,2026-02-16 08:00:00
13066,296,soil_moisture,48.11,2025-08-20 21:00:00
13067,10,soil_moisture,34.25,2026-03-29 20:00:00
13068,28,temperature,25.04,2025-07-10 05:00:00
13069,161,humidity,39.39,2026-01-07 04:00:00
13070,103,temperature,22.49,2026-01-09 23:00:00
13071,263,soil_moisture,32.19,2025-12-21 16:00:00
13072,5,rainfall,31.31,2026-04-07 15:00:00
13073,273,rainfall,0.0,2026-01-07 21:00:00
13074,295,humidity,58.33,2026-04-11 00:00:00
13075,371,humidity,62.13,2026-03-30 11:00:00
13076,341,soil_moisture,42.35,2025-11-26 02:00:00
13077,290,rainfall,0.0,2026-02-26 11:00:00
13078,123,rainfall,58.67,2025-11-15 04:00:00
13079,321,rainfall,42.97,2025-09-11 20:00:00
13080,4,rainfall,45.96,2026-04-12 19:00:00
13081,161,humidity,35.81,2026-01-07 21:00:00
13082,160,soil_moisture,38.05,2026-04-15 17:00:00
13083,114,rainfall,0.0,2026-04-19 13:00:00
13084,283,soil_moisture,41.89,2026-02-22 22:00:00
13085,364,rainfall,0.0,2025-12-21 21:00:00
13086,36,rainfall,50.29,2026-03-20 13:00:00
13087,9,humidity,52.46,2025-09-21 06:00:00
13088,78,soil_moisture,40.5,2025-09-26 18:00:00
13089,295,temperature,21.4,2026-04-10 16:00:00
13090,210,soil_moisture,39.9,2025-11-05 00:00:00
13091,177,rainfall,0.0,2026-03-12 01:00:00
13092,46,rainfall,0.0,2025-09-20 15:00:00
13093,354,temperature,32.07,2026-03-06 03:00:00
13094,171,temperature,29.14,2026-01-15 19:00:00
13095,9,temperature,35.37,2025-09-19 04:00:00
13096,177,humidity,53.88,2026-03-12 06:00:00
13097,148,rainfall,0.0,2025-12-03 09:00:00
13098,384,soil_moisture,29.09,2025-08-16 02:00:00
13099,211,humidity,61.13,2026-02-02 10:00:00
13100,335,rainfall,0.0,2025-09-04 02:00:00
13101,260,humidity,59.1,2025-09-23 00:00:00
13102,367,temperature,31.14,2025-11-22 07:00:00
13103,257,rainfall,0.0,2025-07-04 11:00:00
13104,143,temperature,34.81,2025-08-10 02:00:00
13105,268,temperature,28.72,2025-12-24 16:00:00
13106,133,soil_moisture,37.04,2025-07-02 14:00:00
13107,89,rainfall,49.4,2026-02-27 16:00:00
13108,205,soil_moisture,46.27,2025-12-26 03:00:00
13109,171,humidity,44.97,2026-01-15 17:00:00
13110,204,temperature,30.37,2025-08-24 00:00:00
13111,146,humidity,57.94,2025-08-17 15:00:00
13112,257,temperature,29.24,2025-07-05 05:00:00
13113,94,rainfall,0.0,2025-09-29 12:00:00
13114,292,rainfall,54.74,2025-09-24 14:00:00
13115,66,rainfall,0.0,2026-01-06 08:00:00
13116,235,humidity,64.53,2026-03-30 11:00:00
13117,277,soil_moisture,37.14,2025-09-11 09:00:00
13118,45,rainfall,0.0,2026-02-10 01:00:00
13119,448,soil_moisture,30.7,2025-12-14 14:00:00
13120,255,temperature,23.75,2025-11-03 02:00:00
13121,59,humidity,69.78,2025-12-09 14:00:00
13122,4,humidity,49.28,2026-04-12 14:00:00
13123,89,rainfall,0.0,2026-02-26 22:00:00
13124,389,temperature,32.88,2026-03-17 10:00:00
13125,192,rainfall,0.0,2026-01-19 03:00:00
13126,442,temperature,36.76,2025-10-14 23:00:00
13127,5,rainfall,0.0,2026-04-08 12:00:00
13128,94,temperature,32.37,2025-09-28 14:00:00
13129,413,humidity,37.74,2026-01-14 03:00:00
13130,223,humidity,71.82,2025-12-13 03:00:00
13131,318,rainfall,0.0,2026-04-04 16:00:00
13132,321,humidity,54.8,2025-09-10 01:00:00
13133,384,rainfall,44.4,2025-08-17 21:00:00
13134,47,humidity,500.0,2025-10-04 06:00:00
13135,389,soil_moisture,30.61,2026-03-16 19:00:00
13136,78,temperature,35.41,2025-09-26 14:00:00
13137,196,humidity,76.73,2026-02-15 06:00:00
13138,122,soil_moisture,37.15,2025-12-22 05:00:00
13139,346,temperature,28.81,2025-09-24 22:00:00
13140,167,temperature,32.63,2025-12-23 02:00:00
13141,277,rainfall,0.0,2025-09-10 11:00:00
13142,440,soil_moisture,43.72,2025-07-08 01:00:00
13143,1,soil_moisture,34.65,2026-03-02 03:00:00
13144,137,rainfall,0.0,2026-03-12 09:00:00
13145,90,rainfall,0.0,2025-08-19 14:00:00
13146,440,temperature,26.07,2025-07-09 22:00:00
13147,227,soil_moisture,34.48,2025-10-16 23:00:00
13148,413,temperature,30.74,2026-01-13 08:00:00
13149,296,humidity,46.58,2025-08-22 03:00:00
13150,226,rainfall,0.0,2026-04-21 13:00:00
13151,263,rainfall,0.0,2025-12-22 19:00:00
13152,371,humidity,63.62,2026-03-30 02:00:00
13153,346,rainfall,48.89,2025-09-25 04:00:00
13154,215,humidity,41.14,2026-03-14 21:00:00
13155,384,humidity,61.33,2025-08-16 14:00:00
13156,185,soil_moisture,38.54,2026-03-04 18:00:00
13157,128,temperature,19.31,2025-07-10 19:00:00
13158,1,rainfall,29.76,2026-02-28 12:00:00
13159,29,rainfall,0.0,2026-01-18 07:00:00
13160,351,humidity,42.71,2026-02-12 09:00:00
13161,123,temperature,26.35,2025-11-16 18:00:00
13162,32,humidity,72.77,2025-07-27 21:00:00
13163,424,rainfall,60.75,2026-01-05 22:00:00
13164,327,temperature,28.09,2025-07-30 02:00:00
13165,377,soil_moisture,29.46,2025-07-12 23:00:00
13166,117,temperature,27.37,2025-08-21 12:00:00
13167,425,temperature,32.41,2025-09-08 13:00:00
13168,191,soil_moisture,34.52,2026-04-06 14:00:00
13169,425,rainfall,48.27,2025-09-08 12:00:00
13170,257,rainfall,0.0,2025-07-04 21:00:00
13171,28,humidity,47.96,2025-07-10 02:00:00
13172,418,humidity,36.51,2025-09-05 03:00:00
13173,370,temperature,21.07,2025-07-09 14:00:00
13174,105,soil_moisture,35.15,2026-01-27 12:00:00
13175,448,humidity,84.99,2025-12-14 21:00:00
13176,146,temperature,27.78,2025-08-17 00:00:00
13177,7,temperature,30.13,2025-12-17 04:00:00
13178,133,humidity,68.53,2025-07-02 22:00:00
13179,257,humidity,64.22,2025-07-05 09:00:00
13180,330,rainfall,0.0,2025-10-01 18:00:00
13181,163,soil_moisture,41.65,2025-07-03 12:00:00
13182,168,humidity,63.37,2026-03-28 10:00:00
13183,282,rainfall,28.23,2026-01-09 22:00:00
13184,322,humidity,58.79,2026-01-18 08:00:00
13185,385,temperature,21.07,2026-03-22 23:00:00
13186,115,soil_moisture,33.96,2025-10-27 00:00:00
13187,421,temperature,22.56,2025-07-11 04:00:00
13188,223,humidity,66.85,2025-12-14 23:00:00
13189,277,rainfall,0.0,2025-09-10 14:00:00
13190,403,temperature,29.03,2025-11-07 11:00:00
13191,192,temperature,23.57,2026-01-19 13:00:00
13192,210,rainfall,0.0,2025-11-04 04:00:00
13193,36,temperature,28.2,2026-03-20 07:00:00
13194,126,soil_moisture,29.3,2025-08-18 12:00:00
13195,178,temperature,35.71,2025-12-16 16:00:00
13196,233,humidity,48.64,2025-12-15 01:00:00
13197,171,soil_moisture,31.62,2026-01-15 17:00:00
13198,201,temperature,30.57,2026-03-31 21:00:00
13199,137,soil_moisture,24.62,2026-03-13 20:00:00
13200,210,soil_moisture,43.34,2025-11-04 12:00:00
13201,428,rainfall,0.0,2026-01-30 23:00:00
13202,341,temperature,34.31,2025-11-25 10:00:00
13203,148,humidity,60.65,2025-12-04 05:00:00
13204,371,temperature,32.88,2026-04-01 17:00:00
13205,351,temperature,19.63,2026-02-13 00:00:00
13206,340,soil_moisture,31.05,2025-12-26 07:00:00
13207,61,rainfall,0.0,2026-02-07 09:00:00
13208,10,rainfall,0.0,2026-03-29 07:00:00
13209,13,soil_moisture,38.05,2025-11-02 18:00:00
13210,418,temperature,30.6,2025-09-05 12:00:00
13211,449,humidity,72.1,2025-09-17 03:00:00
13212,94,temperature,30.28,2025-09-28 06:00:00
13213,46,temperature,33.14,2025-09-21 16:00:00
13214,437,humidity,47.67,2025-10-03 18:00:00
13215,16,soil_moisture,40.73,2025-08-18 05:00:00
13216,427,soil_moisture,36.49,2025-07-10 06:00:00
13217,178,rainfall,0.0,2025-12-15 11:00:00
13218,44,temperature,30.31,2025-10-07 21:00:00
13219,290,rainfall,0.0,2026-02-25 17:00:00
13220,211,rainfall,31.62,2026-02-03 05:00:00
13221,311,soil_moisture,45.92,2025-10-07 03:00:00
13222,5,soil_moisture,26.18,2026-04-07 23:00:00
13223,229,humidity,56.09,2025-11-12 03:00:00
13224,134,humidity,51.78,2026-01-08 01:00:00
13225,7,temperature,32.07,2025-12-15 09:00:00
13226,222,temperature,27.44,2025-10-17 07:00:00
13227,419,temperature,22.24,2025-09-25 08:00:00
13228,364,rainfall,0.0,2025-12-20 17:00:00
13229,192,temperature,28.68,2026-01-19 05:00:00
13230,171,rainfall,0.0,2026-01-16 09:00:00
13231,82,rainfall,0.0,2026-02-21 06:00:00
13232,308,temperature,21.75,2025-12-28 03:00:00
13233,190,humidity,38.88,2026-02-09 22:00:00
13234,115,rainfall,0.0,2025-10-25 21:00:00
13235,180,rainfall,0.0,2025-12-25 22:00:00
13236,372,rainfall,0.0,2025-10-28 12:00:00
13237,137,humidity,43.31,2026-03-12 14:00:00
13238,78,temperature,28.23,2025-09-26 02:00:00
13239,425,rainfall,58.05,2025-09-10 07:00:00
13240,103,soil_moisture,24.01,2026-01-09 22:00:00
13241,44,soil_moisture,39.44,2025-10-07 23:00:00
13242,177,soil_moisture,35.52,2026-03-13 05:00:00
13243,48,temperature,30.46,2025-12-30 07:00:00
13244,46,soil_moisture,31.34,2025-09-20 17:00:00
13245,201,temperature,30.2,2026-03-31 16:00:00
13246,440,temperature,26.24,2025-07-08 07:00:00
13247,255,humidity,56.51,2025-11-04 08:00:00
13248,55,rainfall,0.0,2025-09-01 11:00:00
13249,103,rainfall,43.2,2026-01-08 07:00:00
13250,371,soil_moisture,24.5,2026-03-30 17:00:00
13251,255,humidity,43.73,2025-11-03 10:00:00
13252,178,rainfall,0.0,2025-12-15 23:00:00
13253,13,rainfall,0.0,2025-11-01 11:00:00
13254,354,rainfall,0.0,2026-03-06 17:00:00
13255,66,soil_moisture,25.69,2026-01-07 12:00:00
13256,186,humidity,67.52,2026-01-29 03:00:00
13257,212,soil_moisture,40.41,2025-11-17 13:00:00
13258,292,soil_moisture,40.63,2025-09-25 00:00:00
13259,166,soil_moisture,31.41,2025-11-29 19:00:00
13260,324,rainfall,44.22,2026-01-25 23:00:00
13261,370,rainfall,0.0,2025-07-09 04:00:00
13262,428,temperature,24.61,2026-01-31 19:00:00
13263,134,temperature,28.3,2026-01-06 02:00:00
13264,260,humidity,58.26,2025-09-22 07:00:00
13265,73,soil_moisture,34.54,2025-10-08 19:00:00
13266,300,humidity,72.95,2025-10-28 01:00:00
13267,105,temperature,22.8,2026-01-27 20:00:00
13268,142,temperature,25.53,2025-11-15 21:00:00
13269,226,soil_moisture,31.42,2026-04-21 16:00:00
13270,28,soil_moisture,44.67,2025-07-11 02:00:00
13271,364,soil_moisture,37.68,2025-12-21 05:00:00
13272,125,humidity,55.32,2025-11-21 14:00:00
13273,240,humidity,69.91,2026-04-21 04:00:00
13274,61,rainfall,0.0,2026-02-05 03:00:00
13275,447,rainfall,0.0,2025-09-19 16:00:00
13276,226,humidity,39.22,2026-04-22 05:00:00
13277,324,soil_moisture,17.72,2026-01-27 00:00:00
13278,323,humidity,61.04,2025-07-26 00:00:00
13279,89,temperature,31.31,2026-02-27 21:00:00
13280,382,humidity,52.43,2025-07-31 23:00:00
13281,223,temperature,23.75,2025-12-14 08:00:00
13282,263,humidity,54.78,2025-12-21 06:00:00
13283,362,soil_moisture,24.39,2026-04-17 07:00:00
13284,82,rainfall,56.0,2026-02-20 20:00:00
13285,65,humidity,-273.0,2025-07-09 01:00:00
13286,74,humidity,41.3,2025-10-23 23:00:00
13287,283,humidity,46.43,2026-02-21 23:00:00
13288,235,temperature,30.93,2026-04-01 08:00:00
13289,340,humidity,46.96,2025-12-25 20:00:00
13290,300,temperature,22.78,2025-10-26 03:00:00
13291,277,humidity,63.65,2025-09-10 02:00:00
13292,113,temperature,26.49,2025-07-28 19:00:00
13293,103,humidity,47.09,2026-01-09 10:00:00
13294,36,humidity,49.86,2026-03-19 23:00:00
13295,166,temperature,33.05,2025-11-29 19:00:00
13296,210,rainfall,36.31,2025-11-06 04:00:00
13297,211,soil_moisture,23.69,2026-02-02 23:00:00
13298,222,temperature,28.67,2025-10-15 07:00:00
13299,377,temperature,34.14,2025-07-11 07:00:00
13300,364,humidity,65.41,2025-12-20 14:00:00
13301,70,temperature,28.39,2025-12-09 15:00:00
13302,126,temperature,34.1,2025-08-19 18:00:00
13303,356,temperature,30.96,2025-12-13 16:00:00
13304,305,rainfall,0.0,2025-06-26 23:00:00
13305,115,rainfall,47.62,2025-10-25 20:00:00
13306,82,rainfall,0.0,2026-02-20 14:00:00
13307,208,rainfall,0.0,2026-01-16 03:00:00
13308,90,humidity,52.74,2025-08-19 04:00:00
13309,220,rainfall,0.0,2026-01-31 06:00:00
13310,140,temperature,29.16,2025-09-12 02:00:00
13311,389,soil_moisture,30.71,2026-03-16 09:00:00
13312,97,humidity,58.26,2026-02-14 07:00:00
13313,117,rainfall,0.0,2025-08-21 09:00:00
13314,126,rainfall,54.79,2025-08-18 01:00:00
13315,165,humidity,58.95,2025-07-01 04:00:00
13316,391,humidity,50.48,2025-06-27 12:00:00
13317,90,soil_moisture,37.13,2025-08-19 06:00:00
13318,263,temperature,31.44,2025-12-22 00:00:00
13319,170,temperature,29.53,2025-07-05 04:00:00
13320,310,temperature,29.3,2025-12-23 20:00:00
13321,65,rainfall,39.81,2025-07-08 06:00:00
13322,113,humidity,43.87,2025-07-27 14:00:00
13323,30,rainfall,0.0,2025-08-20 23:00:00
13324,427,soil_moisture,28.72,2025-07-11 15:00:00
13325,159,temperature,29.78,2025-09-19 06:00:00
13326,170,soil_moisture,34.78,2025-07-04 21:00:00
13327,90,soil_moisture,34.07,2025-08-19 01:00:00
13328,220,rainfall,0.0,2026-01-30 04:00:00
13329,372,soil_moisture,38.3,2025-10-28 18:00:00
13330,201,temperature,30.28,2026-03-31 22:00:00
13331,421,humidity,49.32,2025-07-11 20:00:00
13332,425,soil_moisture,29.43,2025-09-08 21:00:00
13333,223,temperature,26.76,2025-12-14 16:00:00
13334,65,humidity,68.31,2025-07-08 12:00:00
13335,16,humidity,63.74,2025-08-19 14:00:00
13336,424,rainfall,0.0,2026-01-06 01:00:00
13337,282,soil_moisture,37.19,2026-01-10 07:00:00
13338,381,temperature,35.23,2025-10-25 16:00:00
13339,282,soil_moisture,39.63,2026-01-10 02:00:00
13340,177,temperature,20.47,2026-03-13 19:00:00
13341,28,temperature,22.68,2025-07-10 15:00:00
13342,431,soil_moisture,39.51,2025-07-02 09:00:00
13343,197,rainfall,0.0,2026-03-15 09:00:00
13344,233,humidity,54.61,2025-12-14 03:00:00
13345,30,rainfall,0.0,2025-08-20 10:00:00
13346,238,temperature,27.71,2025-11-24 14:00:00
13347,178,soil_moisture,36.26,2025-12-15 02:00:00
13348,391,soil_moisture,36.36,2025-06-28 09:00:00
13349,17,humidity,49.74,2025-07-20 20:00:00
13350,293,temperature,21.67,2026-02-09 13:00:00
13351,442,soil_moisture,49.69,2025-10-15 19:00:00
13352,18,soil_moisture,37.7,2026-03-16 07:00:00
13353,401,soil_moisture,29.11,2025-12-10 10:00:00
13354,431,soil_moisture,39.23,2025-07-02 10:00:00
13355,74,temperature,24.29,2025-10-22 01:00:00
13356,324,soil_moisture,19.06,2026-01-26 07:00:00
13357,1,rainfall,0.0,2026-02-28 03:00:00
13358,424,rainfall,0.0,2026-01-05 09:00:00
13359,197,soil_moisture,40.77,2026-03-15 03:00:00
13360,91,rainfall,21.06,2026-02-23 13:00:00
13361,442,soil_moisture,47.16,2025-10-15 06:00:00
13362,371,humidity,57.77,2026-03-30 08:00:00
13363,43,temperature,22.51,2025-09-13 15:00:00
13364,427,rainfall,0.0,2025-07-10 09:00:00
13365,165,rainfall,31.09,2025-07-01 21:00:00
13366,324,soil_moisture,26.4,2026-01-26 14:00:00
13367,180,rainfall,64.16,2025-12-25 00:00:00
13368,385,rainfall,0.0,2026-03-23 14:00:00
13369,418,humidity,41.45,2025-09-06 01:00:00
13370,401,rainfall,54.87,2025-12-10 13:00:00
13371,283,temperature,30.09,2026-02-21 19:00:00
13372,444,humidity,65.5,2025-12-12 05:00:00
13373,260,humidity,56.93,2025-09-22 20:00:00
13374,208,soil_moisture,23.7,2026-01-16 10:00:00
13375,125,rainfall,0.0,2025-11-21 21:00:00
13376,391,temperature,25.69,2025-06-27 06:00:00
13377,125,humidity,61.03,2025-11-20 22:00:00
13378,424,temperature,28.05,2026-01-06 06:00:00
13379,376,rainfall,54.92,2025-09-13 12:00:00
13380,411,temperature,27.66,2025-08-24 16:00:00
13381,148,rainfall,0.0,2025-12-02 14:00:00
13382,428,soil_moisture,41.95,2026-01-30 13:00:00
13383,327,temperature,25.1,2025-07-29 06:00:00
13384,413,rainfall,0.0,2026-01-13 15:00:00
13385,186,humidity,75.98,2026-01-27 08:00:00
13386,122,rainfall,0.0,2025-12-21 13:00:00
13387,310,humidity,65.23,2025-12-22 12:00:00
13388,362,temperature,21.51,2026-04-18 11:00:00
13389,342,humidity,60.66,2026-03-30 08:00:00
13390,372,temperature,31.54,2025-10-28 18:00:00
13391,294,rainfall,0.0,2026-01-03 15:00:00
13392,411,soil_moisture,37.42,2025-08-25 07:00:00
13393,123,temperature,24.19,2025-11-16 04:00:00
13394,47,humidity,58.46,2025-10-04 01:00:00
13395,168,temperature,25.4,2026-03-29 04:00:00
13396,29,humidity,36.03,2026-01-19 22:00:00
13397,362,soil_moisture,18.84,2026-04-17 02:00:00
13398,283,soil_moisture,37.64,2026-02-23 07:00:00
13399,166,humidity,58.02,2025-11-30 14:00:00
13400,125,soil_moisture,39.96,2025-11-21 11:00:00
13401,6,humidity,74.53,2025-08-12 02:00:00
13402,401,soil_moisture,29.67,2025-12-09 06:00:00
13403,310,rainfall,0.0,2025-12-23 20:00:00
13404,178,rainfall,55.17,2025-12-17 04:00:00
13405,165,humidity,68.02,2025-07-01 20:00:00
13406,186,temperature,28.49,2026-01-28 20:00:00
13407,354,soil_moisture,28.85,2026-03-06 04:00:00
13408,272,humidity,63.15,2025-12-02 21:00:00
13409,13,soil_moisture,45.08,2025-11-02 09:00:00
13410,260,rainfall,0.0,2025-09-22 11:00:00
13411,185,temperature,32.91,2026-03-05 01:00:00
13412,201,rainfall,0.0,2026-03-30 17:00:00
13413,142,humidity,68.62,2025-11-17 07:00:00
13414,197,soil_moisture,38.04,2026-03-17 03:00:00
13415,105,rainfall,0.0,2026-01-27 20:00:00
13416,326,soil_moisture,25.39,2026-03-26 15:00:00
13417,10,soil_moisture,35.88,2026-03-29 21:00:00
13418,44,humidity,48.45,2025-10-06 08:00:00
13419,389,rainfall,0.0,2026-03-17 20:00:00
13420,372,temperature,31.46,2025-10-29 23:00:00
13421,205,rainfall,44.69,2025-12-24 12:00:00
13422,351,temperature,19.92,2026-02-12 02:00:00
13423,89,soil_moisture,37.91,2026-02-28 09:00:00
13424,354,temperature,31.81,2026-03-07 03:00:00
13425,402,rainfall,39.83,2026-03-30 00:00:00
13426,223,rainfall,0.0,2025-12-13 05:00:00
13427,89,humidity,72.91,2026-02-26 15:00:00
13428,372,rainfall,0.0,2025-10-29 08:00:00
13429,428,rainfall,0.0,2026-02-01 12:00:00
13430,185,humidity,45.21,2026-03-05 10:00:00
13431,166,soil_moisture,21.02,2025-11-30 02:00:00
13432,99,humidity,45.38,2025-10-08 03:00:00
13433,166,rainfall,0.0,2025-12-01 09:00:00
13434,413,humidity,51.14,2026-01-13 12:00:00
13435,55,rainfall,0.0,2025-09-01 05:00:00
13436,403,soil_moisture,35.75,2025-11-07 15:00:00
13437,184,rainfall,0.0,2026-01-07 03:00:00
13438,222,rainfall,27.09,2025-10-15 14:00:00
13439,309,soil_moisture,24.86,2026-04-07 03:00:00
13440,419,soil_moisture,30.64,2025-09-24 09:00:00
13441,24,temperature,23.03,2026-03-05 14:00:00
13442,449,humidity,70.15,2025-09-17 00:00:00
13443,376,soil_moisture,37.44,2025-09-14 23:00:00
13444,128,humidity,44.64,2025-07-10 07:00:00
13445,47,rainfall,0.0,2025-10-04 11:00:00
13446,277,humidity,71.07,2025-09-10 08:00:00
13447,48,temperature,27.16,2025-12-31 08:00:00
13448,28,humidity,46.66,2025-07-09 10:00:00
13449,277,temperature,27.8,2025-09-10 12:00:00
13450,177,soil_moisture,21.37,2026-03-14 01:00:00
13451,91,rainfall,26.88,2026-02-22 08:00:00
13452,193,soil_moisture,47.87,2026-03-19 02:00:00
13453,440,temperature,26.81,2025-07-10 01:00:00
13454,169,humidity,66.8,2026-03-23 21:00:00
13455,16,soil_moisture,39.74,2025-08-20 03:00:00
13456,268,temperature,26.8,2025-12-25 02:00:00
13457,72,humidity,47.95,2025-08-20 14:00:00
13458,447,soil_moisture,26.61,2025-09-18 01:00:00
13459,283,soil_moisture,44.25,2026-02-23 13:00:00
13460,50,soil_moisture,30.91,2026-03-09 20:00:00
13461,421,soil_moisture,25.78,2025-07-11 06:00:00
13462,403,soil_moisture,41.87,2025-11-05 23:00:00
13463,376,humidity,59.3,2025-09-13 21:00:00
13464,125,soil_moisture,37.19,2025-11-22 08:00:00
13465,283,rainfall,0.0,2026-02-21 13:00:00
13466,114,humidity,48.17,2026-04-20 19:00:00
13467,305,temperature,25.54,2025-06-26 02:00:00
13468,235,soil_moisture,35.86,2026-04-01 06:00:00
13469,287,soil_moisture,40.62,2026-04-05 09:00:00
13470,90,temperature,30.3,2025-08-20 10:00:00
13471,318,humidity,37.74,2026-04-06 02:00:00
13472,389,temperature,33.06,2026-03-18 06:00:00
13473,7,soil_moisture,41.39,2025-12-16 00:00:00
13474,32,soil_moisture,30.57,2025-07-26 01:00:00
13475,285,humidity,55.21,2025-09-05 19:00:00
13476,226,rainfall,0.0,2026-04-23 10:00:00
13477,303,humidity,50.33,2025-08-21 16:00:00
13478,442,temperature,34.91,2025-10-14 17:00:00
13479,74,rainfall,0.0,2025-10-23 08:00:00
13480,255,temperature,26.51,2025-11-03 21:00:00
13481,308,temperature,20.82,2025-12-27 02:00:00
13482,46,humidity,73.68,2025-09-20 18:00:00
13483,105,rainfall,0.0,2026-01-28 22:00:00
13484,60,temperature,27.55,2026-03-05 12:00:00
13485,300,rainfall,0.0,2025-10-25 14:00:00
13486,368,temperature,26.92,2026-03-06 04:00:00
13487,7,soil_moisture,42.61,2025-12-17 03:00:00
13488,361,soil_moisture,31.13,2025-10-19 15:00:00
13489,330,soil_moisture,20.45,2025-10-02 09:00:00
13490,368,humidity,58.0,2026-03-04 10:00:00
13491,197,temperature,28.79,2026-03-16 14:00:00
13492,28,humidity,48.81,2025-07-09 22:00:00
13493,310,soil_moisture,30.14,2025-12-23 01:00:00
13494,147,temperature,26.82,2026-03-10 04:00:00
13495,210,soil_moisture,36.12,2025-11-04 11:00:00
13496,205,temperature,26.16,2025-12-24 09:00:00
13497,285,rainfall,39.16,2025-09-05 11:00:00
13498,303,soil_moisture,31.11,2025-08-22 01:00:00
13499,13,rainfall,0.0,2025-11-02 00:00:00
13500,272,humidity,57.82,2025-12-02 20:00:00
13501,340,rainfall,0.0,2025-12-25 10:00:00
13502,293,temperature,21.69,2026-02-08 17:00:00
13503,343,rainfall,0.0,2026-01-12 13:00:00
13504,28,temperature,20.38,2025-07-09 23:00:00
13505,193,soil_moisture,41.37,2026-03-18 22:00:00
13506,103,temperature,21.79,2026-01-08 06:00:00
13507,327,rainfall,0.0,2025-07-29 09:00:00
13508,17,humidity,47.97,2025-07-19 01:00:00
13509,205,temperature,27.59,2025-12-24 08:00:00
13510,6,rainfall,0.0,2025-08-11 11:00:00
13511,382,temperature,23.1,2025-08-01 12:00:00
13512,386,temperature,26.3,2026-04-04 19:00:00
13513,382,temperature,19.0,2025-07-30 23:00:00
13514,91,humidity,68.65,2026-02-22 14:00:00
13515,327,humidity,61.27,2025-07-29 12:00:00
13516,386,soil_moisture,41.36,2026-04-05 14:00:00
13517,133,rainfall,0.0,2025-07-02 05:00:00
13518,177,soil_moisture,26.7,2026-03-13 15:00:00
13519,361,humidity,70.37,2025-10-18 07:00:00
13520,154,temperature,32.9,2025-08-21 23:00:00
13521,123,temperature,25.06,2025-11-15 18:00:00
13522,53,soil_moisture,23.71,2026-03-03 11:00:00
13523,180,humidity,56.51,2025-12-24 23:00:00
13524,321,temperature,22.75,2025-09-10 10:00:00
13525,177,soil_moisture,19.72,2026-03-12 02:00:00
13526,211,rainfall,46.34,2026-02-02 09:00:00
13527,180,temperature,28.31,2025-12-25 17:00:00
13528,105,rainfall,28.45,2026-01-27 13:00:00
13529,193,rainfall,0.0,2026-03-19 15:00:00
13530,136,humidity,71.66,2025-11-10 01:00:00
13531,306,soil_moisture,37.76,2025-12-30 15:00:00
13532,196,temperature,21.02,2026-02-16 19:00:00
13533,122,temperature,23.29,2025-12-22 06:00:00
13534,114,rainfall,0.0,2026-04-19 07:00:00
13535,137,humidity,39.51,2026-03-13 14:00:00
13536,403,humidity,50.04,2025-11-07 02:00:00
13537,126,rainfall,53.78,2025-08-17 21:00:00
13538,285,temperature,27.72,2025-09-05 04:00:00
13539,77,humidity,53.3,2026-03-27 05:00:00
13540,91,rainfall,0.0,2026-02-23 19:00:00
13541,227,rainfall,0.0,2025-10-16 12:00:00
13542,294,soil_moisture,22.21,2026-01-03 14:00:00
13543,78,humidity,48.74,2025-09-26 10:00:00
13544,50,humidity,37.99,2026-03-10 07:00:00
13545,167,temperature,36.63,2025-12-24 13:00:00
13546,403,soil_moisture,38.34,2025-11-06 01:00:00
13547,367,rainfall,0.0,2025-11-21 12:00:00
13548,90,humidity,55.0,2025-08-20 16:00:00
13549,370,rainfall,47.56,2025-07-09 18:00:00
13550,30,rainfall,24.17,2025-08-19 19:00:00
13551,283,temperature,23.05,2026-02-22 10:00:00
13552,413,temperature,30.71,2026-01-13 01:00:00
13553,43,soil_moisture,33.23,2025-09-12 20:00:00
13554,65,temperature,24.42,2025-07-09 06:00:00
13555,377,soil_moisture,32.87,2025-07-12 18:00:00
13556,309,soil_moisture,29.99,2026-04-07 02:00:00
13557,72,temperature,24.84,2025-08-20 04:00:00
13558,105,humidity,35.74,2026-01-28 14:00:00
13559,32,humidity,72.59,2025-07-27 03:00:00
13560,133,soil_moisture,40.55,2025-07-03 23:00:00
13561,77,rainfall,29.19,2026-03-27 10:00:00
13562,137,rainfall,0.0,2026-03-14 04:00:00
13563,449,temperature,31.5,2025-09-17 00:00:00
13564,208,humidity,47.27,2026-01-17 07:00:00
13565,446,temperature,25.45,2026-04-21 06:00:00
13566,294,soil_moisture,25.03,2026-01-05 02:00:00
13567,186,temperature,28.09,2026-01-27 08:00:00
13568,288,temperature,29.59,2025-07-06 01:00:00
13569,148,rainfall,0.0,2025-12-03 07:00:00
13570,295,soil_moisture,38.53,2026-04-10 23:00:00
13571,46,soil_moisture,28.71,2025-09-21 02:00:00
13572,427,humidity,60.79,2025-07-10 05:00:00
13573,368,soil_moisture,25.42,2026-03-04 18:00:00
13574,222,temperature,27.57,2025-10-16 14:00:00
13575,437,rainfall,60.45,2025-10-03 17:00:00
13576,361,humidity,72.8,2025-10-18 10:00:00
13577,277,humidity,69.62,2025-09-12 04:00:00
13578,196,rainfall,0.0,2026-02-15 16:00:00
13579,9,rainfall,0.0,2025-09-19 07:00:00
13580,282,humidity,58.78,2026-01-10 20:00:00
13581,192,humidity,54.1,2026-01-21 01:00:00
13582,260,soil_moisture,26.69,2025-09-22 21:00:00
13583,89,temperature,29.45,2026-02-26 14:00:00
13584,351,rainfall,0.0,2026-02-12 03:00:00
13585,197,rainfall,0.0,2026-03-15 04:00:00
13586,197,temperature,29.07,2026-03-15 06:00:00
13587,140,rainfall,0.0,2025-09-12 21:00:00
13588,425,rainfall,0.0,2025-09-08 19:00:00
13589,171,rainfall,0.0,2026-01-16 06:00:00
13590,448,humidity,76.32,2025-12-14 12:00:00
13591,50,soil_moisture,29.38,2026-03-10 08:00:00
13592,322,temperature,21.4,2026-01-18 14:00:00
13593,29,temperature,29.84,2026-01-19 10:00:00
13594,447,temperature,22.55,2025-09-18 07:00:00
13595,421,soil_moisture,23.82,2025-07-12 04:00:00
13596,428,temperature,22.78,2026-01-31 01:00:00
13597,321,rainfall,44.07,2025-09-12 11:00:00
13598,133,temperature,22.6,2025-07-03 22:00:00
13599,17,soil_moisture,27.6,2025-07-21 00:00:00
13600,73,temperature,34.1,2025-10-09 05:00:00
13601,123,soil_moisture,31.29,2025-11-16 09:00:00
13602,343,soil_moisture,37.35,2026-01-14 03:00:00
13603,9,humidity,52.93,2025-09-19 03:00:00
13604,342,humidity,64.69,2026-03-28 01:00:00
13605,72,soil_moisture,46.61,2025-08-21 01:00:00
13606,263,humidity,53.52,2025-12-23 23:00:00
13607,44,rainfall,0.0,2025-10-07 19:00:00
13608,226,soil_moisture,31.99,2026-04-21 22:00:00
13609,323,humidity,64.8,2025-07-25 14:00:00
13610,295,temperature,23.94,2026-04-11 18:00:00
13611,133,rainfall,48.29,2025-07-03 19:00:00
13612,447,temperature,20.26,2025-09-19 07:00:00
13613,428,soil_moisture,40.3,2026-01-31 14:00:00
13614,272,humidity,67.53,2025-12-02 08:00:00
13615,419,temperature,26.52,2025-09-25 21:00:00
13616,308,humidity,45.23,2025-12-28 04:00:00
13617,191,rainfall,0.0,2026-04-07 20:00:00
13618,354,temperature,32.53,2026-03-07 12:00:00
13619,386,rainfall,0.0,2026-04-04 14:00:00
13620,151,rainfall,0.0,2026-03-16 13:00:00
13621,370,rainfall,36.24,2025-07-08 04:00:00
13622,255,temperature,26.02,2025-11-04 20:00:00
13623,385,temperature,19.41,2026-03-22 04:00:00
13624,442,temperature,35.99,2025-10-14 11:00:00
13625,196,humidity,70.33,2026-02-16 18:00:00
13626,324,humidity,63.1,2026-01-27 08:00:00
13627,43,rainfall,0.0,2025-09-13 00:00:00
13628,142,rainfall,0.0,2025-11-15 01:00:00
13629,411,humidity,67.7,2025-08-24 06:00:00
13630,448,temperature,25.7,2025-12-13 19:00:00
13631,288,rainfall,49.27,2025-07-06 22:00:00
13632,135,soil_moisture,38.18,2025-12-05 17:00:00
13633,292,temperature,30.12,2025-09-24 10:00:00
13634,288,rainfall,40.96,2025-07-07 13:00:00
13635,210,temperature,33.54,2025-11-04 23:00:00
13636,215,rainfall,0.0,2026-03-15 20:00:00
13637,318,soil_moisture,44.66,2026-04-06 01:00:00
13638,6,humidity,68.48,2025-08-11 20:00:00
13639,322,temperature,23.38,2026-01-16 11:00:00
13640,1,temperature,24.99,2026-02-28 11:00:00
13641,77,humidity,53.4,2026-03-26 05:00:00
13642,159,soil_moisture,23.09,2025-09-21 05:00:00
13643,126,temperature,34.01,2025-08-18 14:00:00
13644,377,temperature,31.97,2025-07-12 10:00:00
13645,36,soil_moisture,28.03,2026-03-19 03:00:00
13646,49,humidity,51.37,2025-09-30 07:00:00
13647,191,rainfall,0.0,2026-04-06 17:00:00
13648,32,rainfall,0.0,2025-07-27 18:00:00
13649,298,temperature,29.0,2025-09-13 08:00:00
13650,191,rainfall,0.0,2026-04-07 05:00:00
13651,293,humidity,41.8,2026-02-08 16:00:00
13652,55,rainfall,0.0,2025-08-31 02:00:00
13653,126,temperature,35.13,2025-08-19 11:00:00
13654,66,humidity,34.0,2026-01-07 09:00:00
13655,24,rainfall,0.0,2026-03-05 10:00:00
13656,298,humidity,58.24,2025-09-12 20:00:00
13657,180,soil_moisture,39.16,2025-12-25 09:00:00
13658,61,rainfall,0.0,2026-02-06 10:00:00
13659,367,temperature,30.13,2025-11-22 06:00:00
13660,43,soil_moisture,38.65,2025-09-12 15:00:00
13661,425,humidity,61.06,2025-09-10 13:00:00
13662,185,soil_moisture,39.47,2026-03-05 11:00:00
13663,294,temperature,29.41,2026-01-03 15:00:00
13664,327,soil_moisture,45.81,2025-07-28 02:00:00
13665,99,humidity,33.27,2025-10-08 14:00:00
13666,32,humidity,65.95,2025-07-28 01:00:00
13667,32,temperature,25.52,2025-07-28 05:00:00
13668,222,humidity,71.85,2025-10-15 22:00:00
13669,186,humidity,62.53,2026-01-28 08:00:00
13670,170,humidity,44.7,2025-07-03 23:00:00
13671,177,temperature,19.13,2026-03-13 06:00:00
13672,190,temperature,21.78,2026-02-10 08:00:00
13673,446,humidity,51.05,2026-04-20 07:00:00
13674,356,humidity,71.84,2025-12-12 19:00:00
13675,257,humidity,68.7,2025-07-03 13:00:00
13676,166,humidity,55.0,2025-11-29 19:00:00
13677,368,rainfall,0.0,2026-03-04 12:00:00
13678,294,soil_moisture,23.11,2026-01-04 23:00:00
13679,9,temperature,33.07,2025-09-21 01:00:00
13680,268,humidity,64.39,2025-12-23 11:00:00
13681,277,humidity,69.73,2025-09-12 05:00:00
13682,385,humidity,45.83,2026-03-23 03:00:00
13683,382,temperature,22.98,2025-07-31 17:00:00
13684,300,temperature,26.29,2025-10-25 01:00:00
13685,294,soil_moisture,30.14,2026-01-05 12:00:00
13686,125,humidity,62.36,2025-11-22 03:00:00
13687,61,temperature,27.71,2026-02-05 18:00:00
13688,5,humidity,38.8,2026-04-08 00:00:00
13689,13,rainfall,0.0,2025-11-02 17:00:00
13690,178,soil_moisture,32.51,2025-12-17 03:00:00
13691,147,soil_moisture,24.3,2026-03-08 14:00:00
13692,421,soil_moisture,24.08,2025-07-11 22:00:00
13693,91,soil_moisture,37.89,2026-02-22 12:00:00
13694,70,humidity,48.38,2025-12-10 14:00:00
13695,446,soil_moisture,46.77,2026-04-21 23:00:00
13696,354,soil_moisture,21.91,2026-03-06 06:00:00
13697,263,rainfall,0.0,2025-12-22 21:00:00
13698,298,humidity,54.35,2025-09-12 23:00:00
13699,268,temperature,25.59,2025-12-24 01:00:00
13700,18,rainfall,56.87,2026-03-15 15:00:00
13701,428,temperature,22.53,2026-01-30 23:00:00
13702,46,humidity,63.28,2025-09-19 11:00:00
13703,135,rainfall,0.0,2025-12-05 08:00:00
13704,335,soil_moisture,-273.0,2025-09-04 15:00:00
13705,212,temperature,30.66,2025-11-17 22:00:00
13706,322,soil_moisture,25.9,2026-01-17 20:00:00
13707,48,humidity,47.45,2026-01-02 03:00:00
13708,436,temperature,28.62,2026-02-12 20:00:00
13709,99,rainfall,0.0,2025-10-09 20:00:00
13710,327,temperature,27.02,2025-07-28 19:00:00
13711,151,rainfall,0.0,2026-03-16 20:00:00
13712,235,rainfall,0.0,2026-04-01 07:00:00
13713,168,humidity,74.62,2026-03-27 04:00:00
13714,133,rainfall,0.0,2025-07-03 08:00:00
13715,140,soil_moisture,43.5,2025-09-13 17:00:00
13716,226,soil_moisture,36.44,2026-04-22 16:00:00
13717,309,soil_moisture,24.86,2026-04-08 13:00:00
13718,421,soil_moisture,21.07,2025-07-12 12:00:00
13719,223,soil_moisture,24.14,2025-12-14 18:00:00
13720,61,soil_moisture,44.05,2026-02-07 02:00:00
13721,413,soil_moisture,40.49,2026-01-12 09:00:00
13722,186,humidity,64.44,2026-01-28 16:00:00
13723,300,soil_moisture,36.4,2025-10-27 11:00:00
13724,191,temperature,27.65,2026-04-06 01:00:00
13725,449,temperature,34.91,2025-09-15 07:00:00
13726,428,rainfall,26.99,2026-02-01 05:00:00
13727,115,humidity,59.43,2025-10-26 20:00:00
13728,168,temperature,24.45,2026-03-28 09:00:00
13729,372,rainfall,64.4,2025-10-28 19:00:00
13730,361,soil_moisture,32.65,2025-10-18 17:00:00
13731,288,rainfall,0.0,2025-07-06 12:00:00
13732,324,soil_moisture,25.39,2026-01-26 12:00:00
13733,303,humidity,52.76,2025-08-23 01:00:00
13734,137,temperature,20.41,2026-03-13 05:00:00
13735,122,soil_moisture,46.3,2025-12-22 03:00:00
13736,444,humidity,57.61,2025-12-11 13:00:00
13737,296,soil_moisture,44.88,2025-08-20 05:00:00
13738,386,rainfall,0.0,2026-04-06 12:00:00
13739,362,rainfall,0.0,2026-04-17 18:00:00
13740,322,humidity,59.45,2026-01-18 05:00:00
13741,391,soil_moisture,36.0,2025-06-27 00:00:00
13742,143,humidity,58.85,2025-08-12 06:00:00
13743,292,humidity,68.12,2025-09-25 17:00:00
13744,282,soil_moisture,44.94,2026-01-11 05:00:00
13745,154,humidity,60.31,2025-08-20 17:00:00
13746,44,soil_moisture,35.07,2025-10-06 15:00:00
13747,161,humidity,40.65,2026-01-08 06:00:00
13748,94,humidity,72.88,2025-09-29 19:00:00
13749,353,temperature,23.46,2026-03-20 10:00:00
13750,222,temperature,29.08,2025-10-15 16:00:00
13751,90,soil_moisture,39.25,2025-08-19 04:00:00
13752,306,rainfall,0.0,2025-12-30 17:00:00
13753,126,temperature,36.28,2025-08-19 01:00:00
13754,76,temperature,17.9,2026-04-15 14:00:00
13755,294,soil_moisture,23.48,2026-01-05 03:00:00
13756,376,soil_moisture,38.34,2025-09-13 15:00:00
13757,166,soil_moisture,24.98,2025-11-30 01:00:00
13758,128,humidity,48.42,2025-07-09 04:00:00
13759,185,rainfall,33.52,2026-03-06 10:00:00
13760,71,temperature,28.73,2025-10-01 11:00:00
13761,10,humidity,36.56,2026-03-29 04:00:00
13762,142,humidity,68.23,2025-11-16 00:00:00
13763,147,rainfall,0.0,2026-03-09 17:00:00
13764,229,soil_moisture,34.79,2025-11-13 13:00:00
13765,78,rainfall,0.0,2025-09-25 21:00:00
13766,71,soil_moisture,43.18,2025-10-02 17:00:00
13767,97,humidity,55.65,2026-02-14 23:00:00
13768,135,humidity,55.28,2025-12-06 08:00:00
13769,419,soil_moisture,27.56,2025-09-24 02:00:00
13770,134,rainfall,0.0,2026-01-07 14:00:00
13771,382,soil_moisture,43.89,2025-07-30 17:00:00
13772,324,humidity,63.8,2026-01-26 16:00:00
13773,4,temperature,28.45,2026-04-12 07:00:00
13774,389,humidity,34.98,2026-03-17 23:00:00
13775,151,humidity,54.67,2026-03-18 02:00:00
13776,292,soil_moisture,44.87,2025-09-24 08:00:00
13777,134,humidity,52.25,2026-01-06 18:00:00
13778,191,temperature,31.5,2026-04-07 10:00:00
13779,65,rainfall,0.0,2025-07-08 21:00:00
13780,143,rainfall,0.0,2025-08-10 05:00:00
13781,440,temperature,28.27,2025-07-10 23:00:00
13782,91,humidity,66.4,2026-02-22 18:00:00
13783,292,rainfall,42.58,2025-09-24 13:00:00
13784,148,soil_moisture,50.17,2025-12-02 20:00:00
13785,168,temperature,20.82,2026-03-27 21:00:00
13786,372,temperature,29.04,2025-10-28 15:00:00
13787,283,temperature,31.48,2026-02-23 06:00:00
13788,305,rainfall,0.0,2025-06-26 06:00:00
13789,340,soil_moisture,32.11,2025-12-25 21:00:00
13790,18,humidity,63.71,2026-03-16 22:00:00
13791,263,humidity,45.04,2025-12-21 14:00:00
13792,171,rainfall,21.9,2026-01-17 10:00:00
13793,382,temperature,22.36,2025-07-30 21:00:00
13794,4,temperature,30.53,2026-04-11 14:00:00
13795,300,temperature,24.15,2025-10-26 21:00:00
13796,384,humidity,49.24,2025-08-16 10:00:00
13797,90,humidity,57.0,2025-08-19 05:00:00
13798,335,soil_moisture,37.21,2025-09-05 08:00:00
13799,342,humidity,64.27,2026-03-30 09:00:00
13800,28,soil_moisture,35.51,2025-07-10 13:00:00
13801,169,soil_moisture,46.22,2026-03-22 10:00:00
13802,185,humidity,44.9,2026-03-04 14:00:00
13803,425,rainfall,45.96,2025-09-08 09:00:00
13804,294,humidity,46.38,2026-01-04 14:00:00
13805,308,humidity,58.73,2025-12-27 14:00:00
13806,204,soil_moisture,40.2,2025-08-24 13:00:00
13807,341,humidity,51.57,2025-11-25 08:00:00
13808,18,temperature,26.66,2026-03-16 17:00:00
13809,137,humidity,50.35,2026-03-13 04:00:00
13810,303,humidity,63.54,2025-08-22 18:00:00
13811,240,rainfall,0.0,2026-04-22 14:00:00
13812,419,rainfall,0.0,2025-09-25 11:00:00
13813,370,rainfall,39.39,2025-07-09 12:00:00
13814,1,rainfall,0.0,2026-02-28 09:00:00
13815,166,rainfall,0.0,2025-11-29 01:00:00
13816,449,rainfall,0.0,2025-09-16 07:00:00
13817,381,soil_moisture,46.59,2025-10-25 20:00:00
13818,193,soil_moisture,46.66,2026-03-18 20:00:00
13819,440,rainfall,46.02,2025-07-10 11:00:00
13820,300,rainfall,0.0,2025-10-25 02:00:00
13821,17,soil_moisture,21.73,2025-07-20 03:00:00
13822,396,soil_moisture,34.28,2025-07-05 01:00:00
13823,46,soil_moisture,36.94,2025-09-19 02:00:00
13824,391,humidity,48.14,2025-06-27 00:00:00
13825,13,soil_moisture,42.74,2025-11-01 17:00:00
13826,113,soil_moisture,37.64,2025-07-27 18:00:00
13827,133,temperature,17.06,2025-07-03 21:00:00
13828,427,humidity,54.26,2025-07-10 09:00:00
13829,186,rainfall,0.0,2026-01-28 15:00:00
13830,115,temperature,29.39,2025-10-25 06:00:00
13831,59,humidity,72.03,2025-12-09 08:00:00
13832,255,humidity,55.43,2025-11-02 20:00:00
13833,4,soil_moisture,27.67,2026-04-12 17:00:00
13834,283,humidity,42.63,2026-02-21 17:00:00
13835,346,rainfall,0.0,2025-09-24 16:00:00
13836,413,rainfall,0.0,2026-01-13 00:00:00
13837,402,temperature,32.71,2026-03-29 08:00:00
13838,447,temperature,20.6,2025-09-20 01:00:00
13839,169,temperature,25.91,2026-03-24 15:00:00
13840,43,temperature,26.34,2025-09-13 16:00:00
13841,326,temperature,24.3,2026-03-28 08:00:00
13842,442,humidity,42.58,2025-10-15 16:00:00
13843,372,soil_moisture,500.0,2025-10-28 16:00:00
13844,18,temperature,25.88,2026-03-15 20:00:00
13845,215,soil_moisture,38.18,2026-03-14 10:00:00
13846,370,humidity,52.12,2025-07-09 18:00:00
13847,341,soil_moisture,53.34,2025-11-25 20:00:00
13848,169,soil_moisture,40.99,2026-03-23 04:00:00
13849,192,rainfall,0.0,2026-01-21 04:00:00
13850,287,soil_moisture,47.43,2026-04-06 00:00:00
13851,396,rainfall,0.0,2025-07-04 07:00:00
13852,160,humidity,62.63,2026-04-14 23:00:00
13853,283,temperature,31.83,2026-02-22 00:00:00
13854,196,humidity,66.11,2026-02-16 06:00:00
13855,413,humidity,41.45,2026-01-12 20:00:00
13856,171,temperature,31.81,2026-01-16 10:00:00
13857,10,humidity,40.4,2026-03-29 21:00:00
13858,431,soil_moisture,35.37,2025-07-01 12:00:00
13859,233,temperature,500.0,2025-12-15 20:00:00
13860,396,soil_moisture,40.23,2025-07-04 08:00:00
13861,425,temperature,33.36,2025-09-08 15:00:00
13862,59,temperature,20.95,2025-12-09 17:00:00
13863,285,humidity,56.83,2025-09-05 08:00:00
13864,163,humidity,52.86,2025-07-04 08:00:00
13865,273,soil_moisture,44.53,2026-01-06 13:00:00
13866,326,soil_moisture,22.59,2026-03-27 20:00:00
13867,7,temperature,27.01,2025-12-17 12:00:00
13868,72,humidity,44.23,2025-08-19 02:00:00
13869,444,temperature,28.85,2025-12-13 13:00:00
13870,60,soil_moisture,27.0,2026-03-05 21:00:00
13871,30,temperature,24.16,2025-08-19 03:00:00
13872,170,soil_moisture,35.32,2025-07-03 01:00:00
13873,371,soil_moisture,19.28,2026-03-30 12:00:00
13874,382,humidity,57.32,2025-07-30 08:00:00
13875,323,soil_moisture,34.29,2025-07-26 16:00:00
13876,326,rainfall,0.0,2026-03-27 15:00:00
13877,125,temperature,25.02,2025-11-20 21:00:00
13878,28,humidity,37.18,2025-07-10 00:00:00
13879,293,temperature,19.97,2026-02-08 22:00:00
13880,167,soil_moisture,41.91,2025-12-24 12:00:00
13881,196,temperature,19.9,2026-02-16 16:00:00
13882,197,temperature,28.13,2026-03-15 12:00:00
13883,167,rainfall,38.13,2025-12-24 12:00:00
13884,208,temperature,28.82,2026-01-15 08:00:00
13885,233,soil_moisture,35.32,2025-12-14 07:00:00
13886,140,humidity,46.72,2025-09-14 02:00:00
13887,353,humidity,40.86,2026-03-20 06:00:00
13888,184,rainfall,30.13,2026-01-05 11:00:00
13889,126,temperature,32.14,2025-08-19 06:00:00
13890,89,humidity,60.28,2026-02-26 07:00:00
13891,125,humidity,59.74,2025-11-20 06:00:00
13892,30,rainfall,0.0,2025-08-20 08:00:00
13893,185,humidity,49.16,2026-03-04 12:00:00
13894,77,temperature,20.58,2026-03-27 14:00:00
13895,294,temperature,28.81,2026-01-04 04:00:00
13896,294,rainfall,0.0,2026-01-04 08:00:00
13897,17,soil_moisture,27.81,2025-07-19 15:00:00
13898,444,humidity,52.67,2025-12-13 02:00:00
13899,125,soil_moisture,33.88,2025-11-22 01:00:00
13900,178,soil_moisture,29.36,2025-12-15 17:00:00
13901,36,rainfall,41.09,2026-03-20 09:00:00
13902,447,temperature,22.48,2025-09-18 05:00:00
13903,167,rainfall,0.0,2025-12-25 05:00:00
13904,257,humidity,65.98,2025-07-03 12:00:00
13905,305,soil_moisture,39.83,2025-06-28 02:00:00
13906,193,soil_moisture,42.93,2026-03-18 19:00:00
13907,427,humidity,56.04,2025-07-09 17:00:00
13908,282,humidity,63.37,2026-01-10 04:00:00
13909,137,soil_moisture,26.81,2026-03-13 17:00:00
13910,125,temperature,25.56,2025-11-20 04:00:00
13911,285,temperature,31.24,2025-09-06 15:00:00
13912,161,rainfall,29.93,2026-01-06 03:00:00
13913,343,soil_moisture,39.66,2026-01-14 12:00:00
13914,226,soil_moisture,36.57,2026-04-21 04:00:00
13915,238,temperature,27.64,2025-11-24 05:00:00
13916,343,rainfall,50.26,2026-01-13 16:00:00
13917,356,temperature,28.87,2025-12-12 01:00:00
13918,425,humidity,56.63,2025-09-10 06:00:00
13919,238,temperature,25.81,2025-11-25 04:00:00
13920,47,humidity,63.95,2025-10-04 13:00:00
13921,49,soil_moisture,34.88,2025-09-29 12:00:00
13922,371,humidity,57.1,2026-04-01 07:00:00
13923,327,rainfall,55.45,2025-07-28 15:00:00
13924,385,temperature,20.74,2026-03-22 16:00:00
13925,29,humidity,42.22,2026-01-20 16:00:00
13926,77,temperature,17.59,2026-03-27 16:00:00
13927,146,humidity,55.02,2025-08-16 06:00:00
13928,372,rainfall,68.66,2025-10-28 03:00:00
13929,9,humidity,60.2,2025-09-20 13:00:00
13930,396,temperature,31.62,2025-07-06 06:00:00
13931,437,soil_moisture,41.07,2025-10-03 18:00:00
13932,282,temperature,30.65,2026-01-10 04:00:00
13933,18,humidity,49.8,2026-03-15 15:00:00
13934,177,humidity,59.77,2026-03-12 22:00:00
13935,193,rainfall,0.0,2026-03-18 16:00:00
13936,362,rainfall,0.0,2026-04-17 10:00:00
13937,449,soil_moisture,35.76,2025-09-15 18:00:00
13938,151,humidity,59.79,2026-03-18 08:00:00
13939,386,rainfall,45.62,2026-04-04 09:00:00
13940,128,humidity,42.88,2025-07-10 03:00:00
13941,272,temperature,31.64,2025-12-03 09:00:00
13942,308,soil_moisture,34.91,2025-12-26 01:00:00
13943,367,humidity,55.69,2025-11-22 02:00:00
13944,73,soil_moisture,31.37,2025-10-07 23:00:00
13945,115,soil_moisture,35.68,2025-10-27 02:00:00
13946,191,humidity,49.61,2026-04-06 16:00:00
13947,55,rainfall,0.0,2025-09-02 01:00:00
13948,24,temperature,23.28,2026-03-06 05:00:00
13949,227,humidity,65.61,2025-10-16 11:00:00
13950,323,temperature,19.57,2025-07-26 11:00:00
13951,226,humidity,38.22,2026-04-21 11:00:00
13952,292,soil_moisture,46.4,2025-09-25 09:00:00
13953,190,soil_moisture,41.11,2026-02-09 23:00:00
13954,177,temperature,24.93,2026-03-13 05:00:00
13955,401,rainfall,0.0,2025-12-10 03:00:00
13956,354,soil_moisture,22.96,2026-03-06 16:00:00
13957,211,rainfall,0.0,2026-02-03 02:00:00
13958,170,temperature,33.52,2025-07-03 23:00:00
13959,346,humidity,65.36,2025-09-24 05:00:00
13960,418,rainfall,0.0,2025-09-05 20:00:00
13961,78,humidity,36.92,2025-09-26 00:00:00
13962,403,rainfall,41.75,2025-11-05 22:00:00
13963,47,rainfall,0.0,2025-10-05 12:00:00
13964,351,rainfall,0.0,2026-02-13 02:00:00
13965,133,soil_moisture,36.55,2025-07-04 01:00:00
13966,257,humidity,58.72,2025-07-03 20:00:00
13967,376,soil_moisture,43.37,2025-09-14 13:00:00
13968,326,humidity,52.66,2026-03-26 18:00:00
13969,424,soil_moisture,26.36,2026-01-06 05:00:00
13970,122,humidity,71.4,2025-12-21 19:00:00
13971,53,humidity,38.31,2026-03-02 08:00:00
13972,91,temperature,20.6,2026-02-23 21:00:00
13973,178,soil_moisture,30.38,2025-12-15 13:00:00
13974,78,humidity,49.85,2025-09-26 03:00:00
13975,268,soil_moisture,43.65,2025-12-23 17:00:00
13976,389,rainfall,26.79,2026-03-17 01:00:00
13977,298,humidity,50.51,2025-09-12 09:00:00
13978,351,humidity,48.29,2026-02-12 16:00:00
13979,105,temperature,19.68,2026-01-28 11:00:00
13980,105,humidity,51.2,2026-01-27 11:00:00
13981,257,humidity,65.2,2025-07-05 13:00:00
13982,308,humidity,50.95,2025-12-26 17:00:00
13983,386,soil_moisture,38.19,2026-04-06 20:00:00
13984,411,temperature,30.34,2025-08-24 08:00:00
13985,235,rainfall,0.0,2026-03-31 17:00:00
13986,273,soil_moisture,42.78,2026-01-07 02:00:00
13987,370,temperature,18.07,2025-07-08 15:00:00
13988,89,humidity,59.79,2026-02-28 03:00:00
13989,440,rainfall,0.0,2025-07-09 07:00:00
13990,177,soil_moisture,24.95,2026-03-13 23:00:00
13991,44,rainfall,0.0,2025-10-06 13:00:00
13992,201,temperature,28.62,2026-03-30 09:00:00
13993,368,rainfall,0.0,2026-03-05 13:00:00
13994,99,temperature,32.54,2025-10-10 04:00:00
13995,335,soil_moisture,41.75,2025-09-04 19:00:00
13996,323,soil_moisture,40.42,2025-07-25 10:00:00
13997,165,rainfall,0.0,2025-07-01 06:00:00
13998,268,humidity,68.33,2025-12-23 12:00:00
13999,370,rainfall,0.0,2025-07-09 08:00:00
14000,117,humidity,48.67,2025-08-21 01:00:00
14001,342,soil_moisture,38.99,2026-03-28 20:00:00
14002,208,rainfall,48.14,2026-01-15 17:00:00
14003,90,temperature,30.73,2025-08-19 07:00:00
14004,447,temperature,25.35,2025-09-19 05:00:00
14005,227,rainfall,0.0,2025-10-17 11:00:00
14006,391,temperature,26.56,2025-06-27 04:00:00
14007,191,temperature,32.15,2026-04-08 04:00:00
14008,305,humidity,43.85,2025-06-26 05:00:00
14009,290,soil_moisture,26.57,2026-02-27 04:00:00
14010,94,soil_moisture,30.31,2025-09-28 22:00:00
14011,192,rainfall,0.0,2026-01-20 21:00:00
14012,50,rainfall,0.0,2026-03-11 20:00:00
14013,310,rainfall,41.26,2025-12-22 17:00:00
14014,74,soil_moisture,43.87,2025-10-24 09:00:00
14015,18,soil_moisture,37.52,2026-03-15 13:00:00
14016,290,soil_moisture,24.05,2026-02-26 08:00:00
14017,24,temperature,22.87,2026-03-04 16:00:00
14018,371,rainfall,0.0,2026-03-30 09:00:00
14019,61,humidity,44.93,2026-02-06 06:00:00
14020,240,rainfall,0.0,2026-04-21 07:00:00
14021,74,soil_moisture,46.03,2025-10-23 11:00:00
14022,295,soil_moisture,29.47,2026-04-11 16:00:00
14023,292,rainfall,0.0,2025-09-25 21:00:00
14024,32,rainfall,32.39,2025-07-26 02:00:00
14025,126,rainfall,0.0,2025-08-17 22:00:00
14026,71,humidity,41.93,2025-10-01 23:00:00
14027,356,rainfall,35.62,2025-12-13 00:00:00
14028,170,humidity,43.92,2025-07-04 18:00:00
14029,140,rainfall,0.0,2025-09-12 20:00:00
14030,449,temperature,36.69,2025-09-15 23:00:00
14031,17,rainfall,19.82,2025-07-20 06:00:00
14032,44,soil_moisture,32.49,2025-10-06 16:00:00
14033,263,temperature,26.8,2025-12-21 02:00:00
14034,309,temperature,20.24,2026-04-07 06:00:00
14035,196,temperature,22.35,2026-02-17 01:00:00
14036,288,rainfall,0.0,2025-07-06 05:00:00
14037,48,humidity,40.13,2025-12-31 15:00:00
14038,7,rainfall,65.61,2025-12-16 05:00:00
14039,293,soil_moisture,30.53,2026-02-09 18:00:00
14040,123,temperature,26.3,2025-11-15 13:00:00
14041,60,temperature,24.85,2026-03-06 09:00:00
14042,74,humidity,45.6,2025-10-22 13:00:00
14043,193,humidity,48.6,2026-03-18 17:00:00
14044,346,humidity,74.09,2025-09-25 16:00:00
14045,49,temperature,28.58,2025-09-30 09:00:00
14046,442,rainfall,24.29,2025-10-15 17:00:00
14047,285,temperature,29.59,2025-09-05 16:00:00
14048,282,rainfall,0.0,2026-01-10 08:00:00
14049,335,humidity,63.42,2025-09-03 06:00:00
14050,66,soil_moisture,31.0,2026-01-07 17:00:00
14051,115,temperature,30.16,2025-10-25 12:00:00
14052,134,humidity,56.05,2026-01-06 17:00:00
14053,273,temperature,24.1,2026-01-07 18:00:00
14054,327,temperature,26.44,2025-07-29 20:00:00
14055,295,temperature,23.77,2026-04-12 08:00:00
14056,448,rainfall,0.0,2025-12-14 20:00:00
14057,292,soil_moisture,38.38,2025-09-26 02:00:00
14058,222,temperature,25.95,2025-10-17 11:00:00
14059,82,humidity,44.24,2026-02-21 04:00:00
14060,449,temperature,33.44,2025-09-15 15:00:00
14061,115,temperature,33.3,2025-10-26 03:00:00
14062,222,rainfall,0.0,2025-10-16 09:00:00
14063,159,temperature,32.48,2025-09-20 03:00:00
14064,427,soil_moisture,31.46,2025-07-10 18:00:00
14065,411,temperature,29.33,2025-08-24 12:00:00
14066,154,rainfall,0.0,2025-08-20 05:00:00
14067,6,soil_moisture,41.81,2025-08-11 09:00:00
14068,353,rainfall,0.0,2026-03-18 06:00:00
14069,287,temperature,25.37,2026-04-03 11:00:00
14070,372,soil_moisture,40.97,2025-10-28 21:00:00
14071,36,temperature,25.17,2026-03-20 05:00:00
14072,327,temperature,24.63,2025-07-30 04:00:00
14073,212,soil_moisture,38.35,2025-11-16 08:00:00
14074,436,soil_moisture,34.72,2026-02-11 07:00:00
14075,309,rainfall,43.76,2026-04-07 01:00:00
14076,76,temperature,21.06,2026-04-16 15:00:00
14077,283,soil_moisture,46.74,2026-02-21 01:00:00
14078,442,rainfall,22.56,2025-10-15 06:00:00
14079,229,rainfall,50.5,2025-11-13 02:00:00
14080,170,humidity,52.15,2025-07-04 00:00:00
14081,205,soil_moisture,44.67,2025-12-24 04:00:00
14082,436,soil_moisture,27.68,2026-02-11 10:00:00
14083,193,temperature,28.56,2026-03-19 13:00:00
14084,115,rainfall,0.0,2025-10-26 21:00:00
14085,295,rainfall,0.0,2026-04-10 10:00:00
14086,403,temperature,31.22,2025-11-06 13:00:00
14087,367,temperature,34.83,2025-11-21 08:00:00
14088,211,rainfall,0.0,2026-02-02 23:00:00
14089,290,temperature,27.82,2026-02-26 00:00:00
14090,170,rainfall,0.0,2025-07-04 04:00:00
14091,273,rainfall,45.24,2026-01-06 15:00:00
14092,43,temperature,18.85,2025-09-13 12:00:00
14093,201,rainfall,0.0,2026-03-30 20:00:00
14094,257,soil_moisture,24.57,2025-07-03 08:00:00
14095,222,soil_moisture,42.32,2025-10-16 02:00:00
14096,13,rainfall,0.0,2025-11-02 19:00:00
14097,351,humidity,45.37,2026-02-12 02:00:00
14098,386,temperature,27.93,2026-04-04 06:00:00
14099,444,temperature,30.37,2025-12-12 18:00:00
14100,310,temperature,27.36,2025-12-24 12:00:00
14101,6,temperature,27.99,2025-08-11 13:00:00
14102,71,rainfall,52.97,2025-10-03 00:00:00
14103,65,soil_moisture,43.47,2025-07-10 00:00:00
14104,295,rainfall,0.0,2026-04-11 13:00:00
14105,114,soil_moisture,27.67,2026-04-21 06:00:00
14106,354,humidity,66.99,2026-03-06 21:00:00
14107,197,soil_moisture,43.62,2026-03-15 14:00:00
14108,277,soil_moisture,36.33,2025-09-10 03:00:00
14109,442,humidity,52.88,2025-10-14 15:00:00
14110,255,soil_moisture,40.72,2025-11-04 19:00:00
14111,204,rainfall,0.0,2025-08-23 01:00:00
14112,48,soil_moisture,48.2,2025-12-30 09:00:00
14113,418,soil_moisture,38.8,2025-09-05 11:00:00
14114,219,temperature,22.33,2025-11-20 07:00:00
14115,55,temperature,30.82,2025-09-01 03:00:00
14116,166,temperature,34.38,2025-12-01 11:00:00
14117,226,soil_moisture,32.44,2026-04-22 23:00:00
14118,157,soil_moisture,31.3,2026-01-21 01:00:00
14119,82,temperature,27.08,2026-02-22 12:00:00
14120,61,rainfall,0.0,2026-02-06 08:00:00
14121,294,soil_moisture,28.45,2026-01-04 07:00:00
14122,311,temperature,31.76,2025-10-08 23:00:00
14123,125,rainfall,0.0,2025-11-20 21:00:00
14124,128,temperature,22.42,2025-07-10 06:00:00
14125,386,humidity,70.17,2026-04-06 07:00:00
14126,263,humidity,51.83,2025-12-22 09:00:00
14127,287,rainfall,0.0,2026-04-03 03:00:00
14128,171,soil_moisture,33.75,2026-01-16 19:00:00
14129,45,humidity,44.64,2026-02-08 07:00:00
14130,168,temperature,26.91,2026-03-28 22:00:00
14131,147,soil_moisture,21.43,2026-03-09 02:00:00
14132,208,rainfall,0.0,2026-01-17 04:00:00
14133,72,temperature,22.19,2025-08-19 03:00:00
14134,28,temperature,19.37,2025-07-10 02:00:00
14135,343,soil_moisture,39.42,2026-01-12 19:00:00
14136,169,soil_moisture,45.42,2026-03-22 14:00:00
14137,211,rainfall,0.0,2026-02-04 04:00:00
14138,418,temperature,35.13,2025-09-06 17:00:00
14139,362,soil_moisture,29.79,2026-04-17 04:00:00
14140,311,rainfall,50.77,2025-10-09 07:00:00
14141,157,temperature,25.16,2026-01-19 15:00:00
14142,159,temperature,30.22,2025-09-19 16:00:00
14143,4,soil_moisture,29.8,2026-04-11 16:00:00
14144,361,rainfall,0.0,2025-10-19 03:00:00
14145,197,soil_moisture,43.42,2026-03-16 14:00:00
14146,324,rainfall,0.0,2026-01-25 02:00:00
14147,50,temperature,21.32,2026-03-11 00:00:00
14148,123,rainfall,0.0,2025-11-16 10:00:00
14149,184,temperature,33.47,2026-01-07 09:00:00
14150,60,temperature,28.56,2026-03-06 08:00:00
14151,323,rainfall,29.96,2025-07-27 00:00:00
14152,341,rainfall,61.99,2025-11-25 01:00:00
14153,43,temperature,21.33,2025-09-12 22:00:00
14154,45,soil_moisture,27.31,2026-02-08 02:00:00
14155,53,temperature,19.92,2026-03-02 14:00:00
14156,160,temperature,29.63,2026-04-14 04:00:00
14157,135,humidity,62.0,2025-12-06 14:00:00
14158,356,soil_moisture,35.9,2025-12-13 09:00:00
14159,288,rainfall,0.0,2025-07-06 08:00:00
14160,210,humidity,63.8,2025-11-04 05:00:00
14161,447,temperature,25.0,2025-09-18 03:00:00
14162,431,rainfall,24.64,2025-07-03 03:00:00
14163,160,rainfall,43.53,2026-04-14 18:00:00
14164,440,soil_moisture,40.78,2025-07-09 13:00:00
14165,160,soil_moisture,41.08,2026-04-14 09:00:00
14166,212,temperature,33.74,2025-11-17 08:00:00
14167,210,soil_moisture,41.41,2025-11-05 15:00:00
14168,133,soil_moisture,38.64,2025-07-03 15:00:00
14169,436,temperature,28.56,2026-02-12 00:00:00
14170,309,soil_moisture,27.08,2026-04-07 11:00:00
14171,65,humidity,69.8,2025-07-09 05:00:00
14172,272,temperature,27.66,2025-12-03 20:00:00
14173,32,soil_moisture,42.57,2025-07-26 03:00:00
14174,196,soil_moisture,42.76,2026-02-16 23:00:00
14175,36,temperature,28.83,2026-03-19 08:00:00
14176,90,soil_moisture,36.11,2025-08-19 16:00:00
14177,78,rainfall,0.0,2025-09-26 04:00:00
14178,167,temperature,40.17,2025-12-23 13:00:00
14179,151,temperature,24.77,2026-03-18 08:00:00
14180,240,soil_moisture,23.33,2026-04-21 06:00:00
14181,431,rainfall,35.37,2025-07-01 23:00:00
14182,368,humidity,65.54,2026-03-04 17:00:00
14183,210,rainfall,0.0,2025-11-04 18:00:00
14184,91,humidity,68.04,2026-02-23 11:00:00
14185,424,rainfall,0.0,2026-01-06 04:00:00
14186,446,temperature,29.42,2026-04-20 05:00:00
14187,322,soil_moisture,25.01,2026-01-16 08:00:00
14188,381,rainfall,0.0,2025-10-25 08:00:00
14189,128,rainfall,50.97,2025-07-10 02:00:00
14190,146,humidity,48.79,2025-08-16 18:00:00
14191,226,soil_moisture,35.0,2026-04-22 20:00:00
14192,219,temperature,29.33,2025-11-19 03:00:00
14193,117,humidity,44.82,2025-08-22 11:00:00
14194,47,soil_moisture,40.97,2025-10-05 13:00:00
14195,167,soil_moisture,38.22,2025-12-24 20:00:00
14196,447,humidity,56.68,2025-09-18 19:00:00
14197,43,temperature,21.3,2025-09-12 16:00:00
14198,177,humidity,58.71,2026-03-14 02:00:00
14199,201,humidity,60.14,2026-03-31 10:00:00
14200,402,humidity,47.68,2026-03-29 12:00:00
14201,449,soil_moisture,32.35,2025-09-15 22:00:00
14202,354,soil_moisture,23.39,2026-03-06 10:00:00
14203,322,soil_moisture,20.32,2026-01-16 11:00:00
14204,210,temperature,29.34,2025-11-05 12:00:00
14205,140,humidity,43.82,2025-09-13 17:00:00
14206,151,soil_moisture,25.45,2026-03-17 03:00:00
14207,18,soil_moisture,34.48,2026-03-17 06:00:00
14208,91,temperature,21.13,2026-02-23 22:00:00
14209,146,temperature,22.86,2025-08-16 03:00:00
14210,66,soil_moisture,24.02,2026-01-07 04:00:00
14211,89,rainfall,0.0,2026-02-26 19:00:00
14212,413,soil_moisture,41.2,2026-01-13 16:00:00
14213,342,humidity,63.49,2026-03-30 14:00:00
14214,197,humidity,45.96,2026-03-16 09:00:00
14215,300,humidity,70.84,2025-10-25 07:00:00
14216,386,rainfall,0.0,2026-04-04 02:00:00
14217,419,soil_moisture,36.48,2025-09-25 21:00:00
14218,157,humidity,36.04,2026-01-20 05:00:00
14219,77,soil_moisture,19.51,2026-03-27 23:00:00
14220,377,humidity,44.59,2025-07-12 11:00:00
14221,154,rainfall,43.87,2025-08-21 21:00:00
14222,201,temperature,26.77,2026-03-30 05:00:00
14223,73,temperature,34.47,2025-10-07 02:00:00
14224,449,rainfall,0.0,2025-09-16 17:00:00
14225,268,rainfall,0.0,2025-12-24 21:00:00
14226,36,rainfall,0.0,2026-03-19 00:00:00
14227,331,rainfall,24.42,2026-04-10 21:00:00
14228,223,rainfall,0.0,2025-12-13 23:00:00
14229,287,rainfall,0.0,2026-04-03 17:00:00
14230,260,soil_moisture,29.1,2025-09-21 09:00:00
14231,180,rainfall,64.82,2025-12-24 21:00:00
14232,437,rainfall,0.0,2025-10-05 19:00:00
14233,94,soil_moisture,25.75,2025-09-28 13:00:00
14234,140,humidity,46.3,2025-09-14 00:00:00
14235,260,temperature,31.96,2025-09-22 10:00:00
14236,436,humidity,66.29,2026-02-11 17:00:00
14237,318,humidity,44.95,2026-04-05 01:00:00
14238,48,soil_moisture,49.92,2025-12-30 17:00:00
14239,74,temperature,24.76,2025-10-23 19:00:00
14240,303,rainfall,50.82,2025-08-22 12:00:00
14241,425,rainfall,51.17,2025-09-08 11:00:00
14242,94,temperature,29.1,2025-09-29 08:00:00
14243,303,rainfall,0.0,2025-08-21 19:00:00
14244,7,temperature,28.24,2025-12-16 14:00:00
14245,169,temperature,27.11,2026-03-22 10:00:00
14246,128,rainfall,43.29,2025-07-10 20:00:00
14247,431,soil_moisture,43.51,2025-07-02 01:00:00
14248,353,humidity,49.83,2026-03-18 23:00:00
14249,386,rainfall,57.38,2026-04-05 22:00:00
14250,384,humidity,51.64,2025-08-17 07:00:00
14251,263,humidity,47.01,2025-12-22 22:00:00
14252,170,humidity,41.83,2025-07-04 02:00:00
14253,161,temperature,24.89,2026-01-06 14:00:00
14254,257,humidity,62.83,2025-07-03 01:00:00
14255,343,humidity,59.13,2026-01-12 07:00:00
14256,45,rainfall,35.7,2026-02-08 09:00:00
14257,220,rainfall,24.63,2026-01-30 13:00:00
14258,28,temperature,24.53,2025-07-10 06:00:00
14259,143,soil_moisture,35.06,2025-08-11 12:00:00
14260,154,temperature,31.97,2025-08-21 19:00:00
14261,32,rainfall,39.12,2025-07-26 09:00:00
14262,17,temperature,33.46,2025-07-19 15:00:00
14263,437,temperature,33.4,2025-10-04 23:00:00
14264,447,temperature,20.42,2025-09-18 12:00:00
14265,436,humidity,66.54,2026-02-12 08:00:00
14266,24,humidity,44.47,2026-03-05 14:00:00
14267,331,rainfall,0.0,2026-04-10 23:00:00
14268,10,humidity,42.56,2026-03-30 03:00:00
14269,240,soil_moisture,26.47,2026-04-23 10:00:00
14270,197,humidity,47.53,2026-03-15 09:00:00
14271,293,soil_moisture,28.93,2026-02-09 20:00:00
14272,48,rainfall,0.0,2025-12-30 05:00:00
14273,215,humidity,38.31,2026-03-14 10:00:00
14274,47,soil_moisture,37.61,2025-10-05 04:00:00
14275,169,humidity,58.68,2026-03-23 17:00:00
14276,17,humidity,43.46,2025-07-19 21:00:00
14277,90,humidity,56.46,2025-08-19 12:00:00
14278,220,temperature,25.42,2026-01-29 13:00:00
14279,5,humidity,50.46,2026-04-09 04:00:00
14280,46,rainfall,0.0,2025-09-21 06:00:00
14281,137,humidity,39.98,2026-03-12 18:00:00
14282,444,rainfall,0.0,2025-12-11 15:00:00
14283,151,humidity,52.6,2026-03-18 14:00:00
14284,180,humidity,58.6,2025-12-26 15:00:00
14285,295,humidity,53.21,2026-04-10 03:00:00
14286,142,temperature,31.72,2025-11-15 17:00:00
14287,16,rainfall,36.57,2025-08-19 01:00:00
14288,169,temperature,28.84,2026-03-22 02:00:00
14289,126,humidity,49.39,2025-08-18 13:00:00
14290,300,temperature,24.06,2025-10-25 02:00:00
14291,148,soil_moisture,47.46,2025-12-02 11:00:00
14292,229,humidity,54.1,2025-11-11 02:00:00
14293,77,soil_moisture,21.57,2026-03-26 05:00:00
14294,287,temperature,23.67,2026-04-03 15:00:00
14295,268,rainfall,0.0,2025-12-25 00:00:00
14296,140,rainfall,0.0,2025-09-12 11:00:00
14297,154,humidity,63.85,2025-08-20 20:00:00
14298,30,temperature,21.58,2025-08-20 07:00:00
14299,240,humidity,61.24,2026-04-22 02:00:00
14300,282,temperature,30.54,2026-01-10 16:00:00
14301,143,soil_moisture,37.22,2025-08-11 02:00:00
14302,122,temperature,25.2,2025-12-21 16:00:00
14303,401,humidity,46.52,2025-12-09 01:00:00
14304,28,humidity,56.44,2025-07-09 18:00:00
14305,311,soil_moisture,39.56,2025-10-07 20:00:00
14306,72,rainfall,24.15,2025-08-19 11:00:00
14307,36,temperature,25.03,2026-03-20 13:00:00
14308,296,soil_moisture,500.0,2025-08-22 00:00:00
14309,32,temperature,28.87,2025-07-27 11:00:00
14310,4,humidity,61.82,2026-04-12 07:00:00
14311,1,temperature,26.58,2026-03-01 18:00:00
14312,309,humidity,36.73,2026-04-08 07:00:00
14313,389,humidity,37.61,2026-03-16 16:00:00
14314,431,soil_moisture,36.84,2025-07-02 19:00:00
14315,159,humidity,49.08,2025-09-19 07:00:00
14316,166,temperature,32.54,2025-12-01 10:00:00
14317,368,rainfall,0.0,2026-03-04 10:00:00
14318,389,soil_moisture,29.91,2026-03-17 05:00:00
14319,103,temperature,21.79,2026-01-08 05:00:00
14320,196,humidity,67.14,2026-02-15 05:00:00
14321,76,rainfall,19.21,2026-04-16 20:00:00
14322,122,soil_moisture,43.98,2025-12-22 12:00:00
14323,45,humidity,45.49,2026-02-09 13:00:00
14324,318,rainfall,21.56,2026-04-04 04:00:00
14325,125,humidity,55.72,2025-11-21 15:00:00
14326,99,temperature,34.63,2025-10-08 07:00:00
14327,215,rainfall,0.0,2026-03-16 03:00:00
14328,353,temperature,20.56,2026-03-19 05:00:00
14329,53,temperature,26.96,2026-03-02 04:00:00
14330,4,temperature,31.54,2026-04-12 11:00:00
14331,90,rainfall,0.0,2025-08-21 02:00:00
14332,147,soil_moisture,26.42,2026-03-08 06:00:00
14333,377,humidity,43.24,2025-07-12 04:00:00
14334,229,rainfall,0.0,2025-11-12 03:00:00
14335,219,humidity,-99.0,2025-11-19 13:00:00
14336,341,temperature,34.68,2025-11-25 04:00:00
14337,226,rainfall,0.0,2026-04-23 03:00:00
14338,240,rainfall,40.0,2026-04-22 04:00:00
14339,368,temperature,20.88,2026-03-04 05:00:00
14340,449,soil_moisture,41.28,2025-09-15 01:00:00
14341,306,temperature,34.81,2025-12-30 20:00:00
14342,311,temperature,27.77,2025-10-07 05:00:00
14343,287,temperature,20.04,2026-04-03 14:00:00
14344,372,humidity,58.18,2025-10-29 06:00:00
14345,180,rainfall,0.0,2025-12-26 10:00:00
14346,154,rainfall,0.0,2025-08-20 06:00:00
14347,240,temperature,21.52,2026-04-21 19:00:00
14348,157,humidity,31.05,2026-01-19 22:00:00
14349,356,humidity,74.11,2025-12-13 04:00:00
14350,308,temperature,21.76,2025-12-27 08:00:00
14351,71,rainfall,0.0,2025-10-01 13:00:00
14352,185,rainfall,0.0,2026-03-06 07:00:00
14353,168,soil_moisture,30.27,2026-03-27 09:00:00
14354,143,humidity,57.27,2025-08-12 12:00:00
14355,128,temperature,21.89,2025-07-11 01:00:00
14356,208,temperature,33.47,2026-01-15 23:00:00
14357,446,humidity,49.66,2026-04-20 08:00:00
14358,78,soil_moisture,35.5,2025-09-25 04:00:00
14359,277,temperature,28.64,2025-09-11 01:00:00
14360,4,temperature,29.46,2026-04-13 02:00:00
14361,428,temperature,21.38,2026-01-31 16:00:00
14362,309,temperature,24.7,2026-04-07 23:00:00
14363,73,humidity,77.9,2025-10-08 21:00:00
14364,7,soil_moisture,43.02,2025-12-15 22:00:00
14365,49,temperature,23.92,2025-09-30 14:00:00
14366,411,humidity,59.94,2025-08-24 12:00:00
14367,180,soil_moisture,40.84,2025-12-25 15:00:00
14368,263,rainfall,50.65,2025-12-22 22:00:00
14369,335,rainfall,58.8,2025-09-03 13:00:00
14370,59,temperature,25.25,2025-12-08 14:00:00
14371,386,soil_moisture,39.76,2026-04-04 15:00:00
14372,29,temperature,30.78,2026-01-19 18:00:00
14373,146,humidity,49.82,2025-08-15 02:00:00
14374,143,humidity,56.85,2025-08-12 02:00:00
14375,151,rainfall,0.0,2026-03-16 17:00:00
14376,122,soil_moisture,43.96,2025-12-22 19:00:00
14377,353,soil_moisture,31.07,2026-03-18 06:00:00
14378,45,soil_moisture,28.78,2026-02-08 19:00:00
14379,282,temperature,31.97,2026-01-10 15:00:00
14380,134,humidity,55.43,2026-01-07 12:00:00
14381,282,temperature,31.13,2026-01-09 22:00:00
14382,154,temperature,36.18,2025-08-22 07:00:00
14383,351,humidity,49.74,2026-02-13 15:00:00
14384,136,humidity,58.94,2025-11-11 03:00:00
14385,351,humidity,45.24,2026-02-13 05:00:00
14386,205,soil_moisture,41.61,2025-12-25 23:00:00
14387,115,humidity,70.91,2025-10-26 17:00:00
14388,382,temperature,22.69,2025-07-30 15:00:00
14389,113,temperature,28.3,2025-07-27 17:00:00
14390,140,rainfall,36.91,2025-09-13 02:00:00
14391,219,humidity,71.55,2025-11-21 00:00:00
14392,389,humidity,43.99,2026-03-16 12:00:00
14393,70,soil_moisture,28.29,2025-12-10 15:00:00
14394,170,rainfall,41.89,2025-07-05 18:00:00
14395,386,humidity,63.24,2026-04-06 08:00:00
14396,32,rainfall,0.0,2025-07-28 18:00:00
14397,219,soil_moisture,36.75,2025-11-20 02:00:00
14398,191,humidity,59.58,2026-04-07 12:00:00
14399,201,temperature,-99.0,2026-03-31 18:00:00
14400,105,temperature,22.63,2026-01-27 18:00:00
14401,115,temperature,30.5,2025-10-26 01:00:00
14402,192,soil_moisture,36.15,2026-01-20 09:00:00
14403,159,temperature,35.08,2025-09-19 09:00:00
14404,300,humidity,71.14,2025-10-26 07:00:00
14405,440,humidity,47.45,2025-07-08 10:00:00
14406,418,soil_moisture,33.48,2025-09-06 12:00:00
14407,377,soil_moisture,27.38,2025-07-12 12:00:00
14408,356,humidity,71.75,2025-12-12 18:00:00
14409,421,temperature,25.72,2025-07-12 23:00:00
14410,308,temperature,21.31,2025-12-26 06:00:00
14411,53,humidity,41.92,2026-03-04 04:00:00
14412,151,soil_moisture,19.64,2026-03-17 15:00:00
14413,134,temperature,26.44,2026-01-06 06:00:00
14414,226,humidity,40.67,2026-04-21 23:00:00
14415,18,rainfall,0.0,2026-03-15 10:00:00
14416,212,temperature,28.56,2025-11-17 23:00:00
14417,227,humidity,60.15,2025-10-18 04:00:00
14418,13,soil_moisture,38.69,2025-11-02 03:00:00
14419,6,humidity,64.09,2025-08-11 06:00:00
14420,268,rainfall,56.07,2025-12-25 16:00:00
14421,157,rainfall,0.0,2026-01-20 00:00:00
14422,140,temperature,27.39,2025-09-12 04:00:00
14423,211,humidity,64.05,2026-02-04 05:00:00
14424,428,soil_moisture,40.26,2026-01-30 07:00:00
14425,296,humidity,61.34,2025-08-20 20:00:00
14426,323,rainfall,0.0,2025-07-26 14:00:00
14427,47,soil_moisture,42.7,2025-10-06 03:00:00
14428,370,soil_moisture,34.71,2025-07-10 10:00:00
14429,444,temperature,27.58,2025-12-12 17:00:00
14430,436,temperature,29.26,2026-02-12 06:00:00
14431,185,soil_moisture,33.45,2026-03-06 03:00:00
14432,186,humidity,70.21,2026-01-29 04:00:00
14433,99,humidity,46.27,2025-10-08 02:00:00
14434,55,temperature,30.75,2025-09-01 12:00:00
14435,184,soil_moisture,26.56,2026-01-06 23:00:00
14436,177,humidity,48.27,2026-03-12 23:00:00
14437,1,temperature,24.61,2026-03-02 00:00:00
14438,295,temperature,22.69,2026-04-10 06:00:00
14439,295,temperature,22.15,2026-04-10 10:00:00
14440,384,soil_moisture,27.52,2025-08-18 06:00:00
14441,309,humidity,43.36,2026-04-07 13:00:00
14442,219,humidity,76.09,2025-11-20 17:00:00
14443,50,temperature,23.39,2026-03-10 04:00:00
14444,177,temperature,22.78,2026-03-13 12:00:00
14445,381,rainfall,0.0,2025-10-25 03:00:00
14446,361,humidity,66.98,2025-10-18 16:00:00
14447,16,soil_moisture,34.55,2025-08-20 04:00:00
14448,346,soil_moisture,32.26,2025-09-26 13:00:00
14449,201,soil_moisture,23.56,2026-03-30 06:00:00
14450,354,humidity,63.96,2026-03-07 05:00:00
14451,186,soil_moisture,48.04,2026-01-27 13:00:00
14452,403,rainfall,0.0,2025-11-05 10:00:00
14453,428,rainfall,31.83,2026-01-31 03:00:00
14454,32,humidity,69.09,2025-07-27 13:00:00
14455,30,rainfall,0.0,2025-08-19 07:00:00
14456,184,temperature,30.15,2026-01-07 00:00:00
14457,306,rainfall,38.3,2025-12-31 01:00:00
14458,385,rainfall,28.03,2026-03-24 00:00:00
14459,306,soil_moisture,35.55,2025-12-31 04:00:00
14460,444,rainfall,0.0,2025-12-13 00:00:00
14461,167,humidity,72.66,2025-12-23 21:00:00
14462,7,humidity,61.93,2025-12-15 01:00:00
14463,61,temperature,26.7,2026-02-06 21:00:00
14464,327,temperature,26.3,2025-07-28 03:00:00
14465,91,temperature,23.8,2026-02-23 13:00:00
14466,421,rainfall,26.16,2025-07-12 06:00:00
14467,298,rainfall,0.0,2025-09-12 05:00:00
14468,367,soil_moisture,41.24,2025-11-21 02:00:00
14469,61,temperature,27.73,2026-02-07 09:00:00
14470,331,rainfall,0.0,2026-04-09 01:00:00
14471,257,humidity,67.16,2025-07-03 18:00:00
14472,143,temperature,31.41,2025-08-10 06:00:00
14473,6,humidity,66.67,2025-08-11 11:00:00
14474,105,soil_moisture,44.37,2026-01-28 17:00:00
14475,113,soil_moisture,35.94,2025-07-27 09:00:00
14476,446,soil_moisture,37.22,2026-04-21 11:00:00
14477,321,humidity,54.11,2025-09-11 08:00:00
14478,114,soil_moisture,30.65,2026-04-20 08:00:00
14479,296,temperature,32.96,2025-08-20 10:00:00
14480,160,humidity,65.3,2026-04-15 23:00:00
14481,322,soil_moisture,25.43,2026-01-16 15:00:00
14482,169,rainfall,42.22,2026-03-23 22:00:00
14483,45,rainfall,0.0,2026-02-08 20:00:00
14484,16,soil_moisture,42.35,2025-08-19 16:00:00
14485,45,humidity,40.65,2026-02-10 08:00:00
14486,17,rainfall,0.0,2025-07-21 10:00:00
14487,204,temperature,31.31,2025-08-23 10:00:00
14488,192,humidity,58.41,2026-01-21 14:00:00
14489,125,soil_moisture,42.41,2025-11-20 07:00:00
14490,90,humidity,58.22,2025-08-19 19:00:00
14491,55,soil_moisture,36.45,2025-09-02 04:00:00
14492,220,soil_moisture,24.38,2026-01-31 07:00:00
14493,372,rainfall,0.0,2025-10-29 16:00:00
14494,55,soil_moisture,33.06,2025-09-01 17:00:00
14495,425,temperature,35.87,2025-09-08 10:00:00
14496,133,temperature,22.79,2025-07-03 03:00:00
14497,114,rainfall,0.0,2026-04-20 12:00:00
14498,60,soil_moisture,30.37,2026-03-06 06:00:00
14499,306,humidity,74.83,2025-12-30 14:00:00
14500,321,humidity,50.07,2025-09-11 15:00:00
14501,424,soil_moisture,24.34,2026-01-05 06:00:00
14502,389,humidity,49.16,2026-03-17 00:00:00
14503,16,humidity,70.82,2025-08-19 21:00:00
14504,66,humidity,48.94,2026-01-08 07:00:00
14505,135,humidity,71.83,2025-12-06 22:00:00
14506,386,temperature,25.71,2026-04-04 13:00:00
14507,386,temperature,28.94,2026-04-05 05:00:00
14508,148,temperature,31.72,2025-12-03 14:00:00
14509,341,humidity,56.41,2025-11-24 01:00:00
14510,413,humidity,49.65,2026-01-12 19:00:00
14511,47,soil_moisture,36.02,2025-10-04 12:00:00
14512,142,humidity,64.99,2025-11-16 03:00:00
14513,208,temperature,27.26,2026-01-16 12:00:00
14514,376,soil_moisture,41.14,2025-09-13 16:00:00
14515,44,humidity,52.91,2025-10-07 21:00:00
14516,391,temperature,24.24,2025-06-28 14:00:00
14517,59,rainfall,0.0,2025-12-10 19:00:00
14518,362,temperature,23.57,2026-04-17 01:00:00
14519,142,rainfall,0.0,2025-11-17 01:00:00
14520,298,soil_moisture,42.17,2025-09-13 01:00:00
14521,29,temperature,30.93,2026-01-18 03:00:00
14522,128,humidity,30.41,2025-07-10 04:00:00
14523,330,humidity,59.62,2025-10-01 13:00:00
14524,17,temperature,30.58,2025-07-20 00:00:00
14525,103,soil_moisture,24.4,2026-01-09 10:00:00
14526,43,temperature,21.18,2025-09-13 03:00:00
14527,66,rainfall,34.72,2026-01-06 01:00:00
14528,137,temperature,25.55,2026-03-13 15:00:00
14529,285,humidity,49.19,2025-09-06 04:00:00
14530,305,temperature,21.3,2025-06-26 10:00:00
14531,167,rainfall,0.0,2025-12-24 21:00:00
14532,201,temperature,31.67,2026-03-30 08:00:00
14533,90,humidity,55.84,2025-08-20 08:00:00
14534,143,humidity,50.65,2025-08-12 08:00:00
14535,137,temperature,27.83,2026-03-13 11:00:00
14536,321,rainfall,41.28,2025-09-10 09:00:00
14537,89,soil_moisture,39.35,2026-02-27 00:00:00
14538,290,temperature,25.81,2026-02-26 01:00:00
14539,273,soil_moisture,45.45,2026-01-07 08:00:00
14540,147,temperature,26.28,2026-03-11 01:00:00
14541,159,temperature,30.24,2025-09-20 18:00:00
14542,147,humidity,65.1,2026-03-09 02:00:00
14543,389,humidity,38.3,2026-03-16 21:00:00
14544,346,soil_moisture,34.15,2025-09-25 21:00:00
14545,91,soil_moisture,39.68,2026-02-23 08:00:00
14546,97,temperature,31.59,2026-02-13 18:00:00
14547,190,temperature,23.22,2026-02-10 07:00:00
14548,285,rainfall,0.0,2025-09-06 23:00:00
14549,129,soil_moisture,27.81,2026-04-20 07:00:00
14550,298,temperature,24.78,2025-09-13 19:00:00
14551,129,rainfall,0.0,2026-04-20 03:00:00
14552,226,humidity,42.87,2026-04-22 20:00:00
14553,444,temperature,27.91,2025-12-12 22:00:00
14554,193,rainfall,32.81,2026-03-19 07:00:00
14555,308,humidity,48.03,2025-12-26 19:00:00
14556,103,rainfall,0.0,2026-01-08 18:00:00
14557,367,soil_moisture,36.14,2025-11-21 04:00:00
14558,197,soil_moisture,39.73,2026-03-15 11:00:00
14559,13,humidity,70.05,2025-11-01 13:00:00
14560,298,humidity,58.51,2025-09-13 00:00:00
14561,376,soil_moisture,38.96,2025-09-13 22:00:00
14562,129,rainfall,0.0,2026-04-20 16:00:00
14563,74,humidity,40.98,2025-10-23 10:00:00
14564,24,temperature,27.06,2026-03-04 14:00:00
14565,268,humidity,69.71,2025-12-25 09:00:00
14566,424,soil_moisture,29.03,2026-01-07 01:00:00
14567,343,soil_moisture,40.49,2026-01-12 15:00:00
14568,268,humidity,70.69,2025-12-24 02:00:00
14569,295,humidity,54.29,2026-04-11 03:00:00
14570,205,humidity,73.94,2025-12-24 08:00:00
14571,219,temperature,29.43,2025-11-19 16:00:00
14572,66,temperature,22.2,2026-01-06 22:00:00
14573,170,soil_moisture,40.53,2025-07-04 01:00:00
14574,122,rainfall,32.34,2025-12-23 10:00:00
14575,97,humidity,63.47,2026-02-14 10:00:00
14576,447,rainfall,0.0,2025-09-20 00:00:00
14577,361,temperature,23.56,2025-10-18 09:00:00
14578,165,soil_moisture,30.05,2025-07-02 06:00:00
14579,391,temperature,24.61,2025-06-27 15:00:00
14580,97,soil_moisture,35.59,2026-02-14 18:00:00
14581,70,rainfall,0.0,2025-12-09 04:00:00
14582,402,temperature,31.35,2026-03-29 11:00:00
14583,53,rainfall,500.0,2026-03-02 11:00:00
14584,324,rainfall,36.91,2026-01-25 10:00:00
14585,296,soil_moisture,50.15,2025-08-20 17:00:00
14586,161,rainfall,30.0,2026-01-07 02:00:00
14587,4,humidity,58.16,2026-04-12 11:00:00
14588,260,temperature,29.93,2025-09-21 11:00:00
14589,311,temperature,24.4,2025-10-07 13:00:00
14590,402,humidity,49.75,2026-03-28 20:00:00
14591,260,rainfall,0.0,2025-09-22 18:00:00
14592,371,rainfall,0.0,2026-03-30 23:00:00
14593,308,rainfall,0.0,2025-12-27 18:00:00
14594,381,temperature,35.33,2025-10-24 19:00:00
14595,448,humidity,82.11,2025-12-13 05:00:00
14596,70,temperature,27.57,2025-12-09 13:00:00
14597,47,humidity,53.67,2025-10-05 20:00:00
14598,190,temperature,20.58,2026-02-09 23:00:00
14599,165,humidity,63.42,2025-06-30 19:00:00
14600,305,rainfall,0.0,2025-06-27 13:00:00
14601,381,soil_moisture,47.2,2025-10-24 09:00:00
14602,385,soil_moisture,21.43,2026-03-24 03:00:00
14603,353,rainfall,0.0,2026-03-20 11:00:00
14604,18,soil_moisture,33.41,2026-03-17 16:00:00
14605,115,soil_moisture,33.31,2025-10-25 15:00:00
14606,30,humidity,66.27,2025-08-21 03:00:00
14607,208,temperature,26.85,2026-01-16 14:00:00
14608,287,humidity,57.62,2026-04-03 07:00:00
14609,372,temperature,29.68,2025-10-29 07:00:00
14610,43,rainfall,37.99,2025-09-12 13:00:00
14611,192,temperature,26.86,2026-01-19 17:00:00
14612,368,soil_moisture,27.46,2026-03-05 19:00:00
14613,448,temperature,28.09,2025-12-13 23:00:00
14614,168,temperature,26.91,2026-03-28 22:00:00
14615,10,soil_moisture,39.09,2026-03-30 08:00:00
14616,77,soil_moisture,25.97,2026-03-26 11:00:00
14617,185,rainfall,0.0,2026-03-05 21:00:00
14618,168,soil_moisture,27.53,2026-03-27 01:00:00
14619,233,soil_moisture,29.02,2025-12-14 02:00:00
14620,151,humidity,60.81,2026-03-16 10:00:00
14621,212,soil_moisture,40.89,2025-11-16 05:00:00
14622,49,temperature,26.13,2025-09-30 03:00:00
14623,46,humidity,68.59,2025-09-21 14:00:00
14624,122,temperature,22.13,2025-12-22 17:00:00
14625,353,temperature,21.09,2026-03-19 20:00:00
14626,49,rainfall,0.0,2025-09-30 18:00:00
14627,126,temperature,34.79,2025-08-17 08:00:00
14628,403,humidity,50.65,2025-11-07 08:00:00
14629,66,rainfall,0.0,2026-01-07 14:00:00
14630,99,humidity,51.27,2025-10-08 19:00:00
14631,10,rainfall,44.71,2026-03-28 16:00:00
14632,326,soil_moisture,20.81,2026-03-26 10:00:00
14633,268,humidity,72.22,2025-12-24 13:00:00
14634,371,rainfall,0.0,2026-03-31 08:00:00
14635,364,humidity,63.22,2025-12-21 06:00:00
14636,233,humidity,54.03,2025-12-14 15:00:00
14637,277,temperature,28.51,2025-09-11 21:00:00
14638,385,soil_moisture,25.49,2026-03-23 15:00:00
14639,419,rainfall,0.0,2025-09-25 10:00:00
14640,361,humidity,75.48,2025-10-20 10:00:00
14641,154,soil_moisture,30.28,2025-08-21 00:00:00
14642,288,humidity,68.56,2025-07-06 12:00:00
14643,59,rainfall,0.0,2025-12-08 06:00:00
14644,184,humidity,39.78,2026-01-07 06:00:00
14645,364,humidity,74.91,2025-12-21 19:00:00
14646,17,soil_moisture,28.01,2025-07-20 05:00:00
14647,103,humidity,52.9,2026-01-09 11:00:00
14648,9,rainfall,53.57,2025-09-20 15:00:00
14649,227,soil_moisture,41.22,2025-10-16 12:00:00
14650,76,humidity,67.22,2026-04-15 18:00:00
14651,208,humidity,54.32,2026-01-17 09:00:00
14652,346,humidity,70.35,2025-09-24 20:00:00
14653,47,soil_moisture,34.95,2025-10-04 22:00:00
14654,73,soil_moisture,33.41,2025-10-07 09:00:00
14655,382,soil_moisture,42.34,2025-07-30 18:00:00
14656,240,temperature,23.99,2026-04-22 07:00:00
14657,389,rainfall,33.29,2026-03-17 23:00:00
14658,210,temperature,34.77,2025-11-06 00:00:00
14659,163,rainfall,0.0,2025-07-03 14:00:00
14660,447,humidity,50.33,2025-09-18 15:00:00
14661,91,humidity,64.54,2026-02-22 03:00:00
14662,437,humidity,49.21,2025-10-04 18:00:00
14663,331,soil_moisture,38.0,2026-04-11 20:00:00
14664,147,temperature,28.89,2026-03-08 16:00:00
14665,45,soil_moisture,24.45,2026-02-09 07:00:00
14666,146,temperature,27.62,2025-08-16 02:00:00
14667,419,soil_moisture,30.0,2025-09-25 15:00:00
14668,171,temperature,28.83,2026-01-16 11:00:00
14669,389,humidity,39.98,2026-03-16 06:00:00
14670,190,humidity,43.18,2026-02-10 01:00:00
14671,49,humidity,41.36,2025-09-29 03:00:00
14672,16,temperature,25.4,2025-08-20 12:00:00
14673,146,temperature,21.74,2025-08-15 08:00:00
14674,65,temperature,25.02,2025-07-10 11:00:00
14675,44,soil_moisture,35.43,2025-10-08 01:00:00
14676,292,soil_moisture,33.95,2025-09-25 05:00:00
14677,71,temperature,30.01,2025-10-01 12:00:00
14678,255,rainfall,0.0,2025-11-03 10:00:00
14679,447,temperature,27.53,2025-09-20 00:00:00
14680,129,temperature,33.74,2026-04-20 03:00:00
14681,45,rainfall,0.0,2026-02-09 13:00:00
14682,326,temperature,25.65,2026-03-26 18:00:00
14683,113,humidity,48.65,2025-07-27 07:00:00
14684,137,soil_moisture,24.13,2026-03-13 11:00:00
14685,238,humidity,69.57,2025-11-24 22:00:00
14686,288,humidity,76.4,2025-07-06 16:00:00
14687,163,temperature,22.83,2025-07-03 08:00:00
14688,260,temperature,30.2,2025-09-23 12:00:00
14689,330,humidity,66.39,2025-10-02 01:00:00
14690,45,soil_moisture,21.96,2026-02-08 21:00:00
14691,449,soil_moisture,28.63,2025-09-16 16:00:00
14692,210,rainfall,37.01,2025-11-04 07:00:00
14693,431,soil_moisture,36.78,2025-07-02 23:00:00
14694,283,rainfall,46.03,2026-02-21 16:00:00
14695,30,temperature,21.11,2025-08-20 13:00:00
14696,192,rainfall,0.0,2026-01-19 15:00:00
14697,211,rainfall,0.0,2026-02-03 20:00:00
14698,353,temperature,25.65,2026-03-18 23:00:00
14699,427,rainfall,0.0,2025-07-11 12:00:00
14700,28,rainfall,40.53,2025-07-11 02:00:00
14701,212,rainfall,0.0,2025-11-17 17:00:00
14702,74,soil_moisture,39.26,2025-10-22 08:00:00
14703,356,humidity,74.87,2025-12-12 12:00:00
14704,413,humidity,38.72,2026-01-12 10:00:00
14705,285,humidity,55.69,2025-09-06 01:00:00
14706,160,rainfall,43.67,2026-04-16 07:00:00
14707,421,soil_moisture,25.39,2025-07-11 10:00:00
14708,308,soil_moisture,37.02,2025-12-26 11:00:00
14709,168,humidity,62.66,2026-03-28 04:00:00
14710,166,temperature,29.94,2025-11-29 03:00:00
14711,125,temperature,23.11,2025-11-21 03:00:00
14712,128,temperature,22.65,2025-07-09 09:00:00
14713,425,soil_moisture,36.28,2025-09-08 02:00:00
14714,447,rainfall,0.0,2025-09-18 15:00:00
14715,287,rainfall,49.72,2026-04-04 22:00:00
14716,115,rainfall,0.0,2025-10-26 14:00:00
14717,330,temperature,30.1,2025-10-01 02:00:00
14718,122,rainfall,38.6,2025-12-22 19:00:00
14719,193,humidity,51.75,2026-03-19 08:00:00
14720,413,soil_moisture,43.26,2026-01-14 10:00:00
14721,268,soil_moisture,43.26,2025-12-23 19:00:00
14722,298,soil_moisture,37.81,2025-09-13 11:00:00
14723,257,soil_moisture,25.47,2025-07-05 00:00:00
14724,90,humidity,59.81,2025-08-19 20:00:00
14725,370,humidity,50.57,2025-07-08 20:00:00
14726,353,temperature,24.97,2026-03-19 08:00:00
14727,190,temperature,18.09,2026-02-09 02:00:00
14728,368,soil_moisture,26.44,2026-03-06 05:00:00
14729,169,soil_moisture,43.44,2026-03-22 06:00:00
14730,44,soil_moisture,31.29,2025-10-07 18:00:00
14731,73,soil_moisture,27.63,2025-10-07 08:00:00
14732,163,soil_moisture,38.07,2025-07-04 10:00:00
14733,73,rainfall,51.3,2025-10-08 15:00:00
14734,122,soil_moisture,42.03,2025-12-23 02:00:00
14735,318,soil_moisture,49.11,2026-04-05 15:00:00
14736,151,temperature,27.12,2026-03-17 21:00:00
14737,277,rainfall,52.26,2025-09-10 02:00:00
14738,403,temperature,35.88,2025-11-06 21:00:00
14739,418,humidity,47.0,2025-09-05 14:00:00
14740,428,soil_moisture,39.54,2026-01-30 04:00:00
14741,99,rainfall,37.27,2025-10-09 10:00:00
14742,1,temperature,24.55,2026-03-01 10:00:00
14743,413,humidity,42.11,2026-01-12 02:00:00
14744,346,humidity,67.73,2025-09-25 11:00:00
14745,305,temperature,26.77,2025-06-26 06:00:00
14746,53,soil_moisture,20.04,2026-03-04 13:00:00
14747,61,temperature,25.31,2026-02-05 08:00:00
14748,208,soil_moisture,25.27,2026-01-16 20:00:00
14749,125,rainfall,0.0,2025-11-22 13:00:00
14750,381,temperature,37.06,2025-10-25 10:00:00
14751,210,humidity,63.85,2025-11-04 06:00:00
14752,444,rainfall,0.0,2025-12-11 22:00:00
14753,309,temperature,19.3,2026-04-08 01:00:00
14754,125,humidity,47.39,2025-11-20 05:00:00
14755,6,humidity,67.9,2025-08-12 03:00:00
14756,294,humidity,51.12,2026-01-03 13:00:00
14757,285,soil_moisture,28.53,2025-09-05 23:00:00
14758,448,humidity,84.64,2025-12-13 15:00:00
14759,367,humidity,60.89,2025-11-23 02:00:00
14760,303,temperature,32.43,2025-08-22 13:00:00
14761,122,humidity,70.62,2025-12-22 14:00:00
14762,290,rainfall,0.0,2026-02-26 10:00:00
14763,126,temperature,34.11,2025-08-19 08:00:00
14764,4,temperature,31.18,2026-04-12 20:00:00
14765,17,temperature,34.53,2025-07-20 19:00:00
14766,97,humidity,53.59,2026-02-14 02:00:00
14767,99,temperature,34.56,2025-10-10 06:00:00
14768,442,humidity,53.15,2025-10-15 13:00:00
14769,223,humidity,71.08,2025-12-14 07:00:00
14770,146,humidity,56.06,2025-08-15 09:00:00
14771,351,soil_moisture,23.84,2026-02-14 10:00:00
14772,129,humidity,41.21,2026-04-20 03:00:00
14773,94,temperature,27.53,2025-09-29 19:00:00
14774,413,soil_moisture,42.58,2026-01-14 13:00:00
14775,4,rainfall,51.91,2026-04-11 11:00:00
14776,283,rainfall,0.0,2026-02-23 00:00:00
14777,268,temperature,24.3,2025-12-24 10:00:00
14778,76,soil_moisture,29.18,2026-04-15 19:00:00
14779,16,rainfall,0.0,2025-08-19 06:00:00
14780,215,soil_moisture,40.63,2026-03-14 01:00:00
14781,191,rainfall,0.0,2026-04-07 00:00:00
14782,260,humidity,53.97,2025-09-21 12:00:00
14783,212,temperature,27.13,2025-11-16 18:00:00
14784,396,soil_moisture,33.36,2025-07-05 06:00:00
14785,340,temperature,34.73,2025-12-27 04:00:00
14786,330,soil_moisture,32.46,2025-10-01 18:00:00
14787,277,temperature,30.06,2025-09-11 02:00:00
14788,425,soil_moisture,32.8,2025-09-08 03:00:00
14789,168,humidity,59.88,2026-03-27 09:00:00
14790,1,rainfall,500.0,2026-02-28 05:00:00
14791,73,humidity,70.54,2025-10-08 07:00:00
14792,361,temperature,22.95,2025-10-18 22:00:00
14793,136,soil_moisture,30.56,2025-11-11 19:00:00
14794,185,soil_moisture,36.36,2026-03-06 06:00:00
14795,114,temperature,18.72,2026-04-21 15:00:00
14796,105,humidity,40.16,2026-01-28 11:00:00
14797,306,temperature,32.04,2025-12-29 10:00:00
14798,73,humidity,74.22,2025-10-07 18:00:00
14799,50,humidity,42.37,2026-03-11 06:00:00
14800,114,temperature,22.44,2026-04-20 03:00:00
14801,277,rainfall,0.0,2025-09-10 15:00:00
14802,389,rainfall,31.61,2026-03-17 05:00:00
14803,126,humidity,55.15,2025-08-17 16:00:00
14804,283,temperature,29.61,2026-02-23 09:00:00
14805,185,rainfall,34.45,2026-03-04 13:00:00
14806,134,rainfall,0.0,2026-01-08 15:00:00
14807,76,soil_moisture,27.0,2026-04-15 23:00:00
14808,161,rainfall,0.0,2026-01-07 23:00:00
14809,227,soil_moisture,40.27,2025-10-17 04:00:00
14810,222,rainfall,0.0,2025-10-16 18:00:00
14811,46,temperature,35.01,2025-09-20 12:00:00
14812,185,rainfall,0.0,2026-03-06 20:00:00
14813,342,soil_moisture,30.29,2026-03-29 09:00:00
14814,123,temperature,22.18,2025-11-15 01:00:00
14815,166,humidity,49.18,2025-11-29 21:00:00
14816,448,rainfall,0.0,2025-12-15 06:00:00
14817,449,rainfall,0.0,2025-09-16 21:00:00
14818,125,soil_moisture,50.49,2025-11-20 11:00:00
14819,322,soil_moisture,22.8,2026-01-17 09:00:00
14820,7,rainfall,64.82,2025-12-17 11:00:00
14821,233,temperature,24.98,2025-12-14 11:00:00
14822,76,rainfall,0.0,2026-04-15 18:00:00
14823,151,rainfall,999.9,2026-03-17 21:00:00
14824,135,rainfall,0.0,2025-12-06 17:00:00
14825,10,rainfall,0.0,2026-03-28 04:00:00
14826,184,rainfall,0.0,2026-01-06 18:00:00
14827,403,humidity,57.57,2025-11-06 13:00:00
14828,97,temperature,31.16,2026-02-14 02:00:00
14829,46,humidity,68.12,2025-09-20 08:00:00
14830,263,soil_moisture,27.68,2025-12-22 01:00:00
14831,201,humidity,64.61,2026-03-30 11:00:00
14832,204,temperature,32.55,2025-08-25 11:00:00
14833,309,rainfall,52.55,2026-04-09 14:00:00
14834,322,rainfall,0.0,2026-01-16 08:00:00
14835,427,temperature,34.89,2025-07-11 09:00:00
14836,421,soil_moisture,32.33,2025-07-11 18:00:00
14837,134,rainfall,53.35,2026-01-08 16:00:00
14838,4,humidity,61.48,2026-04-12 10:00:00
14839,185,rainfall,0.0,2026-03-05 00:00:00
14840,341,soil_moisture,41.51,2025-11-24 08:00:00
14841,163,humidity,40.11,2025-07-03 19:00:00
14842,143,temperature,34.48,2025-08-10 15:00:00
14843,171,rainfall,0.0,2026-01-16 15:00:00
14844,444,soil_moisture,29.44,2025-12-12 12:00:00
14845,311,soil_moisture,43.06,2025-10-09 07:00:00
14846,240,temperature,19.48,2026-04-22 21:00:00
14847,143,temperature,34.82,2025-08-10 18:00:00
14848,263,temperature,27.44,2025-12-23 00:00:00
14849,4,rainfall,0.0,2026-04-13 05:00:00
14850,32,soil_moisture,38.45,2025-07-27 00:00:00
14851,425,humidity,61.63,2025-09-09 07:00:00
14852,43,soil_moisture,33.97,2025-09-12 17:00:00
14853,78,soil_moisture,37.69,2025-09-25 05:00:00
14854,377,soil_moisture,38.38,2025-07-11 02:00:00
14855,65,temperature,24.89,2025-07-08 01:00:00
14856,117,soil_moisture,24.4,2025-08-23 00:00:00
14857,28,soil_moisture,35.0,2025-07-11 19:00:00
14858,122,temperature,26.53,2025-12-21 04:00:00
14859,364,temperature,35.03,2025-12-21 01:00:00
14860,305,temperature,24.52,2025-06-26 14:00:00
14861,9,humidity,70.68,2025-09-19 15:00:00
14862,294,temperature,31.65,2026-01-03 23:00:00
14863,386,soil_moisture,46.12,2026-04-04 09:00:00
14864,204,humidity,54.36,2025-08-23 15:00:00
14865,126,temperature,32.35,2025-08-18 21:00:00
14866,65,rainfall,0.0,2025-07-08 09:00:00
14867,154,temperature,32.75,2025-08-20 15:00:00
14868,229,humidity,64.86,2025-11-11 11:00:00
14869,73,rainfall,51.22,2025-10-07 20:00:00
14870,129,rainfall,0.0,2026-04-20 04:00:00
14871,6,temperature,25.58,2025-08-11 21:00:00
14872,382,humidity,59.04,2025-07-31 14:00:00
14873,72,rainfall,0.0,2025-08-19 04:00:00
14874,322,rainfall,23.47,2026-01-17 10:00:00
14875,323,soil_moisture,37.55,2025-07-25 07:00:00
14876,53,humidity,44.6,2026-03-02 09:00:00
14877,186,soil_moisture,39.24,2026-01-28 14:00:00
14878,55,humidity,70.12,2025-08-31 10:00:00
14879,431,soil_moisture,37.41,2025-07-01 18:00:00
14880,255,temperature,23.51,2025-11-04 00:00:00
14881,185,temperature,31.52,2026-03-05 04:00:00
14882,211,soil_moisture,26.92,2026-02-02 02:00:00
14883,29,temperature,31.22,2026-01-18 15:00:00
14884,215,rainfall,27.22,2026-03-14 13:00:00
14885,364,soil_moisture,34.24,2025-12-20 06:00:00
14886,113,temperature,27.55,2025-07-27 07:00:00
14887,137,temperature,23.79,2026-03-12 07:00:00
14888,211,humidity,61.24,2026-02-02 12:00:00
14889,70,humidity,50.24,2025-12-09 04:00:00
14890,205,temperature,28.71,2025-12-25 08:00:00
14891,140,humidity,50.77,2025-09-14 04:00:00
14892,240,rainfall,0.0,2026-04-22 21:00:00
14893,204,temperature,34.75,2025-08-25 00:00:00
14894,133,soil_moisture,35.64,2025-07-03 22:00:00
14895,238,rainfall,0.0,2025-11-24 15:00:00
14896,396,humidity,46.71,2025-07-06 07:00:00
14897,437,temperature,33.55,2025-10-05 08:00:00
14898,143,humidity,60.43,2025-08-11 00:00:00
14899,125,rainfall,0.0,2025-11-20 22:00:00
14900,160,humidity,64.42,2026-04-15 20:00:00
14901,82,temperature,29.08,2026-02-21 23:00:00
14902,331,temperature,23.1,2026-04-10 23:00:00
14903,447,soil_moisture,24.79,2025-09-18 16:00:00
14904,353,soil_moisture,34.32,2026-03-20 10:00:00
14905,134,rainfall,0.0,2026-01-07 02:00:00
14906,147,rainfall,0.0,2026-03-10 04:00:00
14907,287,temperature,26.22,2026-04-04 21:00:00
14908,126,humidity,47.63,2025-08-18 19:00:00
14909,353,rainfall,50.92,2026-03-19 19:00:00
14910,178,humidity,68.12,2025-12-16 01:00:00
14911,226,humidity,44.78,2026-04-22 08:00:00
14912,343,temperature,27.03,2026-01-13 22:00:00
14913,322,soil_moisture,23.75,2026-01-18 03:00:00
14914,424,rainfall,0.0,2026-01-06 11:00:00
14915,255,soil_moisture,40.98,2025-11-02 03:00:00
14916,48,humidity,30.13,2025-12-31 04:00:00
14917,117,humidity,37.65,2025-08-22 14:00:00
14918,311,humidity,36.82,2025-10-07 05:00:00
14919,129,temperature,32.6,2026-04-19 19:00:00
14920,240,humidity,53.65,2026-04-21 21:00:00
14921,140,soil_moisture,45.38,2025-09-13 21:00:00
14922,32,soil_moisture,36.7,2025-07-26 16:00:00
14923,285,humidity,48.53,2025-09-06 09:00:00
14924,185,humidity,51.31,2026-03-04 07:00:00
14925,5,humidity,42.1,2026-04-08 01:00:00
14926,448,rainfall,44.33,2025-12-15 19:00:00
14927,340,temperature,34.59,2025-12-25 15:00:00
14928,147,temperature,24.11,2026-03-09 16:00:00
14929,437,temperature,30.88,2025-10-05 17:00:00
14930,427,humidity,52.61,2025-07-09 07:00:00
14931,151,soil_moisture,20.79,2026-03-17 16:00:00
14932,418,temperature,33.19,2025-09-05 14:00:00
14933,449,temperature,39.01,2025-09-16 05:00:00
14934,142,temperature,29.19,2025-11-15 18:00:00
14935,201,temperature,31.86,2026-03-30 10:00:00
14936,29,temperature,31.16,2026-01-19 21:00:00
14937,384,soil_moisture,24.01,2025-08-17 04:00:00
14938,229,soil_moisture,39.58,2025-11-11 02:00:00
14939,208,rainfall,0.0,2026-01-15 11:00:00
14940,70,temperature,30.16,2025-12-09 08:00:00
14941,293,temperature,20.82,2026-02-08 07:00:00
14942,402,soil_moisture,27.29,2026-03-29 16:00:00
14943,326,humidity,55.05,2026-03-27 09:00:00
14944,50,rainfall,0.0,2026-03-10 23:00:00
14945,353,humidity,51.28,2026-03-18 09:00:00
14946,134,humidity,48.54,2026-01-08 13:00:00
14947,326,rainfall,0.0,2026-03-26 19:00:00
14948,413,humidity,49.53,2026-01-13 13:00:00
14949,356,temperature,31.49,2025-12-14 04:00:00
14950,368,soil_moisture,24.18,2026-03-05 04:00:00
14951,1,humidity,69.67,2026-03-01 12:00:00
14952,403,soil_moisture,40.36,2025-11-05 20:00:00
14953,283,temperature,26.53,2026-02-21 23:00:00
14954,129,soil_moisture,29.2,2026-04-19 13:00:00
14955,290,soil_moisture,27.92,2026-02-25 13:00:00
14956,212,rainfall,0.0,2025-11-17 03:00:00
14957,163,rainfall,0.0,2025-07-04 23:00:00
14958,362,humidity,64.99,2026-04-18 14:00:00
14959,322,soil_moisture,22.74,2026-01-16 06:00:00
14960,428,rainfall,0.0,2026-02-01 06:00:00
14961,353,humidity,44.88,2026-03-20 10:00:00
14962,99,humidity,49.25,2025-10-08 15:00:00
14963,372,soil_moisture,35.87,2025-10-29 11:00:00
14964,371,soil_moisture,26.26,2026-04-01 05:00:00
14965,89,temperature,31.38,2026-02-26 09:00:00
14966,70,temperature,27.1,2025-12-10 14:00:00
14967,353,rainfall,0.0,2026-03-20 05:00:00
14968,442,rainfall,0.0,2025-10-15 07:00:00
14969,273,rainfall,0.0,2026-01-07 22:00:00
14970,10,rainfall,0.0,2026-03-29 06:00:00
14971,327,rainfall,47.83,2025-07-29 11:00:00
14972,147,humidity,70.48,2026-03-09 09:00:00
14973,260,soil_moisture,36.43,2025-09-21 05:00:00
14974,306,soil_moisture,45.56,2025-12-29 16:00:00
14975,197,temperature,28.85,2026-03-16 10:00:00
14976,376,temperature,32.81,2025-09-14 15:00:00
14977,436,temperature,27.72,2026-02-12 09:00:00
14978,5,temperature,33.14,2026-04-09 03:00:00
14979,192,temperature,26.55,2026-01-19 19:00:00
14980,385,humidity,45.55,2026-03-22 01:00:00
14981,46,temperature,34.37,2025-09-19 05:00:00
14982,103,temperature,18.88,2026-01-09 09:00:00
14983,53,temperature,23.11,2026-03-02 13:00:00
14984,285,rainfall,0.0,2025-09-06 03:00:00
14985,442,rainfall,26.03,2025-10-16 10:00:00
14986,229,soil_moisture,31.1,2025-11-11 07:00:00
14987,340,soil_moisture,30.11,2025-12-25 04:00:00
14988,129,rainfall,0.0,2026-04-20 21:00:00
14989,377,soil_moisture,30.43,2025-07-11 06:00:00
14990,294,temperature,29.3,2026-01-03 20:00:00
14991,137,humidity,49.68,2026-03-13 08:00:00
14992,170,rainfall,0.0,2025-07-05 08:00:00
14993,1,humidity,69.28,2026-02-28 21:00:00
14994,29,temperature,35.48,2026-01-19 02:00:00
14995,446,rainfall,41.28,2026-04-20 04:00:00
14996,385,humidity,53.25,2026-03-22 10:00:00
14997,343,soil_moisture,32.85,2026-01-13 03:00:00
14998,294,temperature,28.45,2026-01-04 12:00:00
14999,114,rainfall,0.0,2026-04-19 04:00:00
15000,326,humidity,42.89,2026-03-26 23:00:00
15001,142,soil_moisture,39.71,2025-11-16 04:00:00
15002,184,humidity,38.07,2026-01-06 11:00:00
15003,53,temperature,25.19,2026-03-03 11:00:00
15004,208,soil_moisture,19.7,2026-01-15 21:00:00
15005,10,rainfall,0.0,2026-03-29 15:00:00
15006,18,rainfall,47.03,2026-03-16 12:00:00
15007,10,humidity,46.63,2026-03-30 10:00:00
15008,210,humidity,66.87,2025-11-06 10:00:00
15009,425,rainfall,0.0,2025-09-08 07:00:00
15010,377,temperature,34.41,2025-07-12 21:00:00
15011,99,humidity,32.47,2025-10-08 07:00:00
15012,165,soil_moisture,32.84,2025-07-02 03:00:00
15013,324,rainfall,0.0,2026-01-25 09:00:00
15014,346,humidity,73.82,2025-09-25 07:00:00
15015,222,soil_moisture,44.71,2025-10-15 09:00:00
15016,128,humidity,39.15,2025-07-10 14:00:00
15017,210,humidity,63.46,2025-11-04 11:00:00
15018,89,temperature,30.89,2026-02-26 20:00:00
15019,61,humidity,49.4,2026-02-05 20:00:00
15020,330,humidity,63.34,2025-10-02 06:00:00
15021,4,soil_moisture,28.44,2026-04-11 04:00:00
15022,308,temperature,22.8,2025-12-27 01:00:00
15023,105,temperature,22.64,2026-01-27 06:00:00
15024,82,humidity,44.09,2026-02-21 11:00:00
15025,91,temperature,20.87,2026-02-23 08:00:00
15026,367,rainfall,0.0,2025-11-21 18:00:00
15027,448,soil_moisture,34.71,2025-12-13 06:00:00
15028,268,humidity,59.69,2025-12-24 08:00:00
15029,18,temperature,25.83,2026-03-15 15:00:00
15030,50,soil_moisture,30.5,2026-03-11 13:00:00
15031,45,humidity,47.12,2026-02-08 22:00:00
15032,384,rainfall,42.66,2025-08-18 05:00:00
15033,402,humidity,52.11,2026-03-29 21:00:00
15034,223,soil_moisture,28.08,2025-12-13 19:00:00
15035,196,temperature,26.55,2026-02-16 09:00:00
15036,351,temperature,20.45,2026-02-12 15:00:00
15037,260,rainfall,0.0,2025-09-21 22:00:00
15038,59,temperature,23.39,2025-12-09 13:00:00
15039,431,rainfall,0.0,2025-07-01 15:00:00
15040,201,humidity,68.76,2026-03-30 18:00:00
15041,191,soil_moisture,40.38,2026-04-06 01:00:00
15042,437,humidity,68.2,2025-10-05 04:00:00
15043,71,humidity,50.56,2025-10-02 12:00:00
15044,257,temperature,28.04,2025-07-05 03:00:00
15045,413,rainfall,0.0,2026-01-13 03:00:00
15046,296,rainfall,0.0,2025-08-21 23:00:00
15047,263,soil_moisture,28.61,2025-12-23 15:00:00
15048,223,humidity,66.77,2025-12-13 18:00:00
15049,282,soil_moisture,41.46,2026-01-11 12:00:00
15050,190,rainfall,28.95,2026-02-09 09:00:00
15051,425,rainfall,0.0,2025-09-10 01:00:00
15052,91,rainfall,0.0,2026-02-24 01:00:00
15053,10,rainfall,46.69,2026-03-29 01:00:00
15054,10,rainfall,0.0,2026-03-29 23:00:00
15055,210,humidity,56.4,2025-11-04 23:00:00
15056,193,temperature,25.24,2026-03-18 01:00:00
15057,403,rainfall,0.0,2025-11-06 01:00:00
15058,437,temperature,30.82,2025-10-03 05:00:00
15059,386,rainfall,0.0,2026-04-04 12:00:00
15060,223,soil_moisture,21.59,2025-12-13 16:00:00
15061,340,rainfall,0.0,2025-12-26 11:00:00
15062,143,rainfall,55.76,2025-08-10 14:00:00
15063,403,rainfall,0.0,2025-11-05 01:00:00
15064,9,humidity,44.15,2025-09-19 20:00:00
15065,163,temperature,23.41,2025-07-04 07:00:00
15066,163,temperature,23.37,2025-07-03 22:00:00
15067,4,temperature,32.03,2026-04-13 06:00:00
15068,36,temperature,25.33,2026-03-18 15:00:00
15069,201,temperature,28.48,2026-03-30 04:00:00
15070,296,rainfall,0.0,2025-08-21 16:00:00
15071,233,temperature,24.48,2025-12-15 14:00:00
15072,226,temperature,25.29,2026-04-22 06:00:00
15073,44,temperature,30.31,2025-10-08 19:00:00
15074,71,humidity,44.23,2025-10-01 11:00:00
15075,32,rainfall,0.0,2025-07-26 01:00:00
15076,49,soil_moisture,34.9,2025-10-01 21:00:00
15077,210,rainfall,0.0,2025-11-05 13:00:00
15078,403,humidity,50.5,2025-11-07 09:00:00
15079,310,soil_moisture,30.8,2025-12-23 05:00:00
15080,4,humidity,56.56,2026-04-11 01:00:00
15081,303,humidity,-99.0,2025-08-22 15:00:00
15082,117,humidity,42.03,2025-08-22 10:00:00
15083,411,rainfall,57.77,2025-08-24 19:00:00
15084,170,rainfall,0.0,2025-07-05 11:00:00
15085,89,soil_moisture,40.22,2026-02-26 13:00:00
15086,114,soil_moisture,32.31,2026-04-20 12:00:00
15087,367,humidity,61.61,2025-11-22 23:00:00
15088,235,soil_moisture,32.77,2026-03-31 12:00:00
15089,159,rainfall,0.0,2025-09-19 09:00:00
15090,205,temperature,28.99,2025-12-24 10:00:00
15091,342,soil_moisture,33.29,2026-03-28 11:00:00
15092,72,humidity,45.11,2025-08-19 16:00:00
15093,89,soil_moisture,38.4,2026-02-26 12:00:00
15094,197,soil_moisture,42.15,2026-03-15 10:00:00
15095,49,humidity,42.23,2025-09-30 03:00:00
15096,29,soil_moisture,24.82,2026-01-18 03:00:00
15097,229,rainfall,0.0,2025-11-12 09:00:00
15098,309,soil_moisture,30.3,2026-04-09 03:00:00
15099,166,soil_moisture,21.84,2025-11-30 09:00:00
15100,46,rainfall,47.16,2025-09-20 14:00:00
15101,204,rainfall,43.03,2025-08-24 23:00:00
15102,386,soil_moisture,36.6,2026-04-05 01:00:00
15103,322,rainfall,0.0,2026-01-18 06:00:00
15104,122,soil_moisture,42.36,2025-12-22 14:00:00
15105,49,soil_moisture,31.13,2025-09-30 04:00:00
15106,184,temperature,33.12,2026-01-05 03:00:00
15107,97,humidity,60.78,2026-02-13 11:00:00
15108,272,temperature,28.89,2025-12-02 09:00:00
15109,43,humidity,60.7,2025-09-13 19:00:00
15110,192,rainfall,0.0,2026-01-21 00:00:00
15111,277,rainfall,0.0,2025-09-11 02:00:00
15112,330,soil_moisture,32.55,2025-10-01 07:00:00
15113,419,humidity,50.56,2025-09-24 04:00:00
15114,303,temperature,31.21,2025-08-22 03:00:00
15115,192,rainfall,42.93,2026-01-20 20:00:00
15116,136,humidity,56.62,2025-11-10 07:00:00
15117,77,temperature,18.27,2026-03-27 09:00:00
15118,143,temperature,34.04,2025-08-11 21:00:00
15119,47,temperature,34.33,2025-10-05 23:00:00
15120,402,temperature,33.93,2026-03-29 02:00:00
15121,89,humidity,64.92,2026-02-26 21:00:00
15122,377,soil_moisture,32.59,2025-07-11 12:00:00
15123,45,rainfall,0.0,2026-02-08 06:00:00
15124,74,rainfall,0.0,2025-10-22 02:00:00
15125,13,rainfall,0.0,2025-11-02 03:00:00
15126,126,rainfall,0.0,2025-08-18 07:00:00
15127,391,soil_moisture,32.99,2025-06-28 03:00:00
15128,309,temperature,23.55,2026-04-07 20:00:00
15129,293,soil_moisture,31.43,2026-02-08 04:00:00
15130,295,humidity,50.5,2026-04-11 15:00:00
15131,222,humidity,73.59,2025-10-15 02:00:00
15132,396,temperature,28.5,2025-07-04 09:00:00
15133,91,temperature,22.36,2026-02-23 20:00:00
15134,371,rainfall,45.28,2026-03-30 22:00:00
15135,372,humidity,54.27,2025-10-28 20:00:00
15136,161,rainfall,0.0,2026-01-07 04:00:00
15137,50,soil_moisture,32.32,2026-03-11 09:00:00
15138,427,temperature,34.01,2025-07-11 21:00:00
15139,277,temperature,29.84,2025-09-10 06:00:00
15140,191,rainfall,0.0,2026-04-07 11:00:00
15141,263,soil_moisture,37.53,2025-12-22 22:00:00
15142,44,rainfall,0.0,2025-10-06 23:00:00
15143,201,temperature,31.47,2026-03-30 03:00:00
15144,327,soil_moisture,45.49,2025-07-29 18:00:00
15145,298,rainfall,0.0,2025-09-12 07:00:00
15146,282,humidity,63.11,2026-01-09 14:00:00
15147,447,humidity,51.29,2025-09-19 20:00:00
15148,44,temperature,29.03,2025-10-06 15:00:00
15149,305,humidity,40.58,2025-06-27 22:00:00
15150,6,rainfall,35.37,2025-08-12 22:00:00
15151,447,temperature,23.03,2025-09-18 21:00:00
15152,105,humidity,41.36,2026-01-28 01:00:00
15153,163,rainfall,24.01,2025-07-03 03:00:00
15154,240,temperature,19.29,2026-04-23 06:00:00
15155,71,humidity,52.04,2025-10-02 22:00:00
15156,154,soil_moisture,31.53,2025-08-22 10:00:00
15157,368,rainfall,0.0,2026-03-04 23:00:00
15158,125,soil_moisture,38.19,2025-11-21 05:00:00
15159,97,soil_moisture,33.56,2026-02-13 15:00:00
15160,310,humidity,62.67,2025-12-22 04:00:00
15161,55,soil_moisture,34.28,2025-09-02 05:00:00
15162,114,temperature,22.67,2026-04-20 21:00:00
15163,255,temperature,28.29,2025-11-03 10:00:00
15164,293,soil_moisture,34.84,2026-02-08 02:00:00
15165,341,soil_moisture,40.31,2025-11-26 04:00:00
15166,105,temperature,20.07,2026-01-28 13:00:00
15167,424,temperature,26.85,2026-01-05 06:00:00
15168,137,temperature,23.39,2026-03-14 07:00:00
15169,180,rainfall,0.0,2025-12-25 14:00:00
15170,167,soil_moisture,46.45,2025-12-23 20:00:00
15171,71,humidity,50.06,2025-10-02 10:00:00
15172,165,temperature,22.24,2025-06-30 16:00:00
15173,6,humidity,58.98,2025-08-12 06:00:00
15174,135,soil_moisture,37.36,2025-12-07 02:00:00
15175,160,rainfall,48.66,2026-04-16 00:00:00
15176,384,temperature,28.46,2025-08-18 06:00:00
15177,30,humidity,58.81,2025-08-19 02:00:00
15178,53,humidity,42.01,2026-03-02 06:00:00
15179,192,rainfall,0.0,2026-01-20 00:00:00
15180,65,temperature,23.95,2025-07-09 18:00:00
15181,361,humidity,66.04,2025-10-18 03:00:00
15182,327,temperature,27.69,2025-07-30 00:00:00
15183,290,rainfall,0.0,2026-02-25 14:00:00
15184,436,soil_moisture,28.83,2026-02-12 18:00:00
15185,166,humidity,61.07,2025-11-30 19:00:00
15186,159,rainfall,0.0,2025-09-19 08:00:00
15187,292,humidity,68.99,2025-09-25 00:00:00
15188,222,temperature,24.94,2025-10-15 21:00:00
15189,354,rainfall,0.0,2026-03-06 02:00:00
15190,134,temperature,33.64,2026-01-08 13:00:00
15191,449,rainfall,0.0,2025-09-15 22:00:00
15192,341,humidity,49.21,2025-11-25 10:00:00
15193,185,soil_moisture,35.63,2026-03-04 14:00:00
15194,310,humidity,69.59,2025-12-22 13:00:00
15195,142,temperature,32.48,2025-11-15 05:00:00
15196,43,soil_moisture,33.75,2025-09-13 20:00:00
15197,10,temperature,29.17,2026-03-28 09:00:00
15198,368,soil_moisture,24.07,2026-03-05 01:00:00
15199,411,temperature,27.53,2025-08-24 05:00:00
15200,47,soil_moisture,42.51,2025-10-04 20:00:00
15201,73,soil_moisture,34.48,2025-10-07 07:00:00
15202,272,rainfall,0.0,2025-12-04 22:00:00
15203,180,soil_moisture,36.29,2025-12-25 07:00:00
15204,287,soil_moisture,41.62,2026-04-04 12:00:00
15205,186,temperature,27.8,2026-01-27 14:00:00
15206,117,humidity,43.77,2025-08-23 05:00:00
15207,442,temperature,34.06,2025-10-15 19:00:00
15208,418,humidity,47.93,2025-09-06 03:00:00
15209,364,humidity,69.79,2025-12-20 04:00:00
15210,53,rainfall,0.0,2026-03-03 13:00:00
15211,122,temperature,25.29,2025-12-23 09:00:00
15212,238,temperature,26.06,2025-11-26 11:00:00
15213,170,humidity,46.84,2025-07-04 03:00:00
15214,115,humidity,69.69,2025-10-26 06:00:00
15215,169,humidity,58.15,2026-03-22 06:00:00
15216,168,humidity,70.12,2026-03-27 02:00:00
15217,391,temperature,23.8,2025-06-28 18:00:00
15218,240,rainfall,0.0,2026-04-22 00:00:00
15219,60,temperature,31.69,2026-03-05 15:00:00
15220,354,rainfall,0.0,2026-03-06 22:00:00
15221,449,temperature,35.74,2025-09-16 20:00:00
15222,169,temperature,28.91,2026-03-24 09:00:00
15223,136,humidity,57.38,2025-11-11 05:00:00
15224,77,rainfall,0.0,2026-03-26 23:00:00
15225,227,rainfall,0.0,2025-10-18 05:00:00
15226,226,rainfall,0.0,2026-04-22 20:00:00
15227,66,rainfall,0.0,2026-01-06 23:00:00
15228,1,soil_moisture,30.88,2026-03-01 19:00:00
15229,205,soil_moisture,42.78,2025-12-24 14:00:00
15230,46,humidity,65.89,2025-09-19 12:00:00
15231,72,soil_moisture,43.71,2025-08-19 22:00:00
15232,148,soil_moisture,52.16,2025-12-03 18:00:00
15233,47,soil_moisture,36.23,2025-10-04 09:00:00
15234,391,rainfall,0.0,2025-06-27 06:00:00
15235,282,temperature,28.3,2026-01-10 02:00:00
15236,133,humidity,68.92,2025-07-02 11:00:00
15237,427,rainfall,0.0,2025-07-09 11:00:00
15238,340,rainfall,0.0,2025-12-26 00:00:00
15239,1,humidity,67.03,2026-02-28 06:00:00
15240,257,soil_moisture,28.74,2025-07-04 23:00:00
15241,197,rainfall,0.0,2026-03-15 03:00:00
15242,160,temperature,33.35,2026-04-15 16:00:00
15243,222,temperature,26.39,2025-10-17 05:00:00
15244,89,rainfall,0.0,2026-02-27 00:00:00
15245,210,rainfall,38.72,2025-11-04 19:00:00
15246,43,temperature,21.27,2025-09-12 07:00:00
15247,6,temperature,22.68,2025-08-12 02:00:00
15248,53,rainfall,42.4,2026-03-03 09:00:00
15249,6,humidity,71.45,2025-08-12 16:00:00
15250,421,soil_moisture,29.87,2025-07-12 13:00:00
15251,427,rainfall,0.0,2025-07-10 00:00:00
15252,211,soil_moisture,27.52,2026-02-03 16:00:00
15253,192,rainfall,0.0,2026-01-20 14:00:00
15254,411,temperature,26.54,2025-08-24 17:00:00
15255,154,humidity,72.35,2025-08-22 07:00:00
15256,222,soil_moisture,44.93,2025-10-15 15:00:00
15257,105,humidity,41.14,2026-01-29 10:00:00
15258,45,soil_moisture,23.22,2026-02-09 11:00:00
15259,326,soil_moisture,20.72,2026-03-26 13:00:00
15260,178,temperature,31.66,2025-12-16 20:00:00
15261,134,temperature,27.44,2026-01-08 14:00:00
15262,226,rainfall,0.0,2026-04-21 19:00:00
15263,129,soil_moisture,26.12,2026-04-19 19:00:00
15264,17,humidity,40.25,2025-07-21 05:00:00
15265,103,humidity,49.55,2026-01-10 01:00:00
15266,354,soil_moisture,24.3,2026-03-07 11:00:00
15267,449,humidity,63.78,2025-09-16 11:00:00
15268,72,soil_moisture,46.91,2025-08-21 18:00:00
15269,346,temperature,31.38,2025-09-26 01:00:00
15270,204,rainfall,0.0,2025-08-25 01:00:00
15271,48,rainfall,0.0,2026-01-01 02:00:00
15272,125,rainfall,0.0,2025-11-21 12:00:00
15273,197,soil_moisture,41.81,2026-03-16 08:00:00
15274,431,soil_moisture,40.32,2025-07-02 22:00:00
15275,212,temperature,30.37,2025-11-16 21:00:00
15276,135,humidity,73.38,2025-12-06 19:00:00
15277,448,temperature,25.9,2025-12-13 12:00:00
15278,170,humidity,37.14,2025-07-03 09:00:00
15279,215,humidity,41.49,2026-03-14 05:00:00
15280,335,humidity,63.17,2025-09-03 15:00:00
15281,29,rainfall,0.0,2026-01-19 07:00:00
15282,447,temperature,21.73,2025-09-18 13:00:00
15283,326,soil_moisture,27.3,2026-03-26 14:00:00
15284,303,temperature,29.58,2025-08-23 00:00:00
15285,263,humidity,47.72,2025-12-23 15:00:00
15286,49,humidity,49.44,2025-09-29 12:00:00
15287,192,soil_moisture,28.47,2026-01-20 08:00:00
15288,45,humidity,37.7,2026-02-08 01:00:00
15289,219,rainfall,62.17,2025-11-19 14:00:00
15290,368,rainfall,0.0,2026-03-04 19:00:00
15291,114,temperature,21.93,2026-04-19 21:00:00
15292,89,rainfall,0.0,2026-02-26 12:00:00
15293,197,humidity,49.0,2026-03-16 23:00:00
15294,46,soil_moisture,34.63,2025-09-21 04:00:00
15295,330,humidity,57.38,2025-10-01 16:00:00
15296,70,temperature,27.6,2025-12-09 14:00:00
15297,74,humidity,36.54,2025-10-23 00:00:00
15298,322,rainfall,0.0,2026-01-16 20:00:00
15299,371,humidity,57.55,2026-03-31 02:00:00
15300,308,soil_moisture,29.18,2025-12-27 06:00:00
15301,370,temperature,21.09,2025-07-08 23:00:00
15302,126,soil_moisture,32.89,2025-08-17 19:00:00
15303,361,humidity,72.96,2025-10-19 03:00:00
15304,413,rainfall,0.0,2026-01-13 02:00:00
15305,18,humidity,48.26,2026-03-16 00:00:00
15306,161,rainfall,0.0,2026-01-06 04:00:00
15307,382,rainfall,0.0,2025-07-30 17:00:00
15308,272,rainfall,0.0,2025-12-04 01:00:00
15309,272,temperature,25.09,2025-12-02 06:00:00
15310,128,soil_moisture,46.32,2025-07-09 23:00:00
15311,425,rainfall,0.0,2025-09-09 10:00:00
15312,136,rainfall,0.0,2025-11-12 18:00:00
15313,418,rainfall,59.52,2025-09-06 03:00:00
15314,196,soil_moisture,40.02,2026-02-15 16:00:00
15315,403,soil_moisture,46.89,2025-11-06 21:00:00
15316,287,rainfall,0.0,2026-04-04 08:00:00
15317,367,rainfall,0.0,2025-11-21 10:00:00
15318,94,rainfall,0.0,2025-09-29 11:00:00
15319,60,humidity,40.23,2026-03-05 12:00:00
15320,381,rainfall,0.0,2025-10-25 18:00:00
15321,193,humidity,57.54,2026-03-19 20:00:00
15322,126,humidity,53.0,2025-08-18 20:00:00
15323,65,humidity,63.0,2025-07-08 23:00:00
15324,381,humidity,49.98,2025-10-24 09:00:00
15325,201,temperature,29.05,2026-03-31 15:00:00
15326,113,soil_moisture,36.21,2025-07-28 00:00:00
15327,165,soil_moisture,34.2,2025-06-30 17:00:00
15328,5,rainfall,36.55,2026-04-08 11:00:00
15329,425,humidity,72.72,2025-09-08 09:00:00
15330,185,soil_moisture,35.22,2026-03-06 02:00:00
15331,59,soil_moisture,51.97,2025-12-08 01:00:00
15332,177,temperature,21.86,2026-03-13 07:00:00
15333,165,humidity,64.27,2025-06-30 16:00:00
15334,9,humidity,59.32,2025-09-21 12:00:00
15335,257,temperature,29.29,2025-07-05 07:00:00
15336,50,temperature,20.95,2026-03-09 22:00:00
15337,227,soil_moisture,42.83,2025-10-17 01:00:00
15338,309,soil_moisture,27.2,2026-04-08 14:00:00
15339,272,soil_moisture,48.13,2025-12-02 02:00:00
15340,446,soil_moisture,47.3,2026-04-20 07:00:00
15341,66,soil_moisture,23.27,2026-01-06 01:00:00
15342,377,humidity,55.09,2025-07-12 09:00:00
15343,147,soil_moisture,32.05,2026-03-09 04:00:00
15344,287,rainfall,60.06,2026-04-04 16:00:00
15345,36,soil_moisture,25.36,2026-03-19 15:00:00
15346,396,temperature,31.85,2025-07-05 09:00:00
15347,324,rainfall,46.97,2026-01-25 05:00:00
15348,263,humidity,51.97,2025-12-23 16:00:00
15349,362,humidity,61.62,2026-04-18 03:00:00
15350,346,rainfall,0.0,2025-09-24 05:00:00
15351,427,rainfall,0.0,2025-07-11 09:00:00
15352,346,humidity,66.16,2025-09-25 09:00:00
15353,50,soil_moisture,32.09,2026-03-11 12:00:00
15354,220,temperature,26.29,2026-01-30 15:00:00
15355,196,rainfall,0.0,2026-02-16 12:00:00
15356,32,soil_moisture,34.8,2025-07-28 07:00:00
15357,376,temperature,29.1,2025-09-15 07:00:00
15358,308,rainfall,0.0,2025-12-27 15:00:00
15359,370,humidity,52.7,2025-07-08 02:00:00
15360,288,soil_moisture,36.68,2025-07-06 23:00:00
15361,226,humidity,46.74,2026-04-22 12:00:00
15362,268,soil_moisture,39.0,2025-12-23 11:00:00
15363,268,rainfall,0.0,2025-12-25 07:00:00
15364,197,soil_moisture,41.65,2026-03-15 06:00:00
15365,113,rainfall,0.0,2025-07-29 20:00:00
15366,321,humidity,54.11,2025-09-11 08:00:00
15367,223,temperature,18.19,2025-12-14 17:00:00
15368,48,soil_moisture,44.93,2025-12-31 16:00:00
15369,300,temperature,23.39,2025-10-26 11:00:00
15370,169,soil_moisture,43.73,2026-03-24 01:00:00
15371,220,rainfall,0.0,2026-01-30 07:00:00
15372,238,humidity,77.29,2025-11-24 18:00:00
15373,99,humidity,57.27,2025-10-08 01:00:00
15374,122,humidity,78.02,2025-12-22 07:00:00
15375,308,humidity,53.17,2025-12-26 09:00:00
15376,391,humidity,46.79,2025-06-26 21:00:00
15377,186,temperature,24.93,2026-01-29 02:00:00
15378,46,soil_moisture,36.57,2025-09-20 10:00:00
15379,167,soil_moisture,38.16,2025-12-23 21:00:00
15380,376,temperature,29.67,2025-09-14 22:00:00
15381,30,humidity,55.74,2025-08-20 18:00:00
15382,115,rainfall,0.0,2025-10-26 22:00:00
15383,353,soil_moisture,42.1,2026-03-18 14:00:00
15384,49,rainfall,0.0,2025-09-29 16:00:00
15385,212,soil_moisture,34.92,2025-11-17 03:00:00
15386,201,humidity,67.92,2026-03-31 01:00:00
15387,362,humidity,45.36,2026-04-18 09:00:00
15388,114,rainfall,0.0,2026-04-19 01:00:00
15389,197,humidity,45.3,2026-03-15 03:00:00
15390,288,rainfall,0.0,2025-07-06 15:00:00
15391,382,soil_moisture,45.03,2025-07-30 15:00:00
15392,446,humidity,50.1,2026-04-20 12:00:00
15393,192,soil_moisture,33.31,2026-01-19 17:00:00
15394,341,soil_moisture,42.13,2025-11-24 03:00:00
15395,308,humidity,51.45,2025-12-26 06:00:00
15396,260,temperature,32.15,2025-09-21 10:00:00
15397,288,temperature,30.33,2025-07-06 08:00:00
15398,177,rainfall,0.0,2026-03-13 06:00:00
15399,136,soil_moisture,29.02,2025-11-11 16:00:00
15400,411,humidity,60.25,2025-08-23 12:00:00
15401,167,soil_moisture,42.83,2025-12-23 17:00:00
15402,6,temperature,26.35,2025-08-11 15:00:00
15403,55,soil_moisture,36.61,2025-08-31 16:00:00
15404,169,temperature,27.77,2026-03-24 02:00:00
15405,382,rainfall,0.0,2025-07-31 19:00:00
15406,440,temperature,29.36,2025-07-10 04:00:00
15407,311,temperature,27.38,2025-10-07 17:00:00
15408,391,temperature,29.47,2025-06-27 12:00:00
15409,47,temperature,32.97,2025-10-05 04:00:00
15410,6,soil_moisture,46.31,2025-08-12 23:00:00
15411,449,soil_moisture,36.38,2025-09-15 21:00:00
15412,376,temperature,31.44,2025-09-13 17:00:00
15413,326,humidity,50.51,2026-03-26 08:00:00
15414,135,humidity,61.93,2025-12-06 10:00:00
15415,282,temperature,28.93,2026-01-09 08:00:00
15416,160,soil_moisture,36.73,2026-04-15 07:00:00
15417,103,humidity,40.72,2026-01-09 08:00:00
15418,371,soil_moisture,18.88,2026-04-01 08:00:00
15419,159,humidity,50.54,2025-09-20 06:00:00
15420,257,rainfall,0.0,2025-07-04 07:00:00
15421,448,soil_moisture,27.44,2025-12-14 08:00:00
15422,372,humidity,55.54,2025-10-28 06:00:00
15423,235,rainfall,0.0,2026-03-30 22:00:00
15424,193,rainfall,0.0,2026-03-20 03:00:00
15425,263,temperature,30.04,2025-12-21 22:00:00
15426,148,rainfall,51.5,2025-12-03 03:00:00
15427,367,rainfall,0.0,2025-11-22 19:00:00
15428,444,temperature,28.85,2025-12-13 05:00:00
15429,91,humidity,70.61,2026-02-23 16:00:00
15430,49,rainfall,28.01,2025-09-29 13:00:00
15431,215,temperature,21.09,2026-03-16 06:00:00
15432,293,rainfall,0.0,2026-02-09 18:00:00
15433,424,soil_moisture,20.93,2026-01-07 14:00:00
15434,71,soil_moisture,47.71,2025-10-02 13:00:00
15435,72,soil_moisture,34.2,2025-08-20 06:00:00
15436,97,soil_moisture,34.2,2026-02-13 16:00:00
15437,298,soil_moisture,37.63,2025-09-11 12:00:00
15438,324,rainfall,54.04,2026-01-25 15:00:00
15439,396,soil_moisture,38.44,2025-07-04 04:00:00
15440,362,soil_moisture,24.91,2026-04-18 03:00:00
15441,330,soil_moisture,27.69,2025-10-02 00:00:00
15442,327,humidity,67.39,2025-07-30 07:00:00
15443,61,soil_moisture,44.14,2026-02-07 10:00:00
15444,384,temperature,24.95,2025-08-17 02:00:00
15445,229,rainfall,0.0,2025-11-12 02:00:00
15446,180,humidity,61.67,2025-12-24 21:00:00
15447,4,rainfall,0.0,2026-04-13 02:00:00
15448,353,soil_moisture,36.68,2026-03-18 07:00:00
15449,49,temperature,24.98,2025-09-29 23:00:00
15450,160,temperature,31.84,2026-04-14 14:00:00
15451,9,humidity,56.08,2025-09-20 02:00:00
15452,136,temperature,35.46,2025-11-11 06:00:00
15453,324,temperature,23.31,2026-01-25 21:00:00
15454,447,temperature,20.47,2025-09-18 23:00:00
15455,159,soil_moisture,25.0,2025-09-21 10:00:00
15456,331,temperature,22.88,2026-04-09 06:00:00
15457,154,rainfall,0.0,2025-08-20 01:00:00
15458,53,soil_moisture,17.9,2026-03-03 19:00:00
15459,55,soil_moisture,32.95,2025-09-02 23:00:00
15460,401,rainfall,48.2,2025-12-09 13:00:00
15461,185,rainfall,0.0,2026-03-06 21:00:00
15462,196,temperature,23.32,2026-02-15 17:00:00
15463,212,soil_moisture,36.38,2025-11-16 19:00:00
15464,196,rainfall,0.0,2026-02-16 11:00:00
15465,97,soil_moisture,38.02,2026-02-14 15:00:00
15466,1,temperature,26.99,2026-02-28 08:00:00
15467,293,soil_moisture,36.88,2026-02-08 17:00:00
15468,292,humidity,63.58,2025-09-26 01:00:00
15469,59,humidity,77.5,2025-12-09 06:00:00
15470,391,rainfall,0.0,2025-06-26 04:00:00
15471,311,humidity,54.02,2025-10-07 08:00:00
15472,401,temperature,23.18,2025-12-09 20:00:00
15473,384,rainfall,0.0,2025-08-16 09:00:00
15474,137,rainfall,0.0,2026-03-12 18:00:00
15475,354,soil_moisture,28.93,2026-03-06 15:00:00
15476,298,rainfall,0.0,2025-09-11 11:00:00
15477,370,temperature,22.42,2025-07-09 00:00:00
15478,94,rainfall,0.0,2025-09-29 10:00:00
15479,55,soil_moisture,28.74,2025-08-31 23:00:00
15480,293,rainfall,0.0,2026-02-08 21:00:00
15481,125,temperature,24.6,2025-11-20 22:00:00
15482,135,temperature,24.03,2025-12-06 01:00:00
15483,113,temperature,26.27,2025-07-28 17:00:00
15484,142,humidity,61.82,2025-11-15 04:00:00
15485,61,temperature,26.0,2026-02-06 02:00:00
15486,169,rainfall,34.06,2026-03-22 04:00:00
15487,208,humidity,52.61,2026-01-15 02:00:00
15488,285,soil_moisture,32.47,2025-09-06 12:00:00
15489,151,rainfall,0.0,2026-03-18 05:00:00
15490,356,temperature,28.84,2025-12-12 21:00:00
15491,255,humidity,60.7,2025-11-03 22:00:00
15492,122,humidity,82.43,2025-12-22 22:00:00
15493,285,rainfall,0.0,2025-09-05 05:00:00
15494,310,soil_moisture,34.55,2025-12-23 02:00:00
15495,401,soil_moisture,25.72,2025-12-10 14:00:00
15496,13,temperature,25.28,2025-11-01 18:00:00
15497,229,soil_moisture,39.89,2025-11-13 12:00:00
15498,5,humidity,39.69,2026-04-08 14:00:00
15499,340,soil_moisture,33.48,2025-12-26 01:00:00
15500,89,humidity,61.79,2026-02-27 10:00:00
15501,196,humidity,71.09,2026-02-16 16:00:00
15502,389,temperature,33.33,2026-03-17 23:00:00
15503,389,temperature,29.69,2026-03-17 08:00:00
15504,122,rainfall,0.0,2025-12-23 13:00:00
15505,142,soil_moisture,37.88,2025-11-16 10:00:00
15506,211,soil_moisture,25.7,2026-02-03 21:00:00
15507,32,humidity,75.96,2025-07-27 14:00:00
15508,165,humidity,66.42,2025-06-30 21:00:00
15509,163,rainfall,0.0,2025-07-04 16:00:00
15510,293,humidity,43.49,2026-02-09 05:00:00
15511,260,soil_moisture,29.19,2025-09-22 04:00:00
15512,24,rainfall,37.73,2026-03-04 22:00:00
15513,169,humidity,65.84,2026-03-23 11:00:00
15514,73,temperature,31.73,2025-10-08 10:00:00
15515,229,humidity,58.11,2025-11-11 15:00:00
15516,391,humidity,42.88,2025-06-27 09:00:00
15517,223,rainfall,64.53,2025-12-14 11:00:00
15518,43,soil_moisture,30.88,2025-09-12 06:00:00
15519,227,temperature,35.62,2025-10-17 18:00:00
15520,77,soil_moisture,27.49,2026-03-27 12:00:00
15521,28,rainfall,35.82,2025-07-10 23:00:00
15522,177,rainfall,0.0,2026-03-12 11:00:00
15523,44,temperature,29.57,2025-10-07 06:00:00
15524,5,humidity,38.78,2026-04-07 23:00:00
15525,160,soil_moisture,35.58,2026-04-14 21:00:00
15526,327,humidity,55.38,2025-07-30 10:00:00
15527,129,humidity,39.43,2026-04-19 20:00:00
15528,364,humidity,65.26,2025-12-21 00:00:00
15529,343,rainfall,0.0,2026-01-12 06:00:00
15530,424,humidity,38.84,2026-01-07 06:00:00
15531,268,temperature,23.86,2025-12-24 20:00:00
15532,446,humidity,58.91,2026-04-20 09:00:00
15533,382,humidity,41.79,2025-07-30 05:00:00
15534,161,soil_moisture,34.83,2026-01-06 11:00:00
15535,273,soil_moisture,39.26,2026-01-06 09:00:00
15536,48,rainfall,49.61,2025-12-31 23:00:00
15537,321,humidity,55.76,2025-09-10 09:00:00
15538,346,humidity,67.84,2025-09-25 08:00:00
15539,356,temperature,999.9,2025-12-13 19:00:00
15540,178,soil_moisture,28.3,2025-12-17 22:00:00
15541,273,soil_moisture,39.98,2026-01-08 09:00:00
15542,128,soil_moisture,48.67,2025-07-09 13:00:00
15543,154,humidity,62.23,2025-08-21 05:00:00
15544,295,humidity,50.58,2026-04-12 15:00:00
15545,368,rainfall,0.0,2026-03-04 08:00:00
15546,168,rainfall,0.0,2026-03-28 13:00:00
15547,184,humidity,34.21,2026-01-07 02:00:00
15548,391,rainfall,0.0,2025-06-26 21:00:00
15549,99,humidity,44.93,2025-10-08 18:00:00
15550,235,rainfall,0.0,2026-03-30 03:00:00
15551,306,humidity,80.14,2025-12-30 10:00:00
15552,123,temperature,22.57,2025-11-16 17:00:00
15553,227,rainfall,0.0,2025-10-16 01:00:00
15554,449,humidity,64.9,2025-09-15 05:00:00
15555,341,humidity,53.23,2025-11-25 05:00:00
15556,97,soil_moisture,27.56,2026-02-14 00:00:00
15557,161,soil_moisture,35.86,2026-01-06 06:00:00
15558,367,rainfall,37.95,2025-11-22 08:00:00
15559,311,soil_moisture,42.86,2025-10-07 23:00:00
15560,449,soil_moisture,36.26,2025-09-16 05:00:00
15561,283,humidity,46.62,2026-02-23 08:00:00
15562,331,temperature,21.53,2026-04-11 11:00:00
15563,71,humidity,48.47,2025-10-01 08:00:00
15564,115,humidity,69.09,2025-10-27 12:00:00
15565,148,temperature,30.82,2025-12-02 14:00:00
15566,364,humidity,61.39,2025-12-20 05:00:00
15567,356,soil_moisture,30.45,2025-12-14 01:00:00
15568,61,humidity,46.99,2026-02-06 05:00:00
15569,447,humidity,58.01,2025-09-18 22:00:00
15570,292,rainfall,48.48,2025-09-25 03:00:00
15571,427,rainfall,0.0,2025-07-09 23:00:00
15572,444,soil_moisture,29.04,2025-12-13 03:00:00
15573,229,rainfall,44.29,2025-11-12 21:00:00
15574,4,soil_moisture,22.56,2026-04-12 12:00:00
15575,166,rainfall,0.0,2025-11-30 21:00:00
15576,73,humidity,67.48,2025-10-08 11:00:00
15577,396,soil_moisture,35.54,2025-07-04 19:00:00
15578,419,temperature,27.37,2025-09-24 08:00:00
15579,235,rainfall,0.0,2026-03-30 23:00:00
15580,5,temperature,32.27,2026-04-07 01:00:00
15581,157,soil_moisture,33.79,2026-01-21 04:00:00
15582,368,humidity,56.93,2026-03-05 09:00:00
15583,157,humidity,29.12,2026-01-20 00:00:00
15584,13,soil_moisture,42.97,2025-11-01 19:00:00
15585,368,humidity,64.61,2026-03-04 13:00:00
15586,401,soil_moisture,32.19,2025-12-09 07:00:00
15587,196,humidity,66.04,2026-02-16 13:00:00
15588,327,temperature,26.1,2025-07-29 15:00:00
15589,223,humidity,59.19,2025-12-14 11:00:00
15590,136,humidity,64.8,2025-11-10 23:00:00
15591,59,temperature,27.82,2025-12-08 01:00:00
15592,303,soil_moisture,28.32,2025-08-22 02:00:00
15593,103,temperature,20.64,2026-01-09 22:00:00
15594,70,temperature,27.56,2025-12-10 05:00:00
15595,208,temperature,29.61,2026-01-17 06:00:00
15596,16,humidity,67.29,2025-08-18 23:00:00
15597,444,soil_moisture,35.01,2025-12-11 05:00:00
15598,168,temperature,22.9,2026-03-27 06:00:00
15599,287,rainfall,0.0,2026-04-03 23:00:00
15600,227,temperature,34.21,2025-10-16 21:00:00
15601,180,rainfall,0.0,2025-12-26 05:00:00
15602,238,temperature,30.71,2025-11-24 18:00:00
15603,322,rainfall,0.0,2026-01-17 17:00:00
15604,29,humidity,43.82,2026-01-19 02:00:00
15605,53,humidity,48.0,2026-03-03 20:00:00
15606,161,temperature,27.55,2026-01-07 17:00:00
15607,184,soil_moisture,22.34,2026-01-06 07:00:00
15608,70,soil_moisture,34.26,2025-12-09 20:00:00
15609,386,soil_moisture,40.7,2026-04-05 18:00:00
15610,288,temperature,24.71,2025-07-06 23:00:00
15611,362,rainfall,0.0,2026-04-18 11:00:00
15612,212,soil_moisture,42.35,2025-11-16 21:00:00
15613,401,temperature,26.31,2025-12-09 13:00:00
15614,370,soil_moisture,33.66,2025-07-08 09:00:00
15615,123,temperature,25.68,2025-11-16 10:00:00
15616,362,rainfall,0.0,2026-04-18 14:00:00
15617,372,temperature,29.44,2025-10-29 00:00:00
15618,381,soil_moisture,45.51,2025-10-25 18:00:00
15619,219,temperature,25.73,2025-11-20 18:00:00
15620,436,humidity,61.72,2026-02-11 22:00:00
15621,233,humidity,49.14,2025-12-14 23:00:00
15622,419,rainfall,39.55,2025-09-25 19:00:00
15623,296,temperature,35.58,2025-08-21 16:00:00
15624,391,rainfall,0.0,2025-06-26 20:00:00
15625,30,temperature,21.65,2025-08-21 08:00:00
15626,340,soil_moisture,33.77,2025-12-25 06:00:00
15627,361,temperature,22.47,2025-10-18 06:00:00
15628,160,soil_moisture,39.27,2026-04-14 11:00:00
15629,99,temperature,34.53,2025-10-09 17:00:00
15630,171,rainfall,0.0,2026-01-17 01:00:00
15631,331,soil_moisture,46.92,2026-04-10 20:00:00
15632,382,temperature,24.11,2025-07-30 02:00:00
15633,371,soil_moisture,19.62,2026-03-31 11:00:00
15634,161,rainfall,43.65,2026-01-07 07:00:00
15635,370,temperature,19.4,2025-07-09 17:00:00
15636,298,soil_moisture,38.68,2025-09-12 05:00:00
15637,364,soil_moisture,41.92,2025-12-21 02:00:00
15638,272,humidity,63.47,2025-12-02 23:00:00
15639,128,soil_moisture,42.64,2025-07-11 12:00:00
15640,143,humidity,60.04,2025-08-12 15:00:00
15641,17,temperature,27.47,2025-07-20 01:00:00
15642,208,humidity,54.49,2026-01-15 22:00:00
15643,43,soil_moisture,37.57,2025-09-13 01:00:00
15644,136,soil_moisture,31.21,2025-11-10 20:00:00
15645,298,rainfall,51.41,2025-09-11 06:00:00
15646,389,temperature,31.31,2026-03-16 05:00:00
15647,114,humidity,42.81,2026-04-20 10:00:00
15648,169,rainfall,0.0,2026-03-23 14:00:00
15649,49,humidity,42.71,2025-09-29 07:00:00
15650,140,rainfall,0.0,2025-09-13 21:00:00
15651,134,humidity,55.31,2026-01-06 05:00:00
15652,342,temperature,24.17,2026-03-28 10:00:00
15653,440,temperature,28.96,2025-07-10 21:00:00
15654,331,rainfall,0.0,2026-04-09 15:00:00
15655,403,soil_moisture,41.85,2025-11-05 09:00:00
15656,171,temperature,26.15,2026-01-16 07:00:00
15657,340,soil_moisture,31.35,2025-12-26 10:00:00
15658,4,soil_moisture,26.01,2026-04-13 07:00:00
15659,45,humidity,41.75,2026-02-09 04:00:00
15660,331,soil_moisture,34.54,2026-04-11 00:00:00
15661,113,rainfall,0.0,2025-07-27 14:00:00
15662,210,humidity,62.79,2025-11-05 19:00:00
15663,212,rainfall,30.03,2025-11-16 14:00:00
15664,233,soil_moisture,33.16,2025-12-14 22:00:00
15665,362,soil_moisture,23.38,2026-04-17 12:00:00
15666,446,rainfall,46.18,2026-04-21 08:00:00
15667,46,soil_moisture,31.42,2025-09-20 06:00:00
15668,227,humidity,63.15,2025-10-17 02:00:00
15669,133,humidity,63.29,2025-07-03 05:00:00
15670,447,humidity,55.82,2025-09-18 17:00:00
15671,32,soil_moisture,37.19,2025-07-28 13:00:00
15672,211,soil_moisture,20.03,2026-02-03 10:00:00
15673,16,humidity,73.57,2025-08-18 04:00:00
15674,157,rainfall,42.21,2026-01-20 21:00:00
15675,7,soil_moisture,42.13,2025-12-15 10:00:00
15676,322,soil_moisture,22.77,2026-01-17 02:00:00
15677,47,rainfall,0.0,2025-10-05 20:00:00
15678,1,temperature,30.06,2026-02-28 05:00:00
15679,66,rainfall,0.0,2026-01-06 05:00:00
15680,165,temperature,26.22,2025-07-01 04:00:00
15681,268,soil_moisture,39.95,2025-12-24 21:00:00
15682,428,humidity,41.89,2026-01-30 12:00:00
15683,73,soil_moisture,34.26,2025-10-08 04:00:00
15684,233,humidity,51.52,2025-12-15 09:00:00
15685,94,rainfall,0.0,2025-09-28 02:00:00
15686,204,soil_moisture,39.1,2025-08-25 05:00:00
15687,310,humidity,64.8,2025-12-22 22:00:00
15688,6,rainfall,0.0,2025-08-11 17:00:00
15689,115,temperature,31.19,2025-10-26 02:00:00
15690,382,soil_moisture,46.3,2025-07-31 04:00:00
15691,186,rainfall,0.0,2026-01-27 14:00:00
15692,73,temperature,36.42,2025-10-09 07:00:00
15693,238,soil_moisture,38.32,2025-11-25 17:00:00
15694,368,rainfall,0.0,2026-03-04 16:00:00
15695,91,humidity,65.7,2026-02-22 19:00:00
15696,97,temperature,30.53,2026-02-15 06:00:00
15697,382,humidity,50.28,2025-07-31 03:00:00
15698,327,rainfall,0.0,2025-07-29 17:00:00
15699,123,humidity,62.98,2025-11-18 05:00:00
15700,196,soil_moisture,42.48,2026-02-15 18:00:00
15701,142,temperature,30.88,2025-11-16 08:00:00
15702,48,rainfall,0.0,2026-01-01 00:00:00
15703,330,rainfall,55.01,2025-10-01 10:00:00
15704,61,rainfall,34.58,2026-02-07 02:00:00
15705,343,soil_moisture,42.38,2026-01-13 22:00:00
15706,306,humidity,79.21,2025-12-29 17:00:00
15707,305,humidity,43.57,2025-06-28 12:00:00
15708,341,rainfall,0.0,2025-11-25 20:00:00
15709,235,rainfall,0.0,2026-03-31 11:00:00
15710,29,rainfall,0.0,2026-01-18 20:00:00
15711,386,rainfall,0.0,2026-04-06 06:00:00
15712,29,rainfall,0.0,2026-01-20 05:00:00
15713,294,soil_moisture,26.11,2026-01-03 01:00:00
15714,440,soil_moisture,45.24,2025-07-09 12:00:00
15715,46,temperature,32.87,2025-09-20 11:00:00
15716,421,soil_moisture,33.1,2025-07-13 02:00:00
15717,219,humidity,75.93,2025-11-19 14:00:00
15718,437,humidity,58.47,2025-10-04 13:00:00
15719,285,temperature,27.37,2025-09-06 19:00:00
15720,425,humidity,56.25,2025-09-09 05:00:00
15721,97,rainfall,0.0,2026-02-14 09:00:00
15722,401,temperature,26.9,2025-12-10 10:00:00
15723,290,soil_moisture,25.25,2026-02-25 10:00:00
15724,343,temperature,18.6,2026-01-13 13:00:00
15725,331,humidity,53.47,2026-04-10 05:00:00
15726,292,soil_moisture,40.46,2025-09-25 19:00:00
15727,44,temperature,30.14,2025-10-08 20:00:00
15728,115,soil_moisture,31.83,2025-10-26 06:00:00
15729,136,humidity,63.23,2025-11-11 08:00:00
15730,185,soil_moisture,32.08,2026-03-05 04:00:00
15731,212,humidity,50.36,2025-11-16 22:00:00
15732,163,soil_moisture,45.76,2025-07-05 04:00:00
15733,331,rainfall,0.0,2026-04-11 02:00:00
15734,240,humidity,67.47,2026-04-21 11:00:00
15735,167,humidity,70.17,2025-12-23 03:00:00
15736,424,soil_moisture,28.58,2026-01-06 22:00:00
15737,326,soil_moisture,21.32,2026-03-27 23:00:00
15738,233,soil_moisture,31.13,2025-12-14 13:00:00
15739,17,soil_moisture,26.52,2025-07-19 04:00:00
15740,296,temperature,35.44,2025-08-21 21:00:00
15741,122,soil_moisture,39.63,2025-12-21 10:00:00
15742,48,rainfall,500.0,2025-12-30 13:00:00
15743,191,soil_moisture,34.43,2026-04-06 11:00:00
15744,223,soil_moisture,28.91,2025-12-15 15:00:00
15745,4,soil_moisture,25.07,2026-04-12 15:00:00
15746,391,soil_moisture,39.18,2025-06-27 16:00:00
15747,140,temperature,26.93,2025-09-13 06:00:00
15748,168,humidity,57.04,2026-03-28 13:00:00
15749,295,rainfall,0.0,2026-04-12 06:00:00
15750,65,soil_moisture,40.28,2025-07-10 01:00:00
15751,370,soil_moisture,32.95,2025-07-09 09:00:00
15752,370,rainfall,0.0,2025-07-09 01:00:00
15753,53,rainfall,0.0,2026-03-02 01:00:00
15754,13,humidity,72.23,2025-11-02 18:00:00
15755,303,humidity,56.96,2025-08-22 22:00:00
15756,136,temperature,32.74,2025-11-11 01:00:00
15757,154,temperature,27.09,2025-08-21 14:00:00
15758,44,rainfall,50.53,2025-10-06 22:00:00
15759,240,temperature,24.59,2026-04-23 00:00:00
15760,255,humidity,50.52,2025-11-02 13:00:00
15761,440,temperature,31.81,2025-07-08 17:00:00
15762,13,rainfall,31.36,2025-11-02 13:00:00
15763,53,soil_moisture,24.01,2026-03-04 07:00:00
15764,272,temperature,28.25,2025-12-04 10:00:00
15765,73,humidity,69.07,2025-10-07 17:00:00
15766,331,humidity,43.2,2026-04-10 04:00:00
15767,49,soil_moisture,30.08,2025-10-01 00:00:00
15768,24,humidity,53.98,2026-03-04 20:00:00
15769,226,temperature,28.45,2026-04-23 10:00:00
15770,123,humidity,67.26,2025-11-16 23:00:00
15771,125,humidity,54.14,2025-11-21 07:00:00
15772,114,humidity,48.32,2026-04-20 18:00:00
15773,9,humidity,51.98,2025-09-19 01:00:00
15774,151,temperature,29.21,2026-03-17 18:00:00
15775,205,rainfall,47.09,2025-12-25 20:00:00
15776,193,temperature,26.47,2026-03-19 15:00:00
15777,356,rainfall,44.61,2025-12-14 20:00:00
15778,296,temperature,37.41,2025-08-20 18:00:00
15779,324,rainfall,0.0,2026-01-25 12:00:00
15780,90,rainfall,0.0,2025-08-19 23:00:00
15781,403,rainfall,0.0,2025-11-05 05:00:00
15782,306,temperature,34.87,2025-12-30 14:00:00
15783,136,temperature,32.04,2025-11-12 09:00:00
15784,342,rainfall,0.0,2026-03-28 07:00:00
15785,442,rainfall,0.0,2025-10-14 06:00:00
15786,335,temperature,25.79,2025-09-04 05:00:00
15787,49,temperature,23.5,2025-09-30 19:00:00
15788,190,soil_moisture,40.88,2026-02-10 06:00:00
15789,44,humidity,48.21,2025-10-07 22:00:00
15790,368,temperature,21.6,2026-03-06 05:00:00
15791,89,rainfall,0.0,2026-02-27 18:00:00
15792,204,soil_moisture,39.97,2025-08-24 16:00:00
15793,36,soil_moisture,25.35,2026-03-20 09:00:00
15794,283,soil_moisture,45.09,2026-02-22 12:00:00
15795,413,soil_moisture,39.71,2026-01-13 06:00:00
15796,343,rainfall,0.0,2026-01-14 03:00:00
15797,389,soil_moisture,32.6,2026-03-17 15:00:00
15798,160,rainfall,0.0,2026-04-14 06:00:00
15799,371,rainfall,0.0,2026-03-31 15:00:00
15800,447,rainfall,0.0,2025-09-21 00:00:00
15801,44,humidity,54.97,2025-10-07 08:00:00
15802,117,temperature,24.17,2025-08-22 19:00:00
15803,436,temperature,29.1,2026-02-11 13:00:00
15804,103,humidity,48.63,2026-01-08 16:00:00
15805,78,rainfall,0.0,2025-09-26 09:00:00
15806,146,rainfall,0.0,2025-08-15 23:00:00
15807,73,soil_moisture,26.96,2025-10-08 09:00:00
15808,94,soil_moisture,31.95,2025-09-28 01:00:00
15809,324,soil_moisture,24.66,2026-01-26 01:00:00
15810,389,soil_moisture,30.07,2026-03-16 10:00:00
15811,190,humidity,34.61,2026-02-10 17:00:00
15812,45,soil_moisture,27.7,2026-02-08 04:00:00
15813,437,humidity,64.33,2025-10-03 10:00:00
15814,371,rainfall,0.0,2026-03-30 19:00:00
15815,165,rainfall,0.0,2025-07-01 00:00:00
15816,448,temperature,25.35,2025-12-14 10:00:00
15817,76,humidity,76.35,2026-04-15 16:00:00
15818,60,soil_moisture,24.0,2026-03-06 09:00:00
15819,10,soil_moisture,38.69,2026-03-29 11:00:00
15820,215,soil_moisture,39.17,2026-03-14 17:00:00
15821,90,soil_moisture,44.6,2025-08-19 11:00:00
15822,7,soil_moisture,37.6,2025-12-15 23:00:00
15823,331,temperature,25.01,2026-04-09 16:00:00
15824,255,humidity,53.65,2025-11-04 13:00:00
15825,211,temperature,21.6,2026-02-03 22:00:00
15826,137,humidity,45.41,2026-03-12 11:00:00
15827,94,temperature,28.62,2025-09-29 14:00:00
15828,240,humidity,55.36,2026-04-22 22:00:00
15829,43,soil_moisture,38.66,2025-09-14 09:00:00
15830,292,soil_moisture,40.61,2025-09-25 12:00:00
15831,367,humidity,59.02,2025-11-22 19:00:00
15832,368,soil_moisture,28.36,2026-03-04 16:00:00
15833,82,temperature,31.7,2026-02-21 08:00:00
15834,90,temperature,31.75,2025-08-20 06:00:00
15835,114,humidity,43.91,2026-04-20 03:00:00
15836,226,humidity,48.05,2026-04-22 19:00:00
15837,66,humidity,49.97,2026-01-06 07:00:00
15838,424,soil_moisture,28.86,2026-01-05 19:00:00
15839,288,humidity,65.74,2025-07-07 09:00:00
15840,6,humidity,59.09,2025-08-12 15:00:00
15841,36,soil_moisture,28.46,2026-03-20 10:00:00
15842,418,soil_moisture,37.5,2025-09-06 23:00:00
15843,50,temperature,20.5,2026-03-09 10:00:00
15844,229,rainfall,0.0,2025-11-12 15:00:00
15845,326,temperature,18.64,2026-03-27 22:00:00
15846,185,humidity,53.98,2026-03-04 23:00:00
15847,204,rainfall,0.0,2025-08-23 16:00:00
15848,436,humidity,73.84,2026-02-11 16:00:00
15849,126,rainfall,0.0,2025-08-17 06:00:00
15850,331,humidity,42.91,2026-04-10 11:00:00
15851,321,soil_moisture,30.89,2025-09-11 01:00:00
15852,403,temperature,31.49,2025-11-05 03:00:00
15853,331,humidity,45.13,2026-04-09 21:00:00
15854,133,temperature,20.17,2025-07-03 09:00:00
15855,185,rainfall,0.0,2026-03-04 23:00:00
15856,114,humidity,49.49,2026-04-19 06:00:00
15857,367,soil_moisture,37.06,2025-11-22 00:00:00
15858,382,rainfall,0.0,2025-07-31 08:00:00
15859,311,rainfall,0.0,2025-10-07 18:00:00
15860,371,temperature,29.04,2026-03-30 10:00:00
15861,134,temperature,30.26,2026-01-06 12:00:00
15862,376,humidity,52.42,2025-09-15 00:00:00
15863,170,humidity,41.9,2025-07-03 10:00:00
15864,105,soil_moisture,37.16,2026-01-28 08:00:00
15865,305,soil_moisture,45.34,2025-06-27 01:00:00
15866,16,humidity,67.41,2025-08-18 01:00:00
15867,449,humidity,73.32,2025-09-17 02:00:00
15868,70,temperature,29.65,2025-12-09 06:00:00
15869,215,temperature,20.76,2026-03-14 08:00:00
15870,391,temperature,25.58,2025-06-26 14:00:00
15871,448,humidity,66.63,2025-12-13 03:00:00
15872,105,temperature,23.74,2026-01-27 09:00:00
15873,238,rainfall,0.0,2025-11-25 13:00:00
15874,61,humidity,43.67,2026-02-06 13:00:00
15875,159,temperature,31.81,2025-09-20 20:00:00
15876,371,humidity,60.18,2026-03-31 05:00:00
15877,368,temperature,24.46,2026-03-04 14:00:00
15878,76,rainfall,28.49,2026-04-16 02:00:00
15879,201,soil_moisture,22.14,2026-04-01 11:00:00
15880,122,temperature,25.41,2025-12-22 08:00:00
15881,321,rainfall,0.0,2025-09-11 11:00:00
15882,290,humidity,51.1,2026-02-26 15:00:00
15883,211,soil_moisture,24.59,2026-02-02 17:00:00
15884,368,soil_moisture,28.98,2026-03-06 09:00:00
15885,323,temperature,26.57,2025-07-26 14:00:00
15886,1,soil_moisture,36.55,2026-03-01 10:00:00
15887,90,soil_moisture,39.18,2025-08-20 21:00:00
15888,324,humidity,67.94,2026-01-25 23:00:00
15889,381,temperature,40.22,2025-10-24 13:00:00
15890,442,rainfall,28.97,2025-10-14 23:00:00
15891,5,temperature,38.55,2026-04-07 14:00:00
15892,166,soil_moisture,30.45,2025-11-30 05:00:00
15893,171,humidity,39.79,2026-01-15 06:00:00
15894,287,rainfall,0.0,2026-04-03 21:00:00
15895,91,rainfall,34.39,2026-02-22 02:00:00
15896,401,temperature,28.77,2025-12-09 03:00:00
15897,113,soil_moisture,35.66,2025-07-28 10:00:00
15898,425,temperature,37.05,2025-09-09 16:00:00
15899,13,soil_moisture,35.86,2025-11-03 15:00:00
15900,362,temperature,22.32,2026-04-17 07:00:00
15901,368,soil_moisture,23.46,2026-03-04 23:00:00
15902,294,soil_moisture,29.59,2026-01-03 03:00:00
15903,318,rainfall,0.0,2026-04-04 07:00:00
15904,364,temperature,38.13,2025-12-21 10:00:00
15905,168,temperature,20.82,2026-03-27 21:00:00
15906,425,humidity,61.57,2025-09-08 17:00:00
15907,165,temperature,22.5,2025-07-02 10:00:00
15908,115,soil_moisture,37.43,2025-10-26 22:00:00
15909,257,soil_moisture,19.65,2025-07-04 09:00:00
15910,257,soil_moisture,23.39,2025-07-05 11:00:00
15911,421,temperature,24.62,2025-07-11 22:00:00
15912,377,temperature,33.33,2025-07-11 09:00:00
15913,184,soil_moisture,27.63,2026-01-06 05:00:00
15914,60,temperature,29.14,2026-03-07 14:00:00
15915,186,temperature,29.93,2026-01-28 11:00:00
15916,273,rainfall,0.0,2026-01-07 23:00:00
15917,382,soil_moisture,44.01,2025-07-30 21:00:00
15918,235,soil_moisture,38.57,2026-03-30 09:00:00
15919,351,rainfall,0.0,2026-02-12 04:00:00
15920,30,humidity,46.84,2025-08-20 04:00:00
15921,148,soil_moisture,48.97,2025-12-02 15:00:00
15922,5,soil_moisture,19.69,2026-04-08 19:00:00
15923,32,soil_moisture,39.14,2025-07-26 08:00:00
15924,308,rainfall,34.45,2025-12-27 05:00:00
15925,59,rainfall,0.0,2025-12-08 13:00:00
15926,321,soil_moisture,25.42,2025-09-10 22:00:00
15927,370,humidity,58.35,2025-07-08 01:00:00
15928,117,humidity,43.02,2025-08-21 08:00:00
15929,223,rainfall,0.0,2025-12-14 10:00:00
15930,300,temperature,23.9,2025-10-26 05:00:00
15931,303,soil_moisture,28.54,2025-08-21 23:00:00
15932,147,soil_moisture,28.89,2026-03-08 05:00:00
15933,137,rainfall,0.0,2026-03-14 01:00:00
15934,30,soil_moisture,38.14,2025-08-20 15:00:00
15935,292,temperature,-99.0,2025-09-24 13:00:00
15936,180,temperature,25.14,2025-12-25 10:00:00
15937,220,humidity,41.6,2026-01-29 10:00:00
15938,310,temperature,26.2,2025-12-23 13:00:00
15939,18,soil_moisture,28.41,2026-03-15 17:00:00
15940,94,soil_moisture,32.94,2025-09-28 11:00:00
15941,272,soil_moisture,38.24,2025-12-02 21:00:00
15942,285,humidity,48.57,2025-09-06 06:00:00
15943,290,humidity,45.73,2026-02-27 02:00:00
15944,73,humidity,70.75,2025-10-08 15:00:00
15945,442,humidity,44.87,2025-10-15 10:00:00
15946,10,humidity,39.48,2026-03-28 15:00:00
15947,294,soil_moisture,21.2,2026-01-04 12:00:00
15948,193,humidity,56.45,2026-03-19 04:00:00
15949,376,rainfall,49.24,2025-09-14 00:00:00
15950,59,soil_moisture,45.53,2025-12-09 19:00:00
15951,46,soil_moisture,30.58,2025-09-19 03:00:00
15952,71,soil_moisture,43.05,2025-10-01 16:00:00
15953,223,rainfall,62.52,2025-12-14 02:00:00
15954,442,temperature,35.53,2025-10-14 05:00:00
15955,343,humidity,50.93,2026-01-13 12:00:00
15956,294,soil_moisture,25.09,2026-01-05 16:00:00
15957,293,rainfall,0.0,2026-02-09 19:00:00
15958,70,temperature,28.3,2025-12-09 01:00:00
15959,46,rainfall,0.0,2025-09-19 05:00:00
15960,427,temperature,34.45,2025-07-09 16:00:00
15961,43,rainfall,0.0,2025-09-13 19:00:00
15962,282,temperature,29.98,2026-01-09 05:00:00
15963,148,humidity,62.82,2025-12-02 16:00:00
15964,233,rainfall,0.0,2025-12-16 02:00:00
15965,323,humidity,58.73,2025-07-25 06:00:00
15966,418,soil_moisture,46.4,2025-09-06 17:00:00
15967,425,humidity,67.96,2025-09-08 11:00:00
15968,342,humidity,66.42,2026-03-28 13:00:00
15969,76,humidity,65.4,2026-04-16 03:00:00
15970,167,humidity,64.07,2025-12-24 06:00:00
15971,324,temperature,23.39,2026-01-25 20:00:00
15972,53,soil_moisture,25.71,2026-03-03 12:00:00
15973,421,humidity,45.58,2025-07-11 14:00:00
15974,59,soil_moisture,48.17,2025-12-09 16:00:00
15975,77,temperature,20.46,2026-03-26 04:00:00
15976,32,soil_moisture,34.33,2025-07-26 02:00:00
15977,9,rainfall,0.0,2025-09-20 13:00:00
15978,201,temperature,32.15,2026-03-31 07:00:00
15979,91,soil_moisture,45.47,2026-02-24 14:00:00
15980,204,soil_moisture,31.51,2025-08-24 14:00:00
15981,385,rainfall,0.0,2026-03-23 23:00:00
15982,444,rainfall,0.0,2025-12-11 03:00:00
15983,157,soil_moisture,32.16,2026-01-20 08:00:00
15984,402,temperature,35.17,2026-03-29 22:00:00
15985,212,humidity,55.8,2025-11-16 16:00:00
15986,115,soil_moisture,34.93,2025-10-25 05:00:00
15987,133,rainfall,0.0,2025-07-03 12:00:00
15988,210,humidity,67.7,2025-11-05 05:00:00
15989,436,temperature,29.1,2026-02-11 13:00:00
15990,371,temperature,28.76,2026-03-30 19:00:00
15991,222,humidity,72.92,2025-10-15 10:00:00
15992,238,temperature,25.62,2025-11-25 12:00:00
15993,184,rainfall,32.88,2026-01-07 00:00:00
15994,50,rainfall,27.69,2026-03-10 16:00:00
15995,427,soil_moisture,28.77,2025-07-10 04:00:00
15996,403,humidity,59.12,2025-11-06 00:00:00
15997,36,humidity,47.43,2026-03-18 16:00:00
15998,229,humidity,63.39,2025-11-12 00:00:00
15999,136,soil_moisture,29.34,2025-11-12 05:00:00
16000,47,temperature,32.63,2025-10-04 18:00:00
16001,53,rainfall,40.31,2026-03-03 00:00:00
16002,436,humidity,67.72,2026-02-12 05:00:00
16003,296,humidity,59.53,2025-08-20 22:00:00
16004,186,temperature,26.85,2026-01-28 17:00:00
16005,89,temperature,32.18,2026-02-26 11:00:00
16006,167,soil_moisture,43.29,2025-12-24 00:00:00
16007,305,temperature,24.16,2025-06-27 00:00:00
16008,178,rainfall,48.23,2025-12-17 05:00:00
16009,377,humidity,32.83,2025-07-12 10:00:00
16010,356,temperature,34.08,2025-12-12 20:00:00
16011,114,humidity,44.72,2026-04-19 19:00:00
16012,381,humidity,53.16,2025-10-25 18:00:00
16013,351,temperature,22.89,2026-02-13 16:00:00
16014,212,temperature,29.97,2025-11-18 10:00:00
16015,71,temperature,34.7,2025-10-01 02:00:00
16016,362,temperature,22.35,2026-04-18 10:00:00
16017,238,soil_moisture,30.55,2025-11-25 07:00:00
16018,167,soil_moisture,41.61,2025-12-24 05:00:00
16019,421,soil_moisture,29.28,2025-07-11 11:00:00
16020,368,rainfall,51.32,2026-03-05 15:00:00
16021,330,temperature,35.54,2025-10-03 01:00:00
16022,70,soil_moisture,28.99,2025-12-10 09:00:00
16023,431,temperature,26.77,2025-07-02 03:00:00
16024,309,humidity,46.86,2026-04-07 17:00:00
16025,293,soil_moisture,34.29,2026-02-09 12:00:00
16026,351,temperature,22.33,2026-02-12 14:00:00
16027,260,rainfall,0.0,2025-09-21 04:00:00
16028,322,temperature,25.31,2026-01-16 20:00:00
16029,163,temperature,24.86,2025-07-03 13:00:00
16030,125,soil_moisture,38.54,2025-11-21 02:00:00
16031,440,rainfall,0.0,2025-07-09 11:00:00
16032,368,soil_moisture,20.87,2026-03-06 18:00:00
16033,90,rainfall,29.48,2025-08-20 12:00:00
16034,255,rainfall,0.0,2025-11-02 14:00:00
16035,403,rainfall,0.0,2025-11-05 04:00:00
16036,411,temperature,27.32,2025-08-23 08:00:00
16037,168,rainfall,0.0,2026-03-28 05:00:00
16038,29,humidity,49.09,2026-01-18 18:00:00
16039,370,humidity,51.18,2025-07-08 23:00:00
16040,368,soil_moisture,20.27,2026-03-04 22:00:00
16041,177,temperature,17.24,2026-03-12 21:00:00
16042,9,rainfall,0.0,2025-09-20 16:00:00
16043,384,temperature,24.51,2025-08-17 22:00:00
16044,322,rainfall,0.0,2026-01-17 07:00:00
16045,364,soil_moisture,35.63,2025-12-22 03:00:00
16046,343,humidity,57.48,2026-01-12 04:00:00
16047,335,rainfall,59.92,2025-09-03 04:00:00
16048,180,soil_moisture,40.9,2025-12-24 03:00:00
16049,18,humidity,48.98,2026-03-17 03:00:00
16050,211,soil_moisture,21.53,2026-02-03 19:00:00
16051,4,temperature,29.82,2026-04-13 03:00:00
16052,310,rainfall,30.75,2025-12-22 18:00:00
16053,292,rainfall,54.31,2025-09-25 06:00:00
16054,318,humidity,37.42,2026-04-06 09:00:00
16055,160,temperature,29.07,2026-04-16 06:00:00
16056,354,soil_moisture,28.4,2026-03-07 09:00:00
16057,298,temperature,28.62,2025-09-13 05:00:00
16058,431,rainfall,0.0,2025-07-02 16:00:00
16059,353,rainfall,0.0,2026-03-18 16:00:00
16060,115,soil_moisture,33.93,2025-10-25 21:00:00
16061,364,humidity,64.24,2025-12-21 10:00:00
16062,288,soil_moisture,30.89,2025-07-06 17:00:00
16063,186,temperature,25.13,2026-01-28 10:00:00
16064,115,temperature,31.91,2025-10-26 00:00:00
16065,364,humidity,63.49,2025-12-20 13:00:00
16066,260,soil_moisture,35.39,2025-09-23 04:00:00
16067,159,temperature,26.64,2025-09-20 06:00:00
16068,7,soil_moisture,42.31,2025-12-17 04:00:00
16069,382,humidity,51.22,2025-07-30 01:00:00
16070,24,humidity,52.51,2026-03-05 17:00:00
16071,424,humidity,35.62,2026-01-06 17:00:00
16072,229,humidity,52.5,2025-11-12 11:00:00
16073,48,soil_moisture,44.13,2025-12-31 19:00:00
16074,326,rainfall,0.0,2026-03-26 18:00:00
16075,321,temperature,26.08,2025-09-10 16:00:00
16076,99,humidity,43.88,2025-10-08 21:00:00
16077,296,temperature,31.53,2025-08-21 14:00:00
16078,61,temperature,27.42,2026-02-07 01:00:00
16079,364,temperature,35.54,2025-12-21 22:00:00
16080,446,rainfall,0.0,2026-04-20 06:00:00
16081,129,rainfall,0.0,2026-04-19 05:00:00
16082,370,humidity,45.74,2025-07-08 15:00:00
16083,310,temperature,25.93,2025-12-23 00:00:00
16084,77,temperature,24.49,2026-03-26 01:00:00
16085,235,rainfall,32.94,2026-03-30 21:00:00
16086,76,soil_moisture,31.31,2026-04-15 20:00:00
16087,324,soil_moisture,26.48,2026-01-27 13:00:00
16088,17,temperature,29.15,2025-07-19 12:00:00
16089,356,temperature,30.65,2025-12-13 14:00:00
16090,396,soil_moisture,34.39,2025-07-05 15:00:00
16091,114,humidity,42.98,2026-04-20 11:00:00
16092,223,soil_moisture,25.09,2025-12-13 01:00:00
16093,129,temperature,35.26,2026-04-20 20:00:00
16094,342,temperature,23.39,2026-03-29 12:00:00
16095,226,humidity,49.82,2026-04-22 13:00:00
16096,335,rainfall,0.0,2025-09-03 23:00:00
16097,238,rainfall,0.0,2025-11-24 17:00:00
16098,143,humidity,55.83,2025-08-10 15:00:00
16099,272,rainfall,0.0,2025-12-02 07:00:00
16100,215,temperature,19.72,2026-03-15 04:00:00
16101,167,rainfall,44.94,2025-12-23 18:00:00
16102,277,soil_moisture,34.45,2025-09-11 10:00:00
16103,282,soil_moisture,38.91,2026-01-10 01:00:00
16104,215,rainfall,21.16,2026-03-15 16:00:00
16105,60,temperature,29.96,2026-03-05 07:00:00
16106,303,soil_moisture,33.39,2025-08-21 01:00:00
16107,362,temperature,25.09,2026-04-18 08:00:00
16108,4,humidity,53.09,2026-04-11 08:00:00
16109,341,rainfall,0.0,2025-11-24 13:00:00
16110,78,humidity,56.32,2025-09-25 18:00:00
16111,330,humidity,67.09,2025-10-02 03:00:00
16112,233,temperature,24.66,2025-12-14 16:00:00
16113,440,soil_moisture,47.38,2025-07-08 08:00:00
16114,205,rainfall,0.0,2025-12-24 03:00:00
16115,413,humidity,48.08,2026-01-12 01:00:00
16116,288,humidity,71.97,2025-07-07 06:00:00
16117,24,humidity,45.87,2026-03-05 20:00:00
16118,1,humidity,59.1,2026-03-01 15:00:00
16119,376,rainfall,0.0,2025-09-14 14:00:00
16120,356,temperature,31.13,2025-12-13 08:00:00
16121,185,humidity,60.14,2026-03-04 03:00:00
16122,401,soil_moisture,30.19,2025-12-10 11:00:00
16123,212,rainfall,0.0,2025-11-16 02:00:00
16124,208,humidity,53.73,2026-01-15 17:00:00
16125,196,humidity,60.95,2026-02-16 15:00:00
16126,60,humidity,47.84,2026-03-07 01:00:00
16127,229,rainfall,0.0,2025-11-12 06:00:00
16128,425,soil_moisture,30.5,2025-09-08 05:00:00
16129,446,temperature,27.04,2026-04-21 11:00:00
16130,73,rainfall,50.42,2025-10-09 16:00:00
16131,260,soil_moisture,27.24,2025-09-21 01:00:00
16132,137,temperature,21.17,2026-03-13 18:00:00
16133,385,soil_moisture,28.63,2026-03-23 09:00:00
16134,76,humidity,62.05,2026-04-15 21:00:00
16135,386,humidity,73.51,2026-04-04 13:00:00
16136,343,humidity,64.84,2026-01-12 13:00:00
16137,391,temperature,25.29,2025-06-28 04:00:00
16138,13,rainfall,0.0,2025-11-01 23:00:00
16139,47,temperature,27.12,2025-10-04 17:00:00
16140,32,temperature,29.52,2025-07-28 12:00:00
16141,227,temperature,36.07,2025-10-17 14:00:00
16142,143,soil_moisture,38.28,2025-08-11 05:00:00
16143,330,temperature,33.16,2025-10-01 05:00:00
16144,436,humidity,73.69,2026-02-12 06:00:00
16145,342,soil_moisture,35.02,2026-03-29 15:00:00
16146,321,soil_moisture,25.97,2025-09-10 04:00:00
16147,76,rainfall,0.0,2026-04-15 08:00:00
16148,48,temperature,30.78,2025-12-30 20:00:00
16149,13,soil_moisture,34.22,2025-11-02 12:00:00
16150,391,soil_moisture,43.01,2025-06-26 23:00:00
16151,391,rainfall,31.15,2025-06-27 07:00:00
16152,424,soil_moisture,33.89,2026-01-06 23:00:00
16153,160,soil_moisture,39.51,2026-04-15 18:00:00
16154,94,temperature,29.17,2025-09-28 17:00:00
16155,351,temperature,24.13,2026-02-12 05:00:00
16156,372,temperature,33.48,2025-10-29 08:00:00
16157,190,rainfall,0.0,2026-02-09 13:00:00
16158,169,rainfall,0.0,2026-03-22 15:00:00
16159,389,rainfall,38.29,2026-03-16 06:00:00
16160,255,rainfall,0.0,2025-11-02 16:00:00
16161,376,soil_moisture,42.19,2025-09-13 09:00:00
16162,170,temperature,30.5,2025-07-05 12:00:00
16163,123,soil_moisture,34.51,2025-11-15 09:00:00
16164,72,soil_moisture,40.09,2025-08-19 15:00:00
16165,220,temperature,25.95,2026-01-29 08:00:00
16166,196,temperature,24.15,2026-02-17 02:00:00
16167,311,rainfall,0.0,2025-10-07 03:00:00
16168,114,temperature,19.93,2026-04-21 07:00:00
16169,322,rainfall,0.0,2026-01-18 15:00:00
16170,201,soil_moisture,29.18,2026-03-31 13:00:00
16171,91,temperature,23.16,2026-02-23 11:00:00
16172,82,soil_moisture,36.51,2026-02-20 03:00:00
16173,287,temperature,22.04,2026-04-03 23:00:00
16174,30,humidity,53.89,2025-08-21 07:00:00
16175,66,rainfall,25.41,2026-01-06 18:00:00
16176,43,rainfall,0.0,2025-09-14 04:00:00
16177,70,rainfall,0.0,2025-12-10 04:00:00
16178,212,temperature,30.43,2025-11-17 20:00:00
16179,285,rainfall,0.0,2025-09-06 13:00:00
16180,74,temperature,25.04,2025-10-22 16:00:00
16181,255,temperature,26.02,2025-11-04 20:00:00
16182,142,humidity,70.07,2025-11-16 02:00:00
16183,44,rainfall,53.19,2025-10-06 15:00:00
16184,169,temperature,25.8,2026-03-24 03:00:00
16185,290,rainfall,51.34,2026-02-27 06:00:00
16186,343,temperature,28.01,2026-01-12 20:00:00
16187,177,soil_moisture,26.07,2026-03-12 11:00:00
16188,61,temperature,23.81,2026-02-07 00:00:00
16189,413,soil_moisture,46.59,2026-01-14 12:00:00
16190,285,temperature,32.85,2025-09-06 01:00:00
16191,327,soil_moisture,40.68,2025-07-29 11:00:00
16192,168,rainfall,33.81,2026-03-27 07:00:00
16193,129,humidity,39.71,2026-04-19 23:00:00
16194,99,rainfall,36.85,2025-10-09 01:00:00
16195,233,humidity,54.94,2025-12-14 10:00:00
16196,193,rainfall,26.29,2026-03-19 19:00:00
16197,277,soil_moisture,28.24,2025-09-11 15:00:00
16198,326,humidity,48.24,2026-03-27 15:00:00
16199,293,soil_moisture,37.82,2026-02-08 14:00:00
16200,122,temperature,28.25,2025-12-21 12:00:00
16201,180,humidity,67.54,2025-12-26 22:00:00
16202,78,temperature,30.55,2025-09-26 06:00:00
16203,82,humidity,46.37,2026-02-20 23:00:00
16204,419,humidity,56.08,2025-09-24 01:00:00
16205,295,rainfall,0.0,2026-04-10 16:00:00
16206,46,humidity,73.86,2025-09-20 07:00:00
16207,351,rainfall,0.0,2026-02-12 22:00:00
16208,448,humidity,80.64,2025-12-14 20:00:00
16209,16,rainfall,0.0,2025-08-18 03:00:00
16210,151,temperature,23.83,2026-03-16 14:00:00
16211,1,humidity,62.61,2026-03-01 05:00:00
16212,50,rainfall,0.0,2026-03-09 04:00:00
16213,167,temperature,36.25,2025-12-25 06:00:00
16214,362,soil_moisture,27.87,2026-04-18 10:00:00
16215,16,soil_moisture,51.11,2025-08-18 01:00:00
16216,411,humidity,66.65,2025-08-23 05:00:00
16217,18,humidity,50.01,2026-03-15 18:00:00
16218,71,temperature,31.07,2025-10-03 04:00:00
16219,122,temperature,24.75,2025-12-23 06:00:00
16220,372,soil_moisture,37.82,2025-10-29 01:00:00
16221,151,humidity,60.33,2026-03-17 12:00:00
16222,159,soil_moisture,30.6,2025-09-19 11:00:00
16223,186,rainfall,0.0,2026-01-27 05:00:00
16224,193,soil_moisture,41.46,2026-03-19 20:00:00
16225,419,rainfall,0.0,2025-09-24 03:00:00
16226,255,temperature,28.25,2025-11-03 16:00:00
16227,117,humidity,43.47,2025-08-21 14:00:00
16228,180,soil_moisture,33.1,2025-12-24 10:00:00
16229,298,temperature,26.12,2025-09-12 07:00:00
16230,402,soil_moisture,22.49,2026-03-28 03:00:00
16231,346,humidity,64.24,2025-09-24 14:00:00
16232,411,rainfall,58.21,2025-08-24 00:00:00
16233,421,temperature,25.69,2025-07-11 10:00:00
16234,76,temperature,20.8,2026-04-15 16:00:00
16235,74,rainfall,0.0,2025-10-22 21:00:00
16236,71,soil_moisture,49.66,2025-10-01 03:00:00
16237,9,soil_moisture,39.07,2025-09-20 20:00:00
16238,413,temperature,27.8,2026-01-12 08:00:00
16239,384,humidity,53.05,2025-08-16 22:00:00
16240,238,temperature,30.06,2025-11-24 04:00:00
16241,300,temperature,24.71,2025-10-25 15:00:00
16242,47,temperature,30.98,2025-10-04 15:00:00
16243,103,rainfall,26.13,2026-01-08 10:00:00
16244,226,humidity,42.63,2026-04-22 23:00:00
16245,29,soil_moisture,21.04,2026-01-19 00:00:00
16246,128,rainfall,0.0,2025-07-10 03:00:00
16247,386,rainfall,48.05,2026-04-05 20:00:00
16248,368,soil_moisture,25.67,2026-03-06 15:00:00
16249,421,soil_moisture,26.7,2025-07-12 11:00:00
16250,351,rainfall,19.8,2026-02-13 03:00:00
16251,440,rainfall,0.0,2025-07-08 12:00:00
16252,161,humidity,37.06,2026-01-06 22:00:00
16253,16,rainfall,0.0,2025-08-19 15:00:00
16254,140,soil_moisture,44.9,2025-09-12 14:00:00
16255,335,humidity,67.01,2025-09-04 14:00:00
16256,322,temperature,20.76,2026-01-18 08:00:00
16257,327,temperature,25.41,2025-07-29 21:00:00
16258,447,rainfall,46.91,2025-09-19 18:00:00
16259,18,temperature,28.45,2026-03-15 03:00:00
16260,260,humidity,67.13,2025-09-22 04:00:00
16261,368,temperature,21.72,2026-03-04 18:00:00
16262,168,soil_moisture,26.86,2026-03-28 18:00:00
16263,29,temperature,32.04,2026-01-18 12:00:00
16264,370,temperature,21.48,2025-07-08 09:00:00
16265,146,soil_moisture,46.87,2025-08-16 15:00:00
16266,166,rainfall,0.0,2025-11-29 09:00:00
16267,376,rainfall,0.0,2025-09-13 02:00:00
16268,30,soil_moisture,36.81,2025-08-20 12:00:00
16269,123,rainfall,55.57,2025-11-15 10:00:00
16270,428,rainfall,0.0,2026-01-30 19:00:00
16271,113,rainfall,51.06,2025-07-29 05:00:00
16272,45,rainfall,46.6,2026-02-09 16:00:00
16273,255,soil_moisture,46.82,2025-11-02 04:00:00
16274,385,soil_moisture,22.48,2026-03-23 03:00:00
16275,122,humidity,65.93,2025-12-21 23:00:00
16276,7,rainfall,59.56,2025-12-17 07:00:00
16277,322,soil_moisture,27.64,2026-01-16 18:00:00
16278,171,rainfall,22.16,2026-01-17 11:00:00
16279,77,rainfall,0.0,2026-03-26 05:00:00
16280,223,rainfall,56.22,2025-12-14 14:00:00
16281,354,temperature,30.74,2026-03-07 10:00:00
16282,147,temperature,30.08,2026-03-10 17:00:00
16283,160,soil_moisture,40.63,2026-04-15 11:00:00
16284,47,humidity,61.56,2025-10-04 04:00:00
16285,402,rainfall,0.0,2026-03-30 02:00:00
16286,437,rainfall,0.0,2025-10-05 09:00:00
16287,287,rainfall,0.0,2026-04-03 03:00:00
16288,298,temperature,28.24,2025-09-11 06:00:00
16289,163,temperature,20.35,2025-07-03 21:00:00
16290,235,temperature,32.98,2026-03-30 03:00:00
16291,220,temperature,26.22,2026-01-29 09:00:00
16292,208,soil_moisture,20.64,2026-01-17 04:00:00
16293,193,rainfall,30.66,2026-03-19 00:00:00
16294,223,soil_moisture,30.28,2025-12-15 06:00:00
16295,59,humidity,71.66,2025-12-08 23:00:00
16296,356,rainfall,0.0,2025-12-14 11:00:00
16297,372,soil_moisture,43.82,2025-10-29 19:00:00
16298,318,rainfall,0.0,2026-04-04 20:00:00
16299,444,humidity,58.34,2025-12-11 06:00:00
16300,268,soil_moisture,41.39,2025-12-24 03:00:00
16301,298,humidity,500.0,2025-09-13 06:00:00
16302,74,soil_moisture,42.72,2025-10-23 18:00:00
16303,448,humidity,73.17,2025-12-14 00:00:00
16304,282,soil_moisture,36.69,2026-01-09 06:00:00
16305,296,humidity,56.49,2025-08-21 02:00:00
16306,283,soil_moisture,41.73,2026-02-21 03:00:00
16307,171,humidity,47.29,2026-01-15 10:00:00
16308,184,temperature,31.6,2026-01-07 15:00:00
16309,371,humidity,54.84,2026-03-30 20:00:00
16310,151,temperature,27.78,2026-03-16 03:00:00
16311,16,temperature,22.95,2025-08-18 07:00:00
16312,331,humidity,51.62,2026-04-09 06:00:00
16313,178,rainfall,0.0,2025-12-15 14:00:00
16314,154,soil_moisture,35.43,2025-08-20 15:00:00
16315,306,temperature,34.36,2025-12-30 06:00:00
16316,134,rainfall,58.07,2026-01-06 17:00:00
16317,180,humidity,58.04,2025-12-25 15:00:00
16318,257,rainfall,0.0,2025-07-03 09:00:00
16319,5,soil_moisture,21.39,2026-04-09 03:00:00
16320,190,rainfall,0.0,2026-02-09 16:00:00
16321,9,rainfall,0.0,2025-09-19 11:00:00
16322,148,soil_moisture,52.12,2025-12-02 06:00:00
16323,72,soil_moisture,41.15,2025-08-20 03:00:00
16324,94,humidity,75.49,2025-09-28 18:00:00
16325,70,temperature,28.61,2025-12-10 04:00:00
16326,287,soil_moisture,45.35,2026-04-03 23:00:00
16327,50,soil_moisture,27.51,2026-03-09 04:00:00
16328,381,humidity,47.38,2025-10-24 21:00:00
16329,419,rainfall,32.49,2025-09-24 11:00:00
16330,306,humidity,75.91,2025-12-29 06:00:00
16331,125,humidity,51.06,2025-11-21 06:00:00
16332,60,soil_moisture,27.43,2026-03-06 08:00:00
16333,171,rainfall,0.0,2026-01-17 04:00:00
16334,437,humidity,63.55,2025-10-03 06:00:00
16335,227,soil_moisture,51.94,2025-10-17 07:00:00
16336,159,temperature,32.03,2025-09-20 14:00:00
16337,136,rainfall,0.0,2025-11-11 11:00:00
16338,403,temperature,29.95,2025-11-05 01:00:00
16339,292,temperature,28.96,2025-09-24 13:00:00
16340,391,temperature,26.6,2025-06-26 03:00:00
16341,324,rainfall,0.0,2026-01-26 20:00:00
16342,47,rainfall,0.0,2025-10-05 14:00:00
16343,273,humidity,50.29,2026-01-07 07:00:00
16344,36,rainfall,0.0,2026-03-20 07:00:00
16345,449,soil_moisture,33.47,2025-09-16 02:00:00
16346,421,temperature,24.5,2025-07-12 05:00:00
16347,283,rainfall,0.0,2026-02-21 12:00:00
16348,77,temperature,20.47,2026-03-26 07:00:00
16349,300,temperature,28.08,2025-10-26 13:00:00
16350,178,soil_moisture,32.26,2025-12-15 12:00:00
16351,298,soil_moisture,36.53,2025-09-11 18:00:00
16352,168,soil_moisture,28.02,2026-03-28 19:00:00
16353,114,rainfall,0.0,2026-04-20 06:00:00
16354,24,rainfall,0.0,2026-03-04 08:00:00
16355,193,rainfall,25.86,2026-03-18 20:00:00
16356,342,temperature,22.82,2026-03-28 19:00:00
16357,442,soil_moisture,42.55,2025-10-15 21:00:00
16358,1,humidity,75.02,2026-03-02 00:00:00
16359,140,rainfall,0.0,2025-09-14 13:00:00
16360,238,soil_moisture,27.99,2025-11-25 21:00:00
16361,226,soil_moisture,33.09,2026-04-22 10:00:00
16362,361,rainfall,35.44,2025-10-19 22:00:00
16363,47,temperature,28.01,2025-10-04 05:00:00
16364,170,temperature,31.17,2025-07-05 09:00:00
16365,89,soil_moisture,42.03,2026-02-27 02:00:00
16366,128,soil_moisture,41.36,2025-07-10 23:00:00
16367,134,humidity,55.03,2026-01-07 06:00:00
16368,283,soil_moisture,43.53,2026-02-22 06:00:00
16369,419,humidity,55.81,2025-09-25 01:00:00
16370,165,humidity,63.83,2025-07-02 00:00:00
16371,143,rainfall,0.0,2025-08-12 09:00:00
16372,78,soil_moisture,41.68,2025-09-26 05:00:00
16373,277,soil_moisture,31.64,2025-09-11 12:00:00
16374,382,soil_moisture,42.12,2025-08-01 00:00:00
16375,306,rainfall,0.0,2025-12-29 09:00:00
16376,396,humidity,45.64,2025-07-05 14:00:00
16377,401,temperature,24.22,2025-12-10 20:00:00
16378,167,temperature,41.04,2025-12-25 00:00:00
16379,413,soil_moisture,43.07,2026-01-14 08:00:00
16380,30,rainfall,0.0,2025-08-19 18:00:00
16381,310,soil_moisture,31.86,2025-12-23 09:00:00
16382,226,rainfall,59.87,2026-04-22 13:00:00
16383,342,temperature,24.92,2026-03-29 02:00:00
16384,6,rainfall,0.0,2025-08-11 13:00:00
16385,402,temperature,31.36,2026-03-28 11:00:00
16386,163,humidity,54.05,2025-07-05 02:00:00
16387,335,temperature,23.28,2025-09-03 04:00:00
16388,177,soil_moisture,24.1,2026-03-14 00:00:00
16389,268,rainfall,0.0,2025-12-24 09:00:00
16390,341,rainfall,0.0,2025-11-25 12:00:00
16391,105,humidity,39.0,2026-01-29 03:00:00
16392,147,rainfall,0.0,2026-03-10 03:00:00
16393,61,soil_moisture,38.6,2026-02-06 02:00:00
16394,257,rainfall,0.0,2025-07-03 03:00:00
16395,161,temperature,26.34,2026-01-06 12:00:00
16396,186,soil_moisture,43.16,2026-01-29 00:00:00
16397,273,rainfall,0.0,2026-01-06 01:00:00
16398,327,rainfall,54.04,2025-07-28 06:00:00
16399,222,rainfall,0.0,2025-10-17 10:00:00
16400,18,temperature,26.76,2026-03-15 19:00:00
16401,32,temperature,31.08,2025-07-27 01:00:00
16402,260,soil_moisture,37.31,2025-09-21 04:00:00
16403,296,rainfall,0.0,2025-08-20 01:00:00
16404,204,soil_moisture,40.78,2025-08-24 23:00:00
16405,235,soil_moisture,40.05,2026-03-30 10:00:00
16406,418,soil_moisture,44.84,2025-09-05 03:00:00
16407,44,humidity,52.67,2025-10-06 09:00:00
16408,113,rainfall,0.0,2025-07-29 19:00:00
16409,285,temperature,31.34,2025-09-06 03:00:00
16410,65,soil_moisture,47.07,2025-07-10 04:00:00
16411,193,humidity,48.14,2026-03-19 16:00:00
16412,197,humidity,54.78,2026-03-17 07:00:00
16413,61,rainfall,0.0,2026-02-06 23:00:00
16414,361,soil_moisture,26.22,2025-10-19 21:00:00
16415,277,humidity,73.63,2025-09-10 23:00:00
16416,428,temperature,500.0,2026-02-01 06:00:00
16417,170,temperature,29.15,2025-07-05 07:00:00
16418,59,rainfall,50.57,2025-12-10 10:00:00
16419,161,soil_moisture,37.94,2026-01-07 17:00:00
16420,356,temperature,32.22,2025-12-13 04:00:00
16421,427,rainfall,36.59,2025-07-09 07:00:00
16422,71,soil_moisture,46.31,2025-10-02 16:00:00
16423,71,temperature,-273.0,2025-10-02 01:00:00
16424,167,rainfall,47.01,2025-12-24 14:00:00
16425,318,temperature,34.43,2026-04-05 20:00:00
16426,125,soil_moisture,39.09,2025-11-22 00:00:00
16427,70,humidity,43.08,2025-12-11 00:00:00
16428,367,rainfall,43.84,2025-11-21 08:00:00
16429,115,rainfall,58.65,2025-10-25 17:00:00
16430,215,temperature,22.14,2026-03-16 00:00:00
16431,90,rainfall,0.0,2025-08-20 19:00:00
16432,263,humidity,45.59,2025-12-23 11:00:00
16433,277,temperature,27.91,2025-09-10 02:00:00
16434,310,soil_moisture,29.87,2025-12-23 07:00:00
16435,255,rainfall,25.58,2025-11-02 06:00:00
16436,65,temperature,25.13,2025-07-09 23:00:00
16437,28,temperature,21.07,2025-07-09 14:00:00
16438,285,soil_moisture,30.92,2025-09-05 03:00:00
16439,364,rainfall,0.0,2025-12-20 01:00:00
16440,425,humidity,65.51,2025-09-09 14:00:00
16441,229,temperature,31.11,2025-11-13 14:00:00
16442,385,humidity,52.73,2026-03-23 01:00:00
16443,341,soil_moisture,46.52,2025-11-26 10:00:00
16444,220,soil_moisture,22.85,2026-01-30 13:00:00
16445,208,humidity,60.42,2026-01-15 18:00:00
16446,82,temperature,29.45,2026-02-20 12:00:00
16447,16,rainfall,0.0,2025-08-18 02:00:00
16448,90,temperature,30.53,2025-08-19 23:00:00
16449,418,temperature,33.77,2025-09-05 11:00:00
16450,49,humidity,42.58,2025-09-29 13:00:00
16451,77,temperature,16.97,2026-03-27 20:00:00
16452,29,rainfall,0.0,2026-01-18 22:00:00
16453,311,soil_moisture,40.7,2025-10-08 19:00:00
16454,340,rainfall,0.0,2025-12-25 18:00:00
16455,211,rainfall,36.86,2026-02-03 17:00:00
16456,89,rainfall,0.0,2026-02-28 08:00:00
16457,28,soil_moisture,42.64,2025-07-10 23:00:00
16458,59,rainfall,57.0,2025-12-08 12:00:00
16459,137,soil_moisture,21.05,2026-03-13 22:00:00
16460,191,rainfall,0.0,2026-04-07 21:00:00
16461,167,soil_moisture,49.39,2025-12-23 11:00:00
16462,186,soil_moisture,41.78,2026-01-28 15:00:00
16463,318,temperature,31.85,2026-04-05 12:00:00
16464,170,humidity,53.01,2025-07-03 11:00:00
16465,91,rainfall,0.0,2026-02-22 06:00:00
16466,223,rainfall,0.0,2025-12-13 17:00:00
16467,226,soil_moisture,32.66,2026-04-21 08:00:00
16468,303,humidity,56.68,2025-08-21 09:00:00
16469,197,humidity,49.73,2026-03-17 04:00:00
16470,13,soil_moisture,37.38,2025-11-02 10:00:00
16471,97,soil_moisture,27.24,2026-02-14 01:00:00
16472,330,humidity,65.84,2025-10-02 08:00:00
16473,32,humidity,73.56,2025-07-27 02:00:00
16474,6,humidity,76.34,2025-08-13 00:00:00
16475,235,temperature,37.9,2026-03-31 23:00:00
16476,186,rainfall,0.0,2026-01-29 09:00:00
16477,10,soil_moisture,41.79,2026-03-30 10:00:00
16478,233,temperature,26.06,2025-12-14 23:00:00
16479,45,temperature,22.11,2026-02-08 08:00:00
16480,386,temperature,25.91,2026-04-05 23:00:00
16481,193,soil_moisture,35.75,2026-03-18 09:00:00
16482,166,rainfall,0.0,2025-12-01 11:00:00
16483,421,soil_moisture,27.04,2025-07-12 05:00:00
16484,277,humidity,73.93,2025-09-11 01:00:00
16485,296,humidity,55.27,2025-08-20 09:00:00
16486,226,temperature,33.04,2026-04-23 07:00:00
16487,135,temperature,27.58,2025-12-06 02:00:00
16488,386,rainfall,0.0,2026-04-05 23:00:00
16489,288,temperature,30.04,2025-07-06 06:00:00
16490,310,humidity,67.48,2025-12-23 09:00:00
16491,428,soil_moisture,39.24,2026-01-30 20:00:00
16492,308,temperature,22.03,2025-12-27 19:00:00
16493,322,rainfall,0.0,2026-01-17 23:00:00
16494,446,rainfall,0.0,2026-04-21 02:00:00
16495,134,rainfall,0.0,2026-01-08 10:00:00
16496,362,humidity,56.3,2026-04-17 04:00:00
16497,273,temperature,27.04,2026-01-06 18:00:00
16498,90,rainfall,27.59,2025-08-19 10:00:00
16499,260,rainfall,43.81,2025-09-21 11:00:00
16500,371,temperature,29.23,2026-03-31 19:00:00
16501,353,rainfall,0.0,2026-03-18 08:00:00
16502,4,soil_moisture,24.17,2026-04-12 02:00:00
16503,226,soil_moisture,29.93,2026-04-22 11:00:00
16504,165,humidity,71.9,2025-07-01 21:00:00
16505,201,humidity,57.83,2026-03-30 17:00:00
16506,389,humidity,34.38,2026-03-16 19:00:00
16507,30,rainfall,0.0,2025-08-20 09:00:00
16508,193,soil_moisture,40.44,2026-03-19 05:00:00
16509,294,humidity,46.3,2026-01-03 17:00:00
16510,89,humidity,68.16,2026-02-27 01:00:00
16511,50,temperature,22.01,2026-03-11 11:00:00
16512,424,rainfall,0.0,2026-01-06 19:00:00
16513,186,rainfall,43.83,2026-01-27 15:00:00
16514,424,temperature,26.03,2026-01-05 20:00:00
16515,166,humidity,67.48,2025-11-30 17:00:00
16516,391,soil_moisture,38.38,2025-06-27 18:00:00
16517,66,rainfall,0.0,2026-01-07 15:00:00
16518,66,temperature,20.51,2026-01-06 12:00:00
16519,10,soil_moisture,39.4,2026-03-28 09:00:00
16520,318,temperature,32.88,2026-04-05 23:00:00
16521,167,soil_moisture,43.14,2025-12-23 18:00:00
16522,219,temperature,27.6,2025-11-19 21:00:00
16523,294,temperature,28.9,2026-01-04 11:00:00
16524,134,humidity,52.3,2026-01-07 01:00:00
16525,43,humidity,68.55,2025-09-14 09:00:00
16526,70,humidity,44.32,2025-12-09 16:00:00
16527,43,rainfall,0.0,2025-09-12 04:00:00
16528,268,temperature,24.98,2025-12-23 09:00:00
16529,382,soil_moisture,45.13,2025-07-31 11:00:00
16530,309,rainfall,0.0,2026-04-09 08:00:00
16531,223,humidity,62.35,2025-12-14 02:00:00
16532,30,temperature,22.41,2025-08-21 11:00:00
16533,418,rainfall,0.0,2025-09-05 13:00:00
16534,431,soil_moisture,42.17,2025-07-02 18:00:00
16535,129,temperature,33.46,2026-04-20 02:00:00
16536,99,temperature,34.44,2025-10-09 04:00:00
16537,396,temperature,30.5,2025-07-04 14:00:00
16538,418,humidity,44.52,2025-09-05 19:00:00
16539,402,rainfall,0.0,2026-03-29 15:00:00
16540,105,humidity,41.61,2026-01-27 13:00:00
16541,294,humidity,42.81,2026-01-04 23:00:00
16542,293,humidity,46.92,2026-02-10 19:00:00
16543,184,soil_moisture,29.64,2026-01-06 20:00:00
16544,205,rainfall,44.66,2025-12-26 02:00:00
16545,215,soil_moisture,41.7,2026-03-15 07:00:00
16546,97,soil_moisture,36.17,2026-02-15 03:00:00
16547,310,humidity,63.15,2025-12-23 16:00:00
16548,122,rainfall,0.0,2025-12-23 07:00:00
16549,212,temperature,27.89,2025-11-18 03:00:00
16550,49,soil_moisture,27.79,2025-09-29 16:00:00
16551,128,soil_moisture,43.46,2025-07-11 06:00:00
16552,4,soil_moisture,21.69,2026-04-13 16:00:00
16553,146,temperature,21.94,2025-08-15 16:00:00
16554,263,soil_moisture,31.26,2025-12-22 08:00:00
16555,346,rainfall,36.19,2025-09-26 07:00:00
16556,372,humidity,53.22,2025-10-28 21:00:00
16557,303,temperature,30.18,2025-08-22 17:00:00
16558,13,soil_moisture,38.13,2025-11-02 23:00:00
16559,361,humidity,58.8,2025-10-19 04:00:00
16560,55,soil_moisture,34.89,2025-09-02 20:00:00
16561,24,soil_moisture,36.5,2026-03-04 07:00:00
16562,113,rainfall,0.0,2025-07-28 22:00:00
16563,66,soil_moisture,26.28,2026-01-06 15:00:00
16564,148,temperature,30.64,2025-12-02 05:00:00
16565,210,rainfall,0.0,2025-11-05 15:00:00
16566,105,humidity,37.41,2026-01-28 10:00:00
16567,32,humidity,66.2,2025-07-26 11:00:00
16568,368,rainfall,53.4,2026-03-04 09:00:00
16569,157,soil_moisture,28.84,2026-01-19 15:00:00
16570,227,soil_moisture,45.58,2025-10-16 21:00:00
16571,99,soil_moisture,27.04,2025-10-10 13:00:00
16572,71,soil_moisture,46.43,2025-10-01 14:00:00
16573,72,temperature,25.02,2025-08-20 07:00:00
16574,73,temperature,32.78,2025-10-08 05:00:00
16575,65,rainfall,32.9,2025-07-09 11:00:00
16576,28,rainfall,33.15,2025-07-10 22:00:00
16577,306,soil_moisture,36.04,2025-12-31 06:00:00
16578,180,humidity,57.42,2025-12-26 03:00:00
16579,105,humidity,39.84,2026-01-28 08:00:00
16580,418,soil_moisture,41.96,2025-09-06 01:00:00
16581,159,soil_moisture,29.57,2025-09-19 12:00:00
16582,403,humidity,51.36,2025-11-06 07:00:00
16583,65,rainfall,0.0,2025-07-08 11:00:00
16584,447,humidity,51.63,2025-09-18 01:00:00
16585,277,rainfall,0.0,2025-09-11 01:00:00
16586,385,humidity,56.32,2026-03-22 21:00:00
16587,210,humidity,60.59,2025-11-04 10:00:00
16588,446,humidity,54.35,2026-04-20 02:00:00
16589,171,soil_moisture,33.34,2026-01-16 12:00:00
16590,48,rainfall,0.0,2025-12-31 16:00:00
16591,161,humidity,31.78,2026-01-07 09:00:00
16592,204,rainfall,0.0,2025-08-24 00:00:00
16593,7,soil_moisture,50.49,2025-12-16 02:00:00
16594,377,soil_moisture,36.26,2025-07-11 11:00:00
16595,330,soil_moisture,29.46,2025-10-03 05:00:00
16596,16,humidity,66.85,2025-08-18 10:00:00
16597,222,soil_moisture,46.11,2025-10-16 05:00:00
16598,43,soil_moisture,33.46,2025-09-13 00:00:00
16599,309,rainfall,52.45,2026-04-08 16:00:00
16600,82,temperature,25.79,2026-02-22 14:00:00
16601,147,temperature,31.39,2026-03-09 00:00:00
16602,403,humidity,60.39,2025-11-05 18:00:00
16603,9,temperature,30.92,2025-09-21 14:00:00
16604,66,rainfall,32.81,2026-01-06 19:00:00
16605,159,temperature,28.69,2025-09-20 11:00:00
16606,90,humidity,62.59,2025-08-20 21:00:00
16607,272,temperature,26.74,2025-12-04 13:00:00
16608,227,temperature,36.99,2025-10-17 17:00:00
16609,78,temperature,32.1,2025-09-25 14:00:00
16610,229,humidity,58.09,2025-11-11 07:00:00
16611,94,soil_moisture,34.57,2025-09-29 07:00:00
16612,322,temperature,21.11,2026-01-16 10:00:00
16613,288,rainfall,0.0,2025-07-06 11:00:00
16614,90,temperature,32.71,2025-08-20 19:00:00
16615,330,temperature,31.27,2025-10-03 03:00:00
16616,18,temperature,26.52,2026-03-15 11:00:00
16617,300,soil_moisture,36.96,2025-10-26 05:00:00
16618,428,soil_moisture,40.46,2026-01-30 05:00:00
16619,78,temperature,32.16,2025-09-25 03:00:00
16620,13,temperature,25.19,2025-11-02 10:00:00
16621,396,soil_moisture,38.52,2025-07-04 01:00:00
16622,161,humidity,41.75,2026-01-08 02:00:00
16623,16,rainfall,0.0,2025-08-20 11:00:00
16624,444,temperature,30.07,2025-12-11 22:00:00
16625,356,temperature,33.19,2025-12-13 05:00:00
16626,223,temperature,22.34,2025-12-14 07:00:00
16627,44,humidity,50.37,2025-10-06 01:00:00
16628,73,humidity,74.91,2025-10-07 13:00:00
16629,45,rainfall,44.68,2026-02-09 23:00:00
16630,6,humidity,69.93,2025-08-12 09:00:00
16631,157,soil_moisture,29.36,2026-01-20 11:00:00
16632,382,rainfall,0.0,2025-07-31 21:00:00
16633,103,temperature,22.12,2026-01-10 04:00:00
16634,17,rainfall,0.0,2025-07-21 07:00:00
16635,99,rainfall,48.85,2025-10-08 05:00:00
16636,71,temperature,31.5,2025-10-01 09:00:00
16637,171,rainfall,0.0,2026-01-15 10:00:00
16638,197,humidity,48.36,2026-03-15 02:00:00
16639,425,rainfall,0.0,2025-09-09 01:00:00
16640,364,rainfall,68.06,2025-12-21 19:00:00
16641,287,rainfall,0.0,2026-04-03 18:00:00
16642,136,temperature,33.4,2025-11-10 07:00:00
16643,260,temperature,32.26,2025-09-23 09:00:00
16644,36,humidity,53.74,2026-03-19 09:00:00
16645,403,rainfall,40.84,2025-11-06 00:00:00
16646,343,rainfall,0.0,2026-01-12 14:00:00
16647,372,rainfall,0.0,2025-10-29 00:00:00
16648,190,humidity,36.8,2026-02-09 21:00:00
16649,437,temperature,34.27,2025-10-03 14:00:00
16650,72,rainfall,34.33,2025-08-20 20:00:00
16651,157,temperature,26.61,2026-01-19 01:00:00
16652,448,rainfall,0.0,2025-12-13 22:00:00
16653,16,rainfall,41.97,2025-08-18 22:00:00
16654,24,soil_moisture,34.55,2026-03-04 09:00:00
16655,82,soil_moisture,30.98,2026-02-21 06:00:00
16656,66,humidity,43.65,2026-01-06 10:00:00
16657,440,humidity,36.45,2025-07-08 05:00:00
16658,177,rainfall,0.0,2026-03-13 21:00:00
16659,160,humidity,73.13,2026-04-16 00:00:00
16660,411,rainfall,50.89,2025-08-25 00:00:00
16661,361,rainfall,32.11,2025-10-20 14:00:00
16662,233,soil_moisture,30.29,2025-12-14 04:00:00
16663,235,rainfall,0.0,2026-03-30 13:00:00
16664,154,temperature,32.43,2025-08-22 22:00:00
16665,61,temperature,25.25,2026-02-07 15:00:00
16666,128,humidity,33.38,2025-07-09 06:00:00
16667,50,soil_moisture,27.68,2026-03-11 06:00:00
16668,260,rainfall,32.62,2025-09-23 02:00:00
16669,257,soil_moisture,18.75,2025-07-05 10:00:00
16670,287,humidity,53.85,2026-04-04 18:00:00
16671,391,soil_moisture,36.36,2025-06-28 09:00:00
16672,13,humidity,59.9,2025-11-01 05:00:00
16673,287,temperature,20.73,2026-04-04 22:00:00
16674,346,temperature,32.84,2025-09-25 01:00:00
16675,298,rainfall,0.0,2025-09-11 22:00:00
16676,177,rainfall,0.0,2026-03-12 21:00:00
16677,126,rainfall,65.82,2025-08-18 16:00:00
16678,184,rainfall,24.67,2026-01-06 07:00:00
16679,90,soil_moisture,43.86,2025-08-20 09:00:00
16680,431,rainfall,0.0,2025-07-01 09:00:00
16681,18,rainfall,62.24,2026-03-16 03:00:00
16682,167,temperature,33.95,2025-12-24 12:00:00
16683,97,rainfall,0.0,2026-02-15 14:00:00
16684,169,temperature,27.92,2026-03-23 11:00:00
16685,196,soil_moisture,39.27,2026-02-16 09:00:00
16686,184,soil_moisture,33.05,2026-01-05 08:00:00
16687,273,humidity,51.9,2026-01-07 01:00:00
16688,446,rainfall,0.0,2026-04-22 01:00:00
16689,210,temperature,32.72,2025-11-04 10:00:00
16690,59,rainfall,0.0,2025-12-09 03:00:00
16691,169,humidity,70.93,2026-03-23 07:00:00
16692,185,soil_moisture,41.72,2026-03-05 02:00:00
16693,220,rainfall,0.0,2026-01-30 06:00:00
16694,90,soil_moisture,43.75,2025-08-20 18:00:00
16695,166,temperature,33.64,2025-11-29 21:00:00
16696,235,temperature,31.85,2026-04-01 06:00:00
16697,428,humidity,35.04,2026-02-01 01:00:00
16698,428,temperature,24.42,2026-01-31 04:00:00
16699,196,temperature,23.2,2026-02-16 01:00:00
16700,346,soil_moisture,30.86,2025-09-24 14:00:00
16701,263,rainfall,41.95,2025-12-22 06:00:00
16702,184,temperature,32.54,2026-01-05 11:00:00
16703,335,temperature,28.69,2025-09-03 13:00:00
16704,287,soil_moisture,46.82,2026-04-04 23:00:00
16705,273,soil_moisture,33.79,2026-01-08 02:00:00
16706,293,humidity,49.65,2026-02-08 23:00:00
16707,389,temperature,30.7,2026-03-17 17:00:00
16708,342,soil_moisture,29.51,2026-03-29 20:00:00
16709,55,temperature,31.75,2025-09-02 09:00:00
16710,163,temperature,18.6,2025-07-03 09:00:00
16711,159,rainfall,0.0,2025-09-19 20:00:00
16712,30,humidity,62.25,2025-08-19 15:00:00
16713,82,humidity,39.18,2026-02-20 11:00:00
16714,377,humidity,47.77,2025-07-11 14:00:00
16715,70,soil_moisture,28.52,2025-12-10 18:00:00
16716,1,humidity,70.71,2026-03-01 04:00:00
16717,263,soil_moisture,32.85,2025-12-23 16:00:00
16718,115,rainfall,0.0,2025-10-26 20:00:00
16719,115,rainfall,0.0,2025-10-26 11:00:00
16720,321,soil_moisture,31.83,2025-09-12 00:00:00
16721,151,temperature,28.3,2026-03-18 05:00:00
16722,48,humidity,46.92,2025-12-30 22:00:00
16723,255,soil_moisture,50.72,2025-11-03 02:00:00
16724,331,temperature,22.51,2026-04-11 17:00:00
16725,446,humidity,52.31,2026-04-21 00:00:00
16726,335,rainfall,52.84,2025-09-04 22:00:00
16727,428,temperature,26.74,2026-01-30 01:00:00
16728,362,rainfall,0.0,2026-04-18 10:00:00
16729,113,rainfall,0.0,2025-07-28 15:00:00
16730,324,humidity,69.05,2026-01-27 00:00:00
16731,255,humidity,46.51,2025-11-04 02:00:00
16732,303,soil_moisture,31.72,2025-08-21 03:00:00
16733,428,temperature,23.24,2026-01-30 11:00:00
16734,376,humidity,54.92,2025-09-13 15:00:00
16735,71,humidity,42.92,2025-10-02 17:00:00
16736,327,temperature,27.86,2025-07-29 17:00:00
16737,210,humidity,66.18,2025-11-05 21:00:00
16738,391,humidity,53.93,2025-06-26 08:00:00
16739,197,humidity,49.58,2026-03-17 01:00:00
16740,43,temperature,23.94,2025-09-12 11:00:00
16741,346,rainfall,0.0,2025-09-24 19:00:00
16742,240,soil_moisture,22.93,2026-04-22 18:00:00
16743,154,rainfall,0.0,2025-08-21 22:00:00
16744,163,humidity,50.87,2025-07-03 09:00:00
16745,322,humidity,68.56,2026-01-17 01:00:00
16746,362,soil_moisture,21.81,2026-04-17 17:00:00
16747,220,temperature,26.7,2026-01-30 05:00:00
16748,421,temperature,22.15,2025-07-12 16:00:00
16749,425,temperature,34.75,2025-09-08 05:00:00
16750,273,temperature,26.07,2026-01-08 02:00:00
16751,371,rainfall,0.0,2026-03-30 17:00:00
16752,377,soil_moisture,36.36,2025-07-11 14:00:00
16753,157,temperature,25.99,2026-01-19 04:00:00
16754,147,humidity,63.4,2026-03-09 03:00:00
16755,1,soil_moisture,34.86,2026-03-01 11:00:00
16756,30,rainfall,0.0,2025-08-20 00:00:00
16757,97,soil_moisture,33.15,2026-02-14 09:00:00
16758,148,temperature,34.98,2025-12-02 08:00:00
16759,421,rainfall,0.0,2025-07-13 04:00:00
16760,205,temperature,27.2,2025-12-25 19:00:00
16761,401,temperature,27.05,2025-12-09 01:00:00
16762,354,humidity,65.12,2026-03-07 04:00:00
16763,431,humidity,57.0,2025-07-01 14:00:00
16764,208,soil_moisture,19.25,2026-01-15 20:00:00
16765,306,rainfall,0.0,2025-12-29 20:00:00
16766,208,soil_moisture,17.16,2026-01-17 10:00:00
16767,367,soil_moisture,46.04,2025-11-23 02:00:00
16768,24,temperature,27.28,2026-03-05 12:00:00
16769,327,humidity,65.58,2025-07-28 09:00:00
16770,308,rainfall,0.0,2025-12-27 09:00:00
16771,211,temperature,24.23,2026-02-03 00:00:00
16772,444,temperature,24.77,2025-12-12 16:00:00
16773,354,soil_moisture,24.18,2026-03-06 01:00:00
16774,1,temperature,25.38,2026-03-01 20:00:00
16775,60,rainfall,0.0,2026-03-05 06:00:00
16776,346,soil_moisture,34.26,2025-09-24 13:00:00
16777,177,rainfall,38.16,2026-03-13 03:00:00
16778,73,humidity,76.28,2025-10-07 09:00:00
16779,311,soil_moisture,44.73,2025-10-09 03:00:00
16780,377,rainfall,50.45,2025-07-12 17:00:00
16781,413,rainfall,0.0,2026-01-13 06:00:00
16782,61,rainfall,0.0,2026-02-06 07:00:00
16783,16,humidity,60.2,2025-08-19 01:00:00
16784,367,humidity,57.13,2025-11-21 23:00:00
16785,157,rainfall,0.0,2026-01-21 07:00:00
16786,303,soil_moisture,33.76,2025-08-22 22:00:00
16787,223,humidity,71.4,2025-12-13 16:00:00
16788,161,soil_moisture,37.34,2026-01-07 05:00:00
16789,384,temperature,27.45,2025-08-16 18:00:00
16790,305,humidity,44.04,2025-06-26 20:00:00
16791,161,rainfall,0.0,2026-01-08 12:00:00
16792,129,rainfall,20.35,2026-04-19 17:00:00
16793,159,rainfall,47.35,2025-09-19 10:00:00
16794,354,humidity,68.51,2026-03-08 00:00:00
16795,185,humidity,64.93,2026-03-04 22:00:00
16796,212,temperature,27.29,2025-11-16 19:00:00
16797,113,humidity,49.99,2025-07-28 17:00:00
16798,190,humidity,35.27,2026-02-10 18:00:00
16799,166,temperature,33.84,2025-11-29 01:00:00
16800,18,humidity,49.86,2026-03-15 13:00:00
16801,48,temperature,28.08,2026-01-01 05:00:00
16802,76,temperature,22.56,2026-04-16 02:00:00
16803,61,soil_moisture,40.5,2026-02-07 12:00:00
16804,168,humidity,67.44,2026-03-28 05:00:00
16805,171,humidity,41.52,2026-01-17 21:00:00
16806,449,soil_moisture,34.32,2025-09-16 08:00:00
16807,331,temperature,21.67,2026-04-09 12:00:00
16808,367,temperature,33.69,2025-11-21 15:00:00
16809,413,temperature,24.64,2026-01-13 13:00:00
16810,285,humidity,54.04,2025-09-05 04:00:00
16811,4,rainfall,0.0,2026-04-11 06:00:00
16812,17,rainfall,0.0,2025-07-19 12:00:00
16813,77,rainfall,26.8,2026-03-26 17:00:00
16814,136,humidity,56.95,2025-11-10 10:00:00
16815,169,rainfall,0.0,2026-03-22 12:00:00
16816,5,rainfall,0.0,2026-04-07 17:00:00
16817,204,temperature,32.04,2025-08-24 19:00:00
16818,91,temperature,20.68,2026-02-23 12:00:00
16819,140,temperature,31.97,2025-09-13 08:00:00
16820,298,soil_moisture,500.0,2025-09-11 05:00:00
16821,97,humidity,56.88,2026-02-14 05:00:00
16822,440,soil_moisture,43.49,2025-07-08 07:00:00
16823,372,rainfall,0.0,2025-10-29 01:00:00
16824,210,humidity,64.98,2025-11-04 19:00:00
16825,135,rainfall,0.0,2025-12-05 02:00:00
16826,97,temperature,30.19,2026-02-14 01:00:00
16827,283,soil_moisture,44.22,2026-02-23 15:00:00
16828,235,soil_moisture,46.28,2026-03-31 01:00:00
16829,389,soil_moisture,31.01,2026-03-17 02:00:00
16830,47,temperature,32.26,2025-10-04 04:00:00
16831,385,humidity,53.0,2026-03-23 11:00:00
16832,177,temperature,21.59,2026-03-13 04:00:00
16833,418,humidity,46.69,2025-09-06 17:00:00
16834,45,soil_moisture,29.14,2026-02-09 05:00:00
16835,356,temperature,32.33,2025-12-14 03:00:00
16836,191,soil_moisture,36.16,2026-04-07 13:00:00
16837,178,soil_moisture,32.35,2025-12-16 08:00:00
16838,437,humidity,61.38,2025-10-03 17:00:00
16839,285,soil_moisture,32.4,2025-09-05 15:00:00
16840,323,rainfall,41.43,2025-07-27 04:00:00
16841,330,rainfall,0.0,2025-10-01 15:00:00
16842,17,rainfall,33.48,2025-07-20 18:00:00
16843,447,humidity,55.75,2025-09-19 04:00:00
16844,70,rainfall,27.53,2025-12-09 03:00:00
16845,220,rainfall,0.0,2026-01-30 15:00:00
16846,272,soil_moisture,48.2,2025-12-04 11:00:00
16847,161,rainfall,0.0,2026-01-08 06:00:00
16848,76,humidity,65.66,2026-04-15 04:00:00
16849,114,humidity,43.84,2026-04-20 05:00:00
16850,335,temperature,25.89,2025-09-03 03:00:00
16851,170,soil_moisture,38.7,2025-07-04 06:00:00
16852,282,temperature,31.17,2026-01-10 13:00:00
16853,371,soil_moisture,21.8,2026-03-31 01:00:00
16854,191,rainfall,0.0,2026-04-06 01:00:00
16855,294,rainfall,0.0,2026-01-04 22:00:00
16856,310,temperature,23.93,2025-12-22 10:00:00
16857,148,soil_moisture,50.17,2025-12-03 11:00:00
16858,382,soil_moisture,44.93,2025-07-30 19:00:00
16859,113,temperature,27.18,2025-07-29 06:00:00
16860,17,temperature,29.45,2025-07-20 11:00:00
16861,65,rainfall,33.78,2025-07-09 05:00:00
16862,160,temperature,32.35,2026-04-16 08:00:00
16863,30,humidity,54.75,2025-08-19 19:00:00
16864,1,temperature,29.75,2026-03-01 17:00:00
16865,28,soil_moisture,41.05,2025-07-11 17:00:00
16866,342,soil_moisture,31.0,2026-03-28 21:00:00
16867,437,temperature,30.26,2025-10-04 00:00:00
16868,117,humidity,45.88,2025-08-21 23:00:00
16869,103,temperature,19.33,2026-01-08 13:00:00
16870,171,humidity,41.89,2026-01-15 07:00:00
16871,32,humidity,80.38,2025-07-27 01:00:00
16872,178,rainfall,0.0,2025-12-15 01:00:00
16873,142,rainfall,0.0,2025-11-16 01:00:00
16874,370,rainfall,46.55,2025-07-09 10:00:00
16875,292,humidity,67.31,2025-09-25 16:00:00
16876,285,humidity,48.77,2025-09-06 14:00:00
16877,425,rainfall,60.09,2025-09-09 12:00:00
16878,437,rainfall,0.0,2025-10-04 21:00:00
16879,212,humidity,57.26,2025-11-17 14:00:00
16880,449,temperature,35.47,2025-09-16 16:00:00
16881,186,soil_moisture,41.48,2026-01-28 21:00:00
16882,193,humidity,49.08,2026-03-19 22:00:00
16883,413,rainfall,0.0,2026-01-12 16:00:00
16884,161,soil_moisture,39.39,2026-01-07 00:00:00
16885,370,humidity,47.75,2025-07-10 08:00:00
16886,71,temperature,28.45,2025-10-02 10:00:00
16887,6,rainfall,0.0,2025-08-12 23:00:00
16888,327,soil_moisture,43.79,2025-07-28 09:00:00
16889,437,rainfall,0.0,2025-10-03 01:00:00
16890,97,humidity,58.46,2026-02-14 06:00:00
16891,50,rainfall,24.12,2026-03-11 10:00:00
16892,310,rainfall,23.74,2025-12-22 16:00:00
16893,446,temperature,25.09,2026-04-21 17:00:00
16894,10,rainfall,0.0,2026-03-28 05:00:00
16895,212,rainfall,0.0,2025-11-18 10:00:00
16896,1,soil_moisture,33.77,2026-02-28 03:00:00
16897,310,temperature,29.09,2025-12-22 02:00:00
16898,123,rainfall,0.0,2025-11-15 14:00:00
16899,356,temperature,30.2,2025-12-13 15:00:00
16900,30,temperature,22.2,2025-08-20 04:00:00
16901,227,temperature,32.64,2025-10-17 04:00:00
16902,29,soil_moisture,15.9,2026-01-18 15:00:00
16903,389,humidity,41.56,2026-03-16 15:00:00
16904,201,temperature,27.59,2026-04-01 06:00:00
16905,240,humidity,60.04,2026-04-22 00:00:00
16906,287,humidity,54.08,2026-04-04 12:00:00
16907,114,humidity,45.94,2026-04-20 00:00:00
16908,238,humidity,68.08,2025-11-24 02:00:00
16909,94,soil_moisture,27.56,2025-09-30 03:00:00
16910,134,soil_moisture,44.04,2026-01-06 07:00:00
16911,448,humidity,80.75,2025-12-14 23:00:00
16912,292,humidity,64.62,2025-09-25 03:00:00
16913,186,rainfall,0.0,2026-01-29 05:00:00
16914,448,humidity,79.01,2025-12-14 17:00:00
16915,73,rainfall,0.0,2025-10-09 10:00:00
16916,191,humidity,51.06,2026-04-06 22:00:00
16917,303,temperature,32.79,2025-08-21 15:00:00
16918,351,temperature,21.68,2026-02-12 09:00:00
16919,238,soil_moisture,36.24,2025-11-24 16:00:00
16920,436,humidity,68.37,2026-02-12 01:00:00
16921,65,soil_moisture,45.66,2025-07-10 05:00:00
16922,169,rainfall,0.0,2026-03-23 08:00:00
16923,428,rainfall,0.0,2026-01-30 01:00:00
16924,161,humidity,43.72,2026-01-08 12:00:00
16925,148,humidity,57.33,2025-12-04 02:00:00
16926,36,temperature,29.19,2026-03-19 04:00:00
16927,197,temperature,29.05,2026-03-15 16:00:00
16928,341,rainfall,0.0,2025-11-24 19:00:00
16929,66,rainfall,0.0,2026-01-06 09:00:00
16930,166,soil_moisture,26.09,2025-12-01 10:00:00
16931,32,rainfall,0.0,2025-07-28 02:00:00
16932,201,soil_moisture,21.06,2026-03-30 05:00:00
16933,114,temperature,21.93,2026-04-19 21:00:00
16934,193,soil_moisture,40.56,2026-03-20 08:00:00
16935,222,soil_moisture,40.88,2025-10-16 14:00:00
16936,89,humidity,63.07,2026-02-27 15:00:00
16937,60,rainfall,0.0,2026-03-07 03:00:00
16938,354,temperature,26.69,2026-03-06 09:00:00
16939,351,humidity,47.62,2026-02-13 14:00:00
16940,431,soil_moisture,38.53,2025-07-02 03:00:00
16941,103,temperature,20.62,2026-01-08 19:00:00
16942,7,soil_moisture,37.7,2025-12-16 23:00:00
16943,444,rainfall,0.0,2025-12-11 21:00:00
16944,204,rainfall,0.0,2025-08-23 19:00:00
16945,354,temperature,31.67,2026-03-06 22:00:00
16946,136,humidity,66.63,2025-11-10 18:00:00
16947,411,temperature,29.44,2025-08-23 15:00:00
16948,215,rainfall,0.0,2026-03-14 15:00:00
16949,72,rainfall,0.0,2025-08-19 09:00:00
16950,185,temperature,29.24,2026-03-05 18:00:00
16951,273,humidity,60.04,2026-01-06 11:00:00
16952,128,soil_moisture,43.74,2025-07-09 20:00:00
16953,376,temperature,28.39,2025-09-14 07:00:00
16954,318,soil_moisture,39.76,2026-04-06 23:00:00
16955,335,rainfall,0.0,2025-09-04 11:00:00
16956,346,temperature,32.67,2025-09-26 02:00:00
16957,90,humidity,60.42,2025-08-19 18:00:00
16958,326,rainfall,30.58,2026-03-26 16:00:00
16959,140,soil_moisture,38.39,2025-09-13 01:00:00
16960,293,soil_moisture,34.92,2026-02-09 13:00:00
16961,76,temperature,20.57,2026-04-16 01:00:00
16962,402,temperature,33.27,2026-03-29 00:00:00
16963,99,soil_moisture,24.04,2025-10-09 22:00:00
16964,290,temperature,30.35,2026-02-27 06:00:00
16965,220,temperature,26.35,2026-01-29 17:00:00
16966,436,rainfall,23.14,2026-02-12 02:00:00
16967,136,rainfall,0.0,2025-11-10 08:00:00
16968,272,soil_moisture,44.09,2025-12-02 01:00:00
16969,105,soil_moisture,45.92,2026-01-28 09:00:00
16970,356,soil_moisture,37.29,2025-12-12 11:00:00
16971,368,rainfall,0.0,2026-03-04 17:00:00
16972,324,humidity,65.26,2026-01-26 09:00:00
16973,159,temperature,33.83,2025-09-19 02:00:00
16974,331,soil_moisture,45.27,2026-04-11 03:00:00
16975,341,temperature,33.3,2025-11-25 05:00:00
16976,382,rainfall,0.0,2025-07-30 08:00:00
16977,364,temperature,37.03,2025-12-20 13:00:00
16978,384,temperature,27.87,2025-08-18 09:00:00
16979,30,soil_moisture,36.39,2025-08-20 20:00:00
16980,117,rainfall,0.0,2025-08-23 05:00:00
16981,308,rainfall,0.0,2025-12-27 21:00:00
16982,4,soil_moisture,22.24,2026-04-12 10:00:00
16983,303,soil_moisture,30.55,2025-08-22 09:00:00
16984,418,rainfall,53.95,2025-09-07 04:00:00
16985,211,temperature,25.0,2026-02-02 01:00:00
16986,385,temperature,21.26,2026-03-22 06:00:00
16987,227,temperature,37.54,2025-10-16 23:00:00
16988,222,humidity,70.03,2025-10-15 11:00:00
16989,117,temperature,23.11,2025-08-22 18:00:00
16990,55,temperature,27.87,2025-09-02 11:00:00
16991,135,humidity,67.19,2025-12-07 03:00:00
16992,5,soil_moisture,29.2,2026-04-08 16:00:00
16993,71,temperature,32.87,2025-10-02 22:00:00
16994,389,temperature,36.98,2026-03-17 04:00:00
16995,294,rainfall,0.0,2026-01-03 11:00:00
16996,401,soil_moisture,33.78,2025-12-11 00:00:00
16997,82,soil_moisture,30.46,2026-02-22 03:00:00
16998,114,rainfall,21.85,2026-04-20 11:00:00
16999,55,humidity,64.79,2025-08-31 07:00:00
17000,184,temperature,32.53,2026-01-07 21:00:00
17001,361,rainfall,42.82,2025-10-20 04:00:00
17002,367,humidity,60.7,2025-11-21 18:00:00
17003,308,soil_moisture,32.5,2025-12-27 10:00:00
17004,1,humidity,73.6,2026-03-01 20:00:00
17005,354,rainfall,29.42,2026-03-06 06:00:00
17006,45,soil_moisture,21.05,2026-02-09 12:00:00
17007,290,humidity,43.83,2026-02-27 06:00:00
17008,167,soil_moisture,44.55,2025-12-24 11:00:00
17009,50,temperature,25.1,2026-03-09 03:00:00
17010,97,rainfall,0.0,2026-02-13 17:00:00
17011,330,humidity,58.9,2025-10-01 08:00:00
17012,322,soil_moisture,26.81,2026-01-17 18:00:00
17013,421,soil_moisture,26.43,2025-07-12 06:00:00
17014,233,humidity,60.74,2025-12-14 21:00:00
17015,16,temperature,25.31,2025-08-19 20:00:00
17016,263,temperature,25.94,2025-12-21 03:00:00
17017,448,temperature,26.94,2025-12-13 11:00:00
17018,191,humidity,59.73,2026-04-07 05:00:00
17019,293,temperature,21.16,2026-02-08 18:00:00
17020,43,humidity,53.75,2025-09-14 07:00:00
17021,73,temperature,33.13,2025-10-08 15:00:00
17022,305,soil_moisture,45.42,2025-06-26 16:00:00
17023,305,humidity,55.77,2025-06-26 02:00:00
17024,161,humidity,31.38,2026-01-06 06:00:00
17025,425,soil_moisture,28.12,2025-09-08 18:00:00
17026,105,temperature,25.81,2026-01-29 02:00:00
17027,440,soil_moisture,40.69,2025-07-09 03:00:00
17028,273,humidity,49.88,2026-01-08 09:00:00
17029,391,temperature,25.09,2025-06-26 15:00:00
17030,49,rainfall,0.0,2025-09-30 12:00:00
17031,444,soil_moisture,31.22,2025-12-12 19:00:00
17032,364,temperature,34.62,2025-12-21 08:00:00
17033,424,rainfall,0.0,2026-01-06 10:00:00
17034,73,temperature,33.2,2025-10-07 19:00:00
17035,282,rainfall,31.37,2026-01-09 05:00:00
17036,36,humidity,50.54,2026-03-19 17:00:00
17037,263,temperature,30.14,2025-12-21 23:00:00
17038,204,soil_moisture,33.59,2025-08-24 19:00:00
17039,389,rainfall,0.0,2026-03-18 00:00:00
17040,196,rainfall,0.0,2026-02-16 07:00:00
17041,151,temperature,26.34,2026-03-17 12:00:00
17042,294,rainfall,0.0,2026-01-04 13:00:00
17043,43,humidity,58.2,2025-09-13 05:00:00
17044,115,soil_moisture,38.84,2025-10-25 20:00:00
17045,292,rainfall,0.0,2025-09-24 06:00:00
17046,371,temperature,30.78,2026-03-31 23:00:00
17047,5,humidity,35.01,2026-04-09 00:00:00
17048,294,humidity,54.28,2026-01-03 05:00:00
17049,72,rainfall,0.0,2025-08-19 14:00:00
17050,50,temperature,19.99,2026-03-10 14:00:00
17051,163,humidity,42.18,2025-07-03 02:00:00
17052,306,soil_moisture,43.95,2025-12-29 22:00:00
17053,255,temperature,22.96,2025-11-03 08:00:00
17054,376,rainfall,0.0,2025-09-13 11:00:00
17055,146,humidity,52.66,2025-08-17 06:00:00
17056,268,temperature,27.21,2025-12-24 09:00:00
17057,193,temperature,26.22,2026-03-18 05:00:00
17058,147,temperature,29.49,2026-03-08 23:00:00
17059,293,temperature,24.05,2026-02-09 08:00:00
17060,24,rainfall,0.0,2026-03-04 11:00:00
17061,257,temperature,30.45,2025-07-03 20:00:00
17062,391,rainfall,0.0,2025-06-27 10:00:00
17063,190,rainfall,0.0,2026-02-10 09:00:00
17064,287,soil_moisture,43.6,2026-04-05 03:00:00
17065,99,humidity,41.75,2025-10-08 11:00:00
17066,376,temperature,22.02,2025-09-13 11:00:00
17067,385,soil_moisture,26.56,2026-03-22 04:00:00
17068,403,soil_moisture,39.92,2025-11-06 14:00:00
17069,48,soil_moisture,49.9,2025-12-30 06:00:00
17070,137,temperature,26.11,2026-03-13 21:00:00
17071,311,temperature,26.54,2025-10-07 08:00:00
17072,126,temperature,34.59,2025-08-19 03:00:00
17073,288,rainfall,0.0,2025-07-06 03:00:00
17074,191,temperature,28.2,2026-04-07 22:00:00
17075,223,soil_moisture,29.31,2025-12-14 21:00:00
17076,273,temperature,25.33,2026-01-06 19:00:00
17077,233,rainfall,0.0,2025-12-14 19:00:00
17078,419,temperature,25.84,2025-09-25 18:00:00
17079,163,temperature,23.26,2025-07-04 13:00:00
17080,382,rainfall,0.0,2025-07-31 03:00:00
17081,444,temperature,25.31,2025-12-13 07:00:00
17082,335,soil_moisture,44.69,2025-09-04 02:00:00
17083,151,humidity,51.86,2026-03-16 19:00:00
17084,205,humidity,75.34,2025-12-25 01:00:00
17085,311,temperature,31.25,2025-10-07 07:00:00
17086,55,temperature,27.82,2025-09-01 18:00:00
17087,238,rainfall,0.0,2025-11-25 12:00:00
17088,71,humidity,53.4,2025-10-01 14:00:00
17089,308,rainfall,0.0,2025-12-28 02:00:00
17090,17,rainfall,0.0,2025-07-21 05:00:00
17091,178,temperature,33.67,2025-12-16 02:00:00
17092,157,humidity,41.9,2026-01-21 02:00:00
17093,287,temperature,20.32,2026-04-04 23:00:00
17094,47,rainfall,0.0,2025-10-05 15:00:00
17095,49,soil_moisture,30.64,2025-09-29 01:00:00
17096,36,humidity,50.06,2026-03-20 07:00:00
17097,48,soil_moisture,43.18,2026-01-01 11:00:00
17098,122,temperature,27.29,2025-12-23 03:00:00
17099,191,humidity,61.27,2026-04-07 00:00:00
17100,402,temperature,32.5,2026-03-30 00:00:00
17101,72,soil_moisture,39.8,2025-08-21 12:00:00
17102,327,humidity,56.57,2025-07-30 00:00:00
17103,73,soil_moisture,29.5,2025-10-08 17:00:00
17104,128,temperature,22.55,2025-07-09 15:00:00
17105,146,soil_moisture,39.98,2025-08-15 08:00:00
17106,115,soil_moisture,32.13,2025-10-25 10:00:00
17107,177,humidity,42.03,2026-03-14 14:00:00
17108,74,temperature,23.74,2025-10-24 04:00:00
17109,44,rainfall,0.0,2025-10-06 05:00:00
17110,324,rainfall,38.48,2026-01-25 01:00:00
17111,295,soil_moisture,35.95,2026-04-11 18:00:00
17112,273,humidity,55.62,2026-01-07 11:00:00
17113,66,temperature,19.26,2026-01-07 13:00:00
17114,73,rainfall,0.0,2025-10-08 18:00:00
17115,311,soil_moisture,43.45,2025-10-08 02:00:00
17116,300,temperature,23.1,2025-10-25 13:00:00
17117,208,soil_moisture,17.42,2026-01-15 08:00:00
17118,201,rainfall,0.0,2026-03-30 15:00:00
17119,220,soil_moisture,23.27,2026-01-30 17:00:00
17120,437,rainfall,74.4,2025-10-05 21:00:00
17121,29,rainfall,0.0,2026-01-19 06:00:00
17122,148,temperature,32.43,2025-12-02 10:00:00
17123,170,temperature,31.39,2025-07-04 02:00:00
17124,97,temperature,31.76,2026-02-14 19:00:00
17125,90,temperature,28.92,2025-08-19 21:00:00
17126,277,soil_moisture,38.33,2025-09-11 20:00:00
17127,311,rainfall,0.0,2025-10-09 17:00:00
17128,220,temperature,26.55,2026-01-29 12:00:00
17129,403,temperature,31.47,2025-11-06 20:00:00
17130,446,humidity,51.96,2026-04-20 13:00:00
17131,413,humidity,36.56,2026-01-12 04:00:00
17132,45,soil_moisture,27.6,2026-02-09 19:00:00
17133,306,humidity,76.12,2025-12-29 08:00:00
17134,428,soil_moisture,46.71,2026-01-30 16:00:00
17135,186,humidity,72.57,2026-01-27 09:00:00
17136,146,soil_moisture,42.15,2025-08-17 10:00:00
17137,128,humidity,50.45,2025-07-09 08:00:00
17138,10,rainfall,0.0,2026-03-29 17:00:00
17139,367,rainfall,0.0,2025-11-22 16:00:00
17140,309,rainfall,53.31,2026-04-07 08:00:00
17141,77,temperature,22.73,2026-03-27 11:00:00
17142,16,soil_moisture,42.24,2025-08-19 12:00:00
17143,222,temperature,22.89,2025-10-17 13:00:00
17144,226,humidity,46.28,2026-04-22 02:00:00
17145,386,soil_moisture,36.87,2026-04-04 16:00:00
17146,53,rainfall,33.85,2026-03-02 08:00:00
17147,396,soil_moisture,36.82,2025-07-04 20:00:00
17148,229,soil_moisture,35.3,2025-11-12 17:00:00
17149,340,temperature,34.59,2025-12-26 10:00:00
17150,368,rainfall,0.0,2026-03-05 14:00:00
17151,428,soil_moisture,45.07,2026-01-30 18:00:00
17152,287,humidity,55.31,2026-04-03 03:00:00
17153,196,rainfall,0.0,2026-02-15 17:00:00
17154,74,rainfall,0.0,2025-10-23 10:00:00
17155,367,humidity,60.26,2025-11-22 22:00:00
17156,255,soil_moisture,43.55,2025-11-04 14:00:00
17157,91,rainfall,0.0,2026-02-22 09:00:00
17158,356,soil_moisture,34.04,2025-12-13 01:00:00
17159,370,rainfall,0.0,2025-07-08 03:00:00
17160,283,soil_moisture,38.99,2026-02-21 16:00:00
17161,186,humidity,63.12,2026-01-29 10:00:00
17162,351,humidity,45.96,2026-02-13 08:00:00
17163,125,soil_moisture,37.93,2025-11-22 07:00:00
17164,257,soil_moisture,30.92,2025-07-03 12:00:00
17165,154,humidity,72.91,2025-08-20 14:00:00
17166,283,humidity,48.12,2026-02-21 19:00:00
17167,440,temperature,25.9,2025-07-08 16:00:00
17168,427,temperature,36.39,2025-07-10 03:00:00
17169,356,soil_moisture,37.22,2025-12-13 06:00:00
17170,123,humidity,43.98,2025-11-17 14:00:00
17171,220,humidity,44.03,2026-01-30 08:00:00
17172,442,humidity,53.44,2025-10-14 13:00:00
17173,310,rainfall,0.0,2025-12-24 02:00:00
17174,372,humidity,60.14,2025-10-28 15:00:00
17175,353,soil_moisture,34.69,2026-03-20 04:00:00
17176,89,temperature,33.32,2026-02-26 05:00:00
17177,436,humidity,71.01,2026-02-13 00:00:00
17178,66,temperature,18.19,2026-01-07 23:00:00
17179,220,soil_moisture,22.83,2026-01-31 08:00:00
17180,9,soil_moisture,37.47,2025-09-20 21:00:00
17181,129,soil_moisture,27.5,2026-04-20 16:00:00
17182,9,temperature,32.88,2025-09-19 06:00:00
17183,427,temperature,38.37,2025-07-11 17:00:00
17184,13,humidity,66.69,2025-11-01 22:00:00
17185,411,rainfall,0.0,2025-08-23 14:00:00
17186,105,rainfall,0.0,2026-01-29 04:00:00
17187,50,temperature,20.74,2026-03-10 22:00:00
17188,341,rainfall,0.0,2025-11-24 21:00:00
17189,99,humidity,42.95,2025-10-09 09:00:00
17190,122,soil_moisture,45.88,2025-12-22 00:00:00
17191,171,humidity,49.22,2026-01-16 02:00:00
17192,205,rainfall,33.63,2025-12-24 04:00:00
17193,59,temperature,24.37,2025-12-09 06:00:00
17194,351,rainfall,0.0,2026-02-13 18:00:00
17195,151,humidity,62.31,2026-03-16 22:00:00
17196,146,soil_moisture,50.04,2025-08-16 03:00:00
17197,384,humidity,43.46,2025-08-18 10:00:00
17198,50,rainfall,0.0,2026-03-11 13:00:00
17199,353,rainfall,50.27,2026-03-18 10:00:00
17200,74,soil_moisture,42.48,2025-10-24 06:00:00
17201,385,rainfall,0.0,2026-03-22 15:00:00
17202,330,rainfall,0.0,2025-10-02 22:00:00
17203,290,rainfall,0.0,2026-02-26 16:00:00
17204,287,humidity,51.86,2026-04-03 09:00:00
17205,166,rainfall,0.0,2025-11-29 14:00:00
17206,401,rainfall,50.56,2025-12-09 04:00:00
17207,204,humidity,59.7,2025-08-25 11:00:00
17208,364,humidity,66.14,2025-12-20 23:00:00
17209,105,humidity,34.74,2026-01-28 20:00:00
17210,201,humidity,54.02,2026-04-01 02:00:00
17211,219,temperature,26.84,2025-11-19 18:00:00
17212,425,temperature,34.27,2025-09-09 17:00:00
17213,367,soil_moisture,38.25,2025-11-22 17:00:00
17214,419,soil_moisture,30.09,2025-09-25 23:00:00
17215,431,soil_moisture,37.21,2025-07-02 04:00:00
17216,229,temperature,27.74,2025-11-13 16:00:00
17217,440,soil_moisture,37.82,2025-07-10 04:00:00
17218,376,temperature,26.11,2025-09-14 08:00:00
17219,226,temperature,27.92,2026-04-21 04:00:00
17220,351,humidity,42.84,2026-02-12 05:00:00
17221,447,soil_moisture,33.04,2025-09-19 12:00:00
17222,419,rainfall,0.0,2025-09-24 14:00:00
17223,341,rainfall,50.64,2025-11-25 19:00:00
17224,356,temperature,32.99,2025-12-12 05:00:00
17225,226,humidity,41.28,2026-04-22 07:00:00
17226,208,soil_moisture,24.42,2026-01-15 07:00:00
17227,211,rainfall,0.0,2026-02-03 18:00:00
17228,342,temperature,23.94,2026-03-28 16:00:00
17229,161,humidity,36.14,2026-01-07 17:00:00
17230,55,soil_moisture,31.95,2025-09-01 14:00:00
17231,300,rainfall,0.0,2025-10-26 16:00:00
17232,303,humidity,57.15,2025-08-23 15:00:00
17233,447,temperature,25.55,2025-09-19 23:00:00
17234,263,soil_moisture,37.3,2025-12-22 18:00:00
17235,322,soil_moisture,25.43,2026-01-16 15:00:00
17236,324,temperature,25.29,2026-01-26 01:00:00
17237,428,temperature,25.13,2026-02-01 01:00:00
17238,77,temperature,20.84,2026-03-27 18:00:00
17239,257,humidity,63.82,2025-07-05 02:00:00
17240,71,temperature,32.01,2025-10-03 10:00:00
17241,47,humidity,51.04,2025-10-05 13:00:00
17242,285,soil_moisture,31.43,2025-09-06 13:00:00
17243,9,rainfall,0.0,2025-09-20 22:00:00
17244,16,rainfall,38.46,2025-08-20 10:00:00
17245,170,humidity,47.47,2025-07-04 14:00:00
17246,180,rainfall,0.0,2025-12-24 18:00:00
17247,9,rainfall,0.0,2025-09-20 05:00:00
17248,43,humidity,63.27,2025-09-14 14:00:00
17249,293,rainfall,46.08,2026-02-09 17:00:00
17250,384,temperature,24.69,2025-08-18 11:00:00
17251,341,temperature,34.61,2025-11-24 01:00:00
17252,309,temperature,21.73,2026-04-08 05:00:00
17253,5,rainfall,25.03,2026-04-08 09:00:00
17254,331,rainfall,0.0,2026-04-10 02:00:00
17255,208,soil_moisture,24.26,2026-01-15 14:00:00
17256,53,temperature,20.74,2026-03-03 15:00:00
17257,354,temperature,29.41,2026-03-08 13:00:00
17258,178,soil_moisture,33.02,2025-12-17 10:00:00
17259,442,soil_moisture,47.13,2025-10-14 21:00:00
17260,10,temperature,27.29,2026-03-29 11:00:00
17261,215,soil_moisture,43.34,2026-03-15 17:00:00
17262,17,rainfall,0.0,2025-07-20 19:00:00
17263,440,temperature,30.19,2025-07-10 07:00:00
17264,437,temperature,32.1,2025-10-05 18:00:00
17265,180,humidity,64.73,2025-12-25 21:00:00
17266,389,temperature,30.79,2026-03-18 07:00:00
17267,180,humidity,66.64,2025-12-24 16:00:00
17268,377,rainfall,0.0,2025-07-11 18:00:00
17269,72,temperature,27.34,2025-08-19 09:00:00
17270,277,rainfall,0.0,2025-09-12 01:00:00
17271,351,temperature,20.94,2026-02-12 16:00:00
17272,55,temperature,31.53,2025-09-02 03:00:00
17273,178,soil_moisture,30.44,2025-12-15 19:00:00
17274,436,temperature,29.64,2026-02-12 19:00:00
17275,77,soil_moisture,20.35,2026-03-27 22:00:00
17276,288,temperature,27.27,2025-07-06 20:00:00
17277,448,soil_moisture,27.02,2025-12-13 23:00:00
17278,367,temperature,31.01,2025-11-22 18:00:00
17279,47,soil_moisture,42.51,2025-10-04 20:00:00
17280,129,humidity,41.49,2026-04-21 05:00:00
17281,382,rainfall,0.0,2025-07-30 02:00:00
17282,385,humidity,38.63,2026-03-22 15:00:00
17283,370,rainfall,0.0,2025-07-08 02:00:00
17284,263,soil_moisture,31.78,2025-12-22 19:00:00
17285,30,temperature,23.59,2025-08-19 13:00:00
17286,219,temperature,29.26,2025-11-20 04:00:00
17287,53,soil_moisture,28.37,2026-03-03 09:00:00
17288,53,soil_moisture,20.01,2026-03-02 17:00:00
17289,191,soil_moisture,35.76,2026-04-07 23:00:00
17290,196,temperature,25.28,2026-02-15 03:00:00
17291,17,rainfall,0.0,2025-07-20 17:00:00
17292,364,rainfall,74.03,2025-12-20 20:00:00
17293,160,temperature,28.87,2026-04-14 20:00:00
17294,309,temperature,20.52,2026-04-08 02:00:00
17295,177,rainfall,43.83,2026-03-12 05:00:00
17296,425,rainfall,56.2,2025-09-08 18:00:00
17297,402,rainfall,0.0,2026-03-29 18:00:00
17298,74,soil_moisture,38.03,2025-10-24 17:00:00
17299,89,temperature,31.55,2026-02-26 01:00:00
17300,290,humidity,48.49,2026-02-25 18:00:00
17301,24,humidity,49.32,2026-03-05 03:00:00
17302,437,soil_moisture,41.26,2025-10-04 18:00:00
17303,342,rainfall,0.0,2026-03-28 13:00:00
17304,208,soil_moisture,23.86,2026-01-15 04:00:00
17305,128,soil_moisture,45.04,2025-07-11 13:00:00
17306,151,soil_moisture,26.06,2026-03-18 09:00:00
17307,168,soil_moisture,28.66,2026-03-27 16:00:00
17308,50,rainfall,0.0,2026-03-11 07:00:00
17309,190,temperature,23.2,2026-02-09 13:00:00
17310,303,humidity,50.64,2025-08-22 00:00:00
17311,427,temperature,31.94,2025-07-11 11:00:00
17312,272,rainfall,28.28,2025-12-04 07:00:00
17313,186,humidity,61.11,2026-01-27 15:00:00
17314,298,temperature,29.79,2025-09-13 15:00:00
17315,147,temperature,26.57,2026-03-10 13:00:00
17316,204,humidity,62.33,2025-08-25 03:00:00
17317,129,soil_moisture,33.24,2026-04-19 21:00:00
17318,9,soil_moisture,33.48,2025-09-20 03:00:00
17319,309,rainfall,0.0,2026-04-07 02:00:00
17320,385,rainfall,21.19,2026-03-24 06:00:00
17321,437,soil_moisture,43.53,2025-10-04 17:00:00
17322,71,temperature,31.21,2025-10-02 04:00:00
17323,123,rainfall,0.0,2025-11-15 11:00:00
17324,9,rainfall,0.0,2025-09-20 08:00:00
17325,161,soil_moisture,39.84,2026-01-08 10:00:00
17326,143,rainfall,0.0,2025-08-11 17:00:00
17327,151,temperature,22.35,2026-03-18 07:00:00
17328,201,humidity,67.3,2026-03-30 02:00:00
17329,330,rainfall,0.0,2025-10-01 17:00:00
17330,421,rainfall,0.0,2025-07-13 10:00:00
17331,233,temperature,22.64,2025-12-15 21:00:00
17332,70,humidity,42.93,2025-12-09 02:00:00
17333,323,soil_moisture,36.43,2025-07-25 06:00:00
17334,204,soil_moisture,39.12,2025-08-23 20:00:00
17335,91,rainfall,0.0,2026-02-22 22:00:00
17336,66,humidity,39.18,2026-01-06 22:00:00
17337,210,temperature,30.08,2025-11-04 04:00:00
17338,372,rainfall,0.0,2025-10-29 06:00:00
17339,421,soil_moisture,32.7,2025-07-11 21:00:00
17340,170,humidity,42.13,2025-07-04 17:00:00
17341,5,soil_moisture,24.75,2026-04-08 14:00:00
17342,294,temperature,31.73,2026-01-04 14:00:00
17343,223,soil_moisture,35.11,2025-12-15 07:00:00
17344,59,humidity,66.05,2025-12-08 19:00:00
17345,193,rainfall,0.0,2026-03-19 20:00:00
17346,16,soil_moisture,38.13,2025-08-19 14:00:00
17347,89,rainfall,0.0,2026-02-28 07:00:00
17348,7,humidity,55.08,2025-12-15 03:00:00
17349,48,humidity,35.39,2025-12-30 16:00:00
17350,73,temperature,32.09,2025-10-08 16:00:00
17351,351,rainfall,0.0,2026-02-12 23:00:00
17352,356,soil_moisture,35.98,2025-12-12 18:00:00
17353,324,temperature,21.74,2026-01-26 05:00:00
17354,28,humidity,47.85,2025-07-09 17:00:00
17355,90,soil_moisture,40.06,2025-08-19 03:00:00
17356,260,humidity,54.52,2025-09-22 02:00:00
17357,196,soil_moisture,47.88,2026-02-15 02:00:00
17358,240,rainfall,0.0,2026-04-21 11:00:00
17359,6,rainfall,0.0,2025-08-12 09:00:00
17360,353,rainfall,55.77,2026-03-19 09:00:00
17361,114,temperature,19.74,2026-04-19 12:00:00
17362,229,rainfall,0.0,2025-11-11 14:00:00
17363,36,soil_moisture,29.29,2026-03-19 10:00:00
17364,171,temperature,26.95,2026-01-15 10:00:00
17365,368,humidity,70.03,2026-03-04 07:00:00
17366,298,humidity,46.07,2025-09-12 11:00:00
17367,292,soil_moisture,43.3,2025-09-25 23:00:00
17368,128,humidity,42.2,2025-07-09 19:00:00
17369,389,soil_moisture,29.42,2026-03-18 03:00:00
17370,330,rainfall,0.0,2025-10-01 04:00:00
17371,227,rainfall,44.37,2025-10-18 14:00:00
17372,208,rainfall,47.32,2026-01-16 20:00:00
17373,160,humidity,70.71,2026-04-14 05:00:00
17374,72,rainfall,0.0,2025-08-20 01:00:00
17375,331,humidity,39.74,2026-04-10 06:00:00
17376,356,humidity,77.71,2025-12-14 07:00:00
17377,290,soil_moisture,22.21,2026-02-26 18:00:00
17378,293,soil_moisture,30.62,2026-02-08 06:00:00
17379,30,humidity,57.71,2025-08-19 06:00:00
17380,326,soil_moisture,22.07,2026-03-26 08:00:00
17381,196,rainfall,48.56,2026-02-15 06:00:00
17382,146,humidity,58.3,2025-08-15 08:00:00
17383,268,temperature,23.06,2025-12-24 23:00:00
17384,288,humidity,70.17,2025-07-07 20:00:00
17385,238,humidity,72.66,2025-11-25 11:00:00
17386,381,temperature,36.61,2025-10-25 08:00:00
17387,282,humidity,52.92,2026-01-10 07:00:00
17388,367,rainfall,0.0,2025-11-22 07:00:00
17389,303,temperature,31.29,2025-08-21 22:00:00
17390,4,soil_moisture,28.79,2026-04-11 14:00:00
17391,1,rainfall,0.0,2026-02-28 06:00:00
17392,205,humidity,80.16,2025-12-24 21:00:00
17393,401,humidity,54.32,2025-12-10 18:00:00
17394,71,humidity,38.96,2025-10-02 03:00:00
17395,431,soil_moisture,38.79,2025-07-01 03:00:00
17396,47,humidity,48.44,2025-10-04 20:00:00
17397,309,rainfall,0.0,2026-04-08 23:00:00
17398,45,rainfall,0.0,2026-02-09 05:00:00
17399,151,humidity,60.31,2026-03-16 06:00:00
17400,99,temperature,500.0,2025-10-08 03:00:00
17401,154,temperature,32.4,2025-08-22 06:00:00
17402,103,soil_moisture,28.22,2026-01-09 04:00:00
17403,180,soil_moisture,39.33,2025-12-26 00:00:00
17404,10,temperature,26.37,2026-03-28 14:00:00
17405,97,humidity,51.55,2026-02-13 14:00:00
17406,30,rainfall,23.4,2025-08-19 09:00:00
17407,442,humidity,49.58,2025-10-15 02:00:00
17408,180,temperature,24.93,2025-12-25 06:00:00
17409,330,temperature,36.95,2025-10-03 05:00:00
17410,257,rainfall,33.62,2025-07-04 00:00:00
17411,311,rainfall,0.0,2025-10-08 18:00:00
17412,309,rainfall,0.0,2026-04-07 04:00:00
17413,72,soil_moisture,44.85,2025-08-19 18:00:00
17414,322,soil_moisture,13.97,2026-01-18 06:00:00
17415,227,humidity,71.34,2025-10-17 13:00:00
17416,413,temperature,25.71,2026-01-12 16:00:00
17417,318,soil_moisture,39.98,2026-04-07 02:00:00
17418,192,humidity,55.92,2026-01-20 01:00:00
17419,7,temperature,30.15,2025-12-16 02:00:00
17420,386,soil_moisture,35.24,2026-04-06 14:00:00
17421,427,humidity,47.07,2025-07-09 19:00:00
17422,446,soil_moisture,43.19,2026-04-21 19:00:00
17423,240,soil_moisture,23.55,2026-04-21 16:00:00
17424,402,rainfall,0.0,2026-03-28 22:00:00
17425,448,soil_moisture,35.9,2025-12-14 15:00:00
17426,167,rainfall,36.22,2025-12-23 10:00:00
17427,335,soil_moisture,41.52,2025-09-04 17:00:00
17428,292,humidity,69.25,2025-09-24 01:00:00
17429,146,temperature,25.36,2025-08-15 23:00:00
17430,295,rainfall,62.71,2026-04-10 07:00:00
17431,163,rainfall,0.0,2025-07-05 13:00:00
17432,294,temperature,30.95,2026-01-04 07:00:00
17433,60,humidity,38.75,2026-03-05 15:00:00
17434,99,soil_moisture,27.08,2025-10-09 19:00:00
17435,70,humidity,45.15,2025-12-09 14:00:00
17436,386,temperature,24.91,2026-04-04 11:00:00
17437,323,rainfall,0.0,2025-07-26 10:00:00
17438,377,temperature,32.51,2025-07-12 13:00:00
17439,305,temperature,22.87,2025-06-26 20:00:00
17440,353,soil_moisture,31.08,2026-03-19 00:00:00
17441,6,rainfall,0.0,2025-08-11 08:00:00
17442,13,humidity,70.86,2025-11-02 02:00:00
17443,186,temperature,26.32,2026-01-28 19:00:00
17444,163,soil_moisture,46.99,2025-07-05 15:00:00
17445,211,temperature,24.52,2026-02-03 09:00:00
17446,186,soil_moisture,41.54,2026-01-27 11:00:00
17447,437,humidity,52.59,2025-10-04 14:00:00
17448,220,humidity,32.91,2026-01-29 19:00:00
17449,134,humidity,49.27,2026-01-06 02:00:00
17450,402,humidity,54.61,2026-03-28 08:00:00
17451,287,temperature,21.88,2026-04-04 07:00:00
17452,134,soil_moisture,42.99,2026-01-07 09:00:00
17453,46,rainfall,46.15,2025-09-20 22:00:00
17454,60,rainfall,0.0,2026-03-05 16:00:00
17455,29,rainfall,0.0,2026-01-20 02:00:00
17456,13,rainfall,43.33,2025-11-01 22:00:00
17457,59,soil_moisture,49.24,2025-12-10 13:00:00
17458,7,humidity,55.11,2025-12-16 06:00:00
17459,238,rainfall,58.45,2025-11-24 08:00:00
17460,293,soil_moisture,35.52,2026-02-09 22:00:00
17461,421,rainfall,0.0,2025-07-12 00:00:00
17462,413,temperature,31.73,2026-01-13 16:00:00
17463,136,soil_moisture,28.92,2025-11-10 03:00:00
17464,385,soil_moisture,23.44,2026-03-22 21:00:00
17465,442,rainfall,0.0,2025-10-15 09:00:00
17466,296,humidity,50.88,2025-08-21 14:00:00
17467,260,soil_moisture,31.32,2025-09-22 17:00:00
17468,103,rainfall,0.0,2026-01-09 15:00:00
17469,305,soil_moisture,46.56,2025-06-27 22:00:00
17470,411,soil_moisture,34.21,2025-08-24 23:00:00
17471,125,humidity,53.78,2025-11-21 05:00:00
17472,10,humidity,38.56,2026-03-28 13:00:00
17473,298,rainfall,64.93,2025-09-11 15:00:00
17474,222,humidity,64.83,2025-10-16 05:00:00
17475,436,soil_moisture,26.81,2026-02-11 20:00:00
17476,436,rainfall,0.0,2026-02-13 04:00:00
17477,169,soil_moisture,44.64,2026-03-23 15:00:00
17478,354,humidity,61.52,2026-03-07 23:00:00
17479,331,soil_moisture,42.07,2026-04-11 04:00:00
17480,65,rainfall,0.0,2025-07-08 18:00:00
17481,114,soil_moisture,30.78,2026-04-19 13:00:00
17482,30,soil_moisture,39.49,2025-08-19 10:00:00
17483,117,temperature,21.08,2025-08-21 13:00:00
17484,223,soil_moisture,31.44,2025-12-14 06:00:00
17485,428,humidity,31.55,2026-01-31 13:00:00
17486,229,humidity,59.8,2025-11-12 16:00:00
17487,159,rainfall,38.46,2025-09-19 17:00:00
17488,326,rainfall,0.0,2026-03-27 14:00:00
17489,115,soil_moisture,35.68,2025-10-27 02:00:00
17490,323,humidity,62.24,2025-07-26 20:00:00
17491,4,temperature,32.16,2026-04-12 08:00:00
17492,48,temperature,27.74,2025-12-31 06:00:00
17493,13,soil_moisture,40.78,2025-11-01 16:00:00
17494,240,soil_moisture,30.15,2026-04-21 07:00:00
17495,151,humidity,45.74,2026-03-17 21:00:00
17496,305,soil_moisture,43.84,2025-06-27 13:00:00
17497,341,humidity,47.26,2025-11-25 07:00:00
17498,300,temperature,22.82,2025-10-26 15:00:00
17499,401,rainfall,0.0,2025-12-09 08:00:00
17500,384,temperature,28.25,2025-08-18 00:00:00
17501,342,soil_moisture,30.55,2026-03-29 16:00:00
17502,318,soil_moisture,40.75,2026-04-05 03:00:00
17503,77,humidity,43.46,2026-03-26 01:00:00
17504,288,temperature,27.49,2025-07-07 14:00:00
17505,295,rainfall,0.0,2026-04-11 10:00:00
17506,367,temperature,31.54,2025-11-21 22:00:00
17507,361,temperature,22.9,2025-10-19 23:00:00
17508,449,soil_moisture,33.65,2025-09-16 15:00:00
17509,71,rainfall,0.0,2025-10-02 02:00:00
17510,18,humidity,56.35,2026-03-17 10:00:00
17511,235,soil_moisture,41.08,2026-03-30 01:00:00
17512,389,temperature,31.25,2026-03-18 02:00:00
17513,356,rainfall,0.0,2025-12-13 03:00:00
17514,229,temperature,31.56,2025-11-12 04:00:00
17515,59,humidity,70.5,2025-12-08 13:00:00
17516,257,humidity,73.5,2025-07-05 11:00:00
17517,94,rainfall,0.0,2025-09-28 14:00:00
17518,170,rainfall,42.58,2025-07-04 11:00:00
17519,167,humidity,70.78,2025-12-23 15:00:00
17520,6,temperature,23.94,2025-08-11 18:00:00
17521,196,rainfall,0.0,2026-02-16 02:00:00
17522,229,rainfall,0.0,2025-11-13 04:00:00
17523,126,temperature,37.18,2025-08-18 00:00:00
17524,197,humidity,48.47,2026-03-17 08:00:00
17525,296,humidity,60.64,2025-08-22 02:00:00
17526,76,soil_moisture,26.57,2026-04-16 12:00:00
17527,147,temperature,26.69,2026-03-10 12:00:00
17528,137,soil_moisture,22.45,2026-03-13 18:00:00
17529,169,soil_moisture,38.83,2026-03-22 08:00:00
17530,371,humidity,58.33,2026-03-30 05:00:00
17531,50,humidity,32.2,2026-03-10 19:00:00
17532,71,rainfall,59.06,2025-10-02 23:00:00
17533,233,soil_moisture,33.8,2025-12-15 07:00:00
17534,283,soil_moisture,49.62,2026-02-22 13:00:00
17535,372,humidity,65.96,2025-10-29 03:00:00
17536,160,soil_moisture,35.67,2026-04-14 19:00:00
17537,191,humidity,50.0,2026-04-07 01:00:00
17538,413,rainfall,40.34,2026-01-13 07:00:00
17539,1,humidity,69.64,2026-02-28 19:00:00
17540,16,temperature,24.78,2025-08-20 02:00:00
17541,103,soil_moisture,26.43,2026-01-08 12:00:00
17542,135,temperature,28.18,2025-12-07 04:00:00
17543,377,temperature,34.11,2025-07-11 22:00:00
17544,356,soil_moisture,38.94,2025-12-12 16:00:00
17545,55,soil_moisture,26.92,2025-08-31 20:00:00
17546,190,humidity,32.47,2026-02-10 11:00:00
17547,97,humidity,67.37,2026-02-13 23:00:00
17548,215,humidity,47.23,2026-03-14 23:00:00
17549,53,soil_moisture,28.32,2026-03-02 01:00:00
17550,282,humidity,54.04,2026-01-09 11:00:00
17551,53,rainfall,0.0,2026-03-02 19:00:00
17552,442,humidity,46.69,2025-10-15 21:00:00
17553,235,soil_moisture,36.78,2026-03-30 07:00:00
17554,421,humidity,46.68,2025-07-13 12:00:00
17555,294,rainfall,0.0,2026-01-04 11:00:00
17556,305,humidity,44.78,2025-06-26 14:00:00
17557,171,soil_moisture,28.06,2026-01-16 08:00:00
17558,323,temperature,23.75,2025-07-26 10:00:00
17559,447,temperature,23.11,2025-09-18 08:00:00
17560,6,temperature,24.09,2025-08-11 14:00:00
17561,303,humidity,55.79,2025-08-22 15:00:00
17562,223,temperature,23.16,2025-12-13 18:00:00
17563,136,soil_moisture,30.13,2025-11-11 02:00:00
17564,5,rainfall,29.83,2026-04-09 07:00:00
17565,154,temperature,29.06,2025-08-22 10:00:00
17566,382,humidity,46.29,2025-07-30 12:00:00
17567,105,rainfall,0.0,2026-01-28 07:00:00
17568,177,rainfall,0.0,2026-03-12 08:00:00
17569,178,humidity,62.83,2025-12-15 18:00:00
17570,125,rainfall,64.83,2025-11-21 13:00:00
17571,381,soil_moisture,41.96,2025-10-25 01:00:00
17572,386,humidity,67.74,2026-04-06 04:00:00
17573,277,rainfall,0.0,2025-09-11 06:00:00
17574,327,humidity,58.96,2025-07-29 16:00:00
17575,125,soil_moisture,41.1,2025-11-21 06:00:00
17576,1,rainfall,20.91,2026-03-01 09:00:00
17577,71,temperature,29.73,2025-10-02 16:00:00
17578,59,humidity,70.86,2025-12-10 00:00:00
17579,1,humidity,71.4,2026-03-01 14:00:00
17580,323,soil_moisture,33.99,2025-07-25 14:00:00
17581,117,temperature,23.81,2025-08-22 08:00:00
17582,134,humidity,55.24,2026-01-07 20:00:00
17583,382,soil_moisture,46.77,2025-07-31 23:00:00
17584,165,temperature,22.44,2025-07-01 05:00:00
17585,419,humidity,56.04,2025-09-24 05:00:00
17586,43,soil_moisture,37.56,2025-09-13 02:00:00
17587,1,humidity,61.28,2026-02-28 08:00:00
17588,212,rainfall,0.0,2025-11-17 02:00:00
17589,115,soil_moisture,35.72,2025-10-26 13:00:00
17590,346,rainfall,0.0,2025-09-25 23:00:00
17591,165,humidity,69.31,2025-07-01 17:00:00
17592,32,temperature,27.07,2025-07-27 12:00:00
17593,444,humidity,59.13,2025-12-11 15:00:00
17594,255,soil_moisture,41.02,2025-11-02 08:00:00
17595,311,humidity,43.61,2025-10-09 04:00:00
17596,285,temperature,31.5,2025-09-06 18:00:00
17597,382,soil_moisture,47.0,2025-07-31 00:00:00
17598,318,temperature,29.81,2026-04-05 06:00:00
17599,343,rainfall,59.57,2026-01-13 04:00:00
17600,196,rainfall,0.0,2026-02-16 10:00:00
17601,7,soil_moisture,44.82,2025-12-16 12:00:00
17602,32,humidity,73.79,2025-07-26 18:00:00
17603,89,soil_moisture,38.66,2026-02-28 10:00:00
17604,322,humidity,60.17,2026-01-18 04:00:00
17605,134,temperature,28.5,2026-01-07 18:00:00
17606,318,humidity,38.43,2026-04-06 07:00:00
17607,159,humidity,39.04,2025-09-19 14:00:00
17608,309,humidity,41.57,2026-04-08 05:00:00
17609,285,rainfall,0.0,2025-09-07 00:00:00
17610,6,temperature,25.56,2025-08-11 01:00:00
17611,53,temperature,21.42,2026-03-03 09:00:00
17612,305,humidity,51.59,2025-06-26 06:00:00
17613,260,soil_moisture,35.24,2025-09-21 18:00:00
17614,5,soil_moisture,27.83,2026-04-07 01:00:00
17615,226,humidity,47.38,2026-04-22 03:00:00
17616,346,rainfall,0.0,2025-09-24 02:00:00
17617,290,rainfall,0.0,2026-02-26 17:00:00
17618,166,temperature,31.41,2025-11-30 17:00:00
17619,193,soil_moisture,40.79,2026-03-19 19:00:00
17620,215,rainfall,25.64,2026-03-15 21:00:00
17621,170,humidity,50.51,2025-07-03 03:00:00
17622,16,temperature,23.33,2025-08-18 14:00:00
17623,382,soil_moisture,46.07,2025-07-30 03:00:00
17624,50,soil_moisture,24.8,2026-03-09 09:00:00
17625,211,temperature,23.81,2026-02-03 20:00:00
17626,17,soil_moisture,31.72,2025-07-21 12:00:00
17627,418,temperature,34.95,2025-09-05 13:00:00
17628,165,rainfall,0.0,2025-06-30 18:00:00
17629,353,soil_moisture,38.46,2026-03-18 21:00:00
17630,335,rainfall,0.0,2025-09-03 21:00:00
17631,60,humidity,49.73,2026-03-06 16:00:00
17632,91,soil_moisture,39.08,2026-02-23 01:00:00
17633,277,rainfall,0.0,2025-09-10 21:00:00
17634,128,soil_moisture,47.81,2025-07-10 00:00:00
17635,13,rainfall,0.0,2025-11-01 09:00:00
17636,165,rainfall,0.0,2025-06-30 13:00:00
17637,396,humidity,44.18,2025-07-05 01:00:00
17638,285,temperature,31.12,2025-09-05 06:00:00
17639,123,temperature,25.69,2025-11-15 12:00:00
17640,154,rainfall,0.0,2025-08-20 18:00:00
17641,277,humidity,74.67,2025-09-10 14:00:00
17642,169,temperature,29.06,2026-03-22 06:00:00
17643,331,rainfall,0.0,2026-04-10 11:00:00
17644,402,humidity,50.31,2026-03-29 18:00:00
17645,437,temperature,29.3,2025-10-04 15:00:00
17646,437,soil_moisture,44.57,2025-10-03 16:00:00
17647,238,soil_moisture,35.06,2025-11-26 09:00:00
17648,226,rainfall,56.89,2026-04-23 06:00:00
17649,28,rainfall,0.0,2025-07-10 08:00:00
17650,7,rainfall,0.0,2025-12-15 14:00:00
17651,169,soil_moisture,40.31,2026-03-22 17:00:00
17652,277,soil_moisture,42.02,2025-09-10 14:00:00
17653,73,temperature,32.04,2025-10-08 23:00:00
17654,9,soil_moisture,36.66,2025-09-20 07:00:00
17655,238,humidity,79.81,2025-11-24 01:00:00
17656,341,rainfall,0.0,2025-11-25 23:00:00
17657,46,soil_moisture,36.41,2025-09-19 11:00:00
17658,223,rainfall,0.0,2025-12-14 01:00:00
17659,310,temperature,24.8,2025-12-23 02:00:00
17660,341,temperature,38.12,2025-11-25 07:00:00
17661,321,temperature,25.69,2025-09-11 09:00:00
17662,77,humidity,48.58,2026-03-27 10:00:00
17663,229,rainfall,52.32,2025-11-11 06:00:00
17664,421,soil_moisture,26.67,2025-07-11 12:00:00
17665,282,soil_moisture,36.9,2026-01-10 10:00:00
17666,133,rainfall,0.0,2025-07-02 21:00:00
17667,318,humidity,43.26,2026-04-06 14:00:00
17668,66,temperature,21.08,2026-01-06 08:00:00
17669,311,temperature,30.39,2025-10-08 21:00:00
17670,178,rainfall,0.0,2025-12-16 19:00:00
17671,401,rainfall,53.71,2025-12-09 03:00:00
17672,300,humidity,71.13,2025-10-27 18:00:00
17673,335,temperature,27.86,2025-09-04 00:00:00
17674,122,humidity,75.91,2025-12-23 04:00:00
17675,403,temperature,33.03,2025-11-07 12:00:00
17676,240,soil_moisture,26.33,2026-04-23 05:00:00
17677,308,humidity,59.86,2025-12-26 07:00:00
17678,411,humidity,62.39,2025-08-24 11:00:00
17679,356,rainfall,0.0,2025-12-14 04:00:00
17680,157,rainfall,46.94,2026-01-19 22:00:00
17681,177,soil_moisture,24.16,2026-03-12 23:00:00
17682,159,rainfall,0.0,2025-09-19 03:00:00
17683,140,soil_moisture,38.95,2025-09-13 20:00:00
17684,238,rainfall,0.0,2025-11-25 22:00:00
17685,235,soil_moisture,38.61,2026-03-31 14:00:00
17686,208,rainfall,43.47,2026-01-17 02:00:00
17687,32,soil_moisture,39.92,2025-07-26 11:00:00
17688,326,temperature,19.52,2026-03-28 14:00:00
17689,384,rainfall,0.0,2025-08-16 05:00:00
17690,94,temperature,29.61,2025-09-30 01:00:00
17691,180,soil_moisture,40.7,2025-12-24 07:00:00
17692,74,rainfall,0.0,2025-10-23 14:00:00
17693,211,humidity,54.73,2026-02-03 11:00:00
17694,424,temperature,27.0,2026-01-07 12:00:00
17695,305,humidity,43.02,2025-06-28 14:00:00
17696,77,temperature,20.88,2026-03-26 03:00:00
17697,324,humidity,54.94,2026-01-27 07:00:00
17698,72,rainfall,0.0,2025-08-20 02:00:00
17699,91,soil_moisture,43.44,2026-02-23 11:00:00
17700,210,soil_moisture,40.24,2025-11-05 14:00:00
17701,273,soil_moisture,40.49,2026-01-07 03:00:00
17702,44,temperature,30.41,2025-10-08 10:00:00
17703,321,humidity,50.24,2025-09-11 14:00:00
17704,401,humidity,52.46,2025-12-11 02:00:00
17705,294,rainfall,29.78,2026-01-03 10:00:00
17706,16,humidity,61.7,2025-08-19 00:00:00
17707,220,soil_moisture,17.89,2026-01-30 02:00:00
17708,177,temperature,19.98,2026-03-13 11:00:00
17709,233,temperature,28.37,2025-12-14 06:00:00
17710,146,rainfall,0.0,2025-08-15 08:00:00
17711,309,humidity,44.46,2026-04-07 01:00:00
17712,147,rainfall,33.5,2026-03-09 09:00:00
17713,128,temperature,24.27,2025-07-11 05:00:00
17714,205,rainfall,0.0,2025-12-25 10:00:00
17715,235,humidity,52.8,2026-04-01 00:00:00
17716,160,soil_moisture,40.16,2026-04-14 07:00:00
17717,391,soil_moisture,31.23,2025-06-26 13:00:00
17718,160,rainfall,45.42,2026-04-15 03:00:00
17719,353,soil_moisture,37.12,2026-03-19 14:00:00
17720,293,rainfall,0.0,2026-02-09 03:00:00
17721,53,humidity,43.4,2026-03-03 23:00:00
17722,66,rainfall,25.58,2026-01-07 00:00:00
17723,444,temperature,29.28,2025-12-11 17:00:00
17724,226,soil_moisture,32.84,2026-04-22 14:00:00
17725,167,humidity,70.54,2025-12-24 09:00:00
17726,160,soil_moisture,42.25,2026-04-14 10:00:00
17727,295,rainfall,0.0,2026-04-10 19:00:00
17728,146,rainfall,29.54,2025-08-16 16:00:00
17729,322,humidity,59.03,2026-01-16 18:00:00
17730,55,rainfall,0.0,2025-09-01 16:00:00
17731,50,rainfall,0.0,2026-03-11 08:00:00
17732,288,rainfall,45.28,2025-07-07 04:00:00
17733,295,temperature,18.9,2026-04-12 06:00:00
17734,425,temperature,31.54,2025-09-08 09:00:00
17735,290,rainfall,48.39,2026-02-27 12:00:00
17736,91,temperature,19.35,2026-02-22 18:00:00
17737,384,soil_moisture,25.29,2025-08-17 23:00:00
17738,294,soil_moisture,27.76,2026-01-04 10:00:00
17739,151,temperature,29.08,2026-03-16 02:00:00
17740,204,soil_moisture,37.93,2025-08-23 01:00:00
17741,201,humidity,66.28,2026-04-01 05:00:00
17742,204,humidity,70.37,2025-08-24 20:00:00
17743,6,rainfall,29.76,2025-08-11 12:00:00
17744,368,soil_moisture,25.05,2026-03-07 00:00:00
17745,449,soil_moisture,32.93,2025-09-16 04:00:00
17746,53,temperature,23.07,2026-03-03 18:00:00
17747,5,rainfall,0.0,2026-04-09 00:00:00
17748,136,rainfall,0.0,2025-11-12 13:00:00
17749,448,humidity,75.7,2025-12-15 01:00:00
17750,159,rainfall,40.35,2025-09-19 01:00:00
17751,391,humidity,54.06,2025-06-27 04:00:00
17752,346,soil_moisture,38.8,2025-09-25 15:00:00
17753,129,rainfall,0.0,2026-04-20 08:00:00
17754,292,temperature,25.36,2025-09-26 05:00:00
17755,29,rainfall,0.0,2026-01-19 00:00:00
17756,341,humidity,52.25,2025-11-24 04:00:00
17757,113,rainfall,0.0,2025-07-29 20:00:00
17758,190,soil_moisture,37.31,2026-02-09 18:00:00
17759,226,rainfall,0.0,2026-04-23 14:00:00
17760,117,rainfall,0.0,2025-08-22 18:00:00
17761,192,humidity,51.76,2026-01-21 00:00:00
17762,371,temperature,29.55,2026-03-31 04:00:00
17763,45,humidity,49.89,2026-02-10 03:00:00
17764,151,humidity,57.65,2026-03-16 08:00:00
17765,6,humidity,64.5,2025-08-12 23:00:00
17766,448,rainfall,0.0,2025-12-15 13:00:00
17767,431,rainfall,17.99,2025-07-02 03:00:00
17768,168,soil_moisture,22.25,2026-03-27 11:00:00
17769,238,humidity,64.19,2025-11-24 14:00:00
17770,50,temperature,20.66,2026-03-10 05:00:00
17771,229,soil_moisture,36.36,2025-11-11 19:00:00
17772,268,humidity,58.85,2025-12-24 11:00:00
17773,436,rainfall,0.0,2026-02-13 06:00:00
17774,185,soil_moisture,37.01,2026-03-04 07:00:00
17775,308,rainfall,0.0,2025-12-27 23:00:00
17776,134,humidity,56.74,2026-01-08 07:00:00
17777,255,soil_moisture,43.33,2025-11-02 15:00:00
17778,446,soil_moisture,50.24,2026-04-21 20:00:00
17779,309,humidity,50.84,2026-04-08 11:00:00
17780,288,soil_moisture,33.55,2025-07-08 14:00:00
17781,105,humidity,36.93,2026-01-27 15:00:00
17782,425,humidity,63.07,2025-09-09 23:00:00
17783,351,humidity,40.66,2026-02-12 06:00:00
17784,442,rainfall,0.0,2025-10-16 02:00:00
17785,97,rainfall,0.0,2026-02-14 03:00:00
17786,103,rainfall,0.0,2026-01-09 16:00:00
17787,18,temperature,22.89,2026-03-15 13:00:00
17788,211,soil_moisture,19.51,2026-02-04 07:00:00
17789,296,temperature,33.41,2025-08-21 17:00:00
17790,45,soil_moisture,29.47,2026-02-09 03:00:00
17791,184,rainfall,0.0,2026-01-07 04:00:00
17792,154,soil_moisture,31.33,2025-08-20 08:00:00
17793,196,temperature,23.26,2026-02-17 11:00:00
17794,391,rainfall,0.0,2025-06-26 22:00:00
17795,71,temperature,29.87,2025-10-01 14:00:00
17796,16,rainfall,0.0,2025-08-19 05:00:00
17797,326,temperature,23.62,2026-03-28 15:00:00
17798,321,soil_moisture,29.76,2025-09-10 02:00:00
17799,117,soil_moisture,22.42,2025-08-21 19:00:00
17800,384,rainfall,0.0,2025-08-16 17:00:00
17801,140,temperature,23.52,2025-09-12 11:00:00
17802,168,humidity,63.63,2026-03-27 08:00:00
17803,413,temperature,31.81,2026-01-13 23:00:00
17804,377,rainfall,0.0,2025-07-11 19:00:00
17805,180,temperature,25.74,2025-12-24 07:00:00
17806,117,soil_moisture,28.6,2025-08-21 16:00:00
17807,402,rainfall,0.0,2026-03-29 10:00:00
17808,24,temperature,27.96,2026-03-05 06:00:00
17809,282,temperature,30.66,2026-01-09 04:00:00
17810,327,temperature,27.52,2025-07-28 07:00:00
17811,201,soil_moisture,20.35,2026-03-30 16:00:00
17812,401,rainfall,0.0,2025-12-10 15:00:00
17813,389,temperature,33.68,2026-03-18 03:00:00
17814,227,temperature,35.72,2025-10-17 00:00:00
17815,143,soil_moisture,26.48,2025-08-10 18:00:00
17816,368,humidity,70.03,2026-03-04 07:00:00
17817,292,soil_moisture,48.41,2025-09-26 08:00:00
17818,197,soil_moisture,42.41,2026-03-15 08:00:00
17819,396,humidity,41.2,2025-07-04 19:00:00
17820,151,temperature,28.72,2026-03-17 06:00:00
17821,255,temperature,28.62,2025-11-04 10:00:00
17822,372,humidity,999.9,2025-10-29 08:00:00
17823,29,humidity,39.59,2026-01-18 12:00:00
17824,17,humidity,46.11,2025-07-20 14:00:00
17825,74,humidity,45.4,2025-10-23 09:00:00
17826,436,humidity,66.8,2026-02-12 02:00:00
17827,272,humidity,60.23,2025-12-04 04:00:00
17828,134,humidity,48.21,2026-01-07 00:00:00
17829,134,soil_moisture,43.97,2026-01-06 03:00:00
17830,235,humidity,57.28,2026-03-30 20:00:00
17831,9,temperature,33.14,2025-09-20 14:00:00
17832,285,humidity,47.01,2025-09-05 23:00:00
17833,342,humidity,62.22,2026-03-28 16:00:00
17834,335,humidity,70.21,2025-09-03 18:00:00
17835,192,soil_moisture,34.53,2026-01-19 04:00:00
17836,4,rainfall,0.0,2026-04-12 03:00:00
17837,351,soil_moisture,22.65,2026-02-13 14:00:00
17838,382,rainfall,0.0,2025-07-30 07:00:00
17839,169,soil_moisture,44.67,2026-03-22 20:00:00
17840,177,rainfall,0.0,2026-03-12 22:00:00
17841,59,soil_moisture,53.68,2025-12-08 22:00:00
17842,361,rainfall,0.0,2025-10-19 20:00:00
17843,180,humidity,59.81,2025-12-26 00:00:00
17844,59,soil_moisture,52.53,2025-12-09 20:00:00
17845,296,humidity,53.92,2025-08-21 20:00:00
17846,341,temperature,34.95,2025-11-26 07:00:00
17847,43,rainfall,0.0,2025-09-12 18:00:00
17848,204,humidity,56.6,2025-08-24 19:00:00
17849,368,humidity,68.94,2026-03-05 13:00:00
17850,376,temperature,31.37,2025-09-14 09:00:00
17851,103,soil_moisture,27.89,2026-01-10 01:00:00
17852,402,rainfall,37.62,2026-03-29 00:00:00
17853,32,rainfall,31.36,2025-07-27 00:00:00
17854,419,humidity,61.21,2025-09-25 20:00:00
17855,170,humidity,43.43,2025-07-03 17:00:00
17856,28,soil_moisture,40.56,2025-07-09 18:00:00
17857,300,humidity,68.38,2025-10-28 03:00:00
17858,288,rainfall,43.35,2025-07-07 19:00:00
17859,223,soil_moisture,34.01,2025-12-13 20:00:00
17860,427,temperature,33.49,2025-07-10 16:00:00
17861,78,temperature,31.77,2025-09-25 05:00:00
17862,146,humidity,51.56,2025-08-16 04:00:00
17863,192,temperature,26.14,2026-01-19 21:00:00
17864,171,temperature,28.36,2026-01-17 11:00:00
17865,235,humidity,67.92,2026-03-30 07:00:00
17866,129,humidity,38.31,2026-04-19 02:00:00
17867,160,soil_moisture,44.59,2026-04-15 14:00:00
17868,190,temperature,22.17,2026-02-09 01:00:00
17869,377,humidity,40.91,2025-07-11 21:00:00
17870,235,temperature,29.25,2026-03-31 11:00:00
17871,126,soil_moisture,28.47,2025-08-18 13:00:00
17872,74,temperature,27.7,2025-10-23 22:00:00
17873,391,soil_moisture,33.37,2025-06-26 06:00:00
17874,82,humidity,45.93,2026-02-20 09:00:00
17875,324,temperature,24.0,2026-01-27 00:00:00
17876,330,temperature,33.44,2025-10-03 00:00:00
17877,323,rainfall,0.0,2025-07-26 22:00:00
17878,287,rainfall,0.0,2026-04-05 08:00:00
17879,330,humidity,66.89,2025-10-01 22:00:00
17880,103,rainfall,37.55,2026-01-09 17:00:00
17881,5,temperature,33.54,2026-04-08 03:00:00
17882,428,humidity,37.51,2026-01-30 05:00:00
17883,321,humidity,53.39,2025-09-11 16:00:00
17884,424,humidity,31.06,2026-01-07 03:00:00
17885,140,soil_moisture,43.5,2025-09-12 13:00:00
17886,233,temperature,22.93,2025-12-15 22:00:00
17887,396,soil_moisture,39.71,2025-07-04 02:00:00
17888,17,soil_moisture,31.6,2025-07-19 17:00:00
17889,193,temperature,29.99,2026-03-19 01:00:00
17890,6,soil_moisture,48.99,2025-08-12 18:00:00
17891,411,soil_moisture,37.76,2025-08-24 03:00:00
17892,282,rainfall,0.0,2026-01-10 09:00:00
17893,9,rainfall,0.0,2025-09-19 08:00:00
17894,61,soil_moisture,40.21,2026-02-06 22:00:00
17895,277,soil_moisture,38.95,2025-09-10 13:00:00
17896,290,soil_moisture,25.04,2026-02-25 01:00:00
17897,403,humidity,58.52,2025-11-05 02:00:00
17898,55,temperature,30.97,2025-09-01 19:00:00
17899,449,soil_moisture,36.56,2025-09-16 01:00:00
17900,342,rainfall,0.0,2026-03-28 08:00:00
17901,32,rainfall,0.0,2025-07-26 10:00:00
17902,421,humidity,50.58,2025-07-11 17:00:00
17903,311,humidity,52.6,2025-10-07 07:00:00
17904,91,temperature,21.91,2026-02-22 08:00:00
17905,277,humidity,79.17,2025-09-12 00:00:00
17906,362,temperature,20.3,2026-04-19 08:00:00
17907,186,soil_moisture,39.15,2026-01-28 09:00:00
17908,222,humidity,61.42,2025-10-15 09:00:00
17909,136,soil_moisture,31.78,2025-11-11 15:00:00
17910,70,rainfall,0.0,2025-12-10 14:00:00
17911,159,humidity,46.97,2025-09-19 12:00:00
17912,170,rainfall,0.0,2025-07-03 02:00:00
17913,418,rainfall,0.0,2025-09-07 01:00:00
17914,295,humidity,53.04,2026-04-12 08:00:00
17915,223,rainfall,0.0,2025-12-14 20:00:00
17916,381,soil_moisture,40.15,2025-10-24 04:00:00
17917,370,soil_moisture,32.17,2025-07-10 06:00:00
17918,353,rainfall,52.29,2026-03-19 08:00:00
17919,45,soil_moisture,23.73,2026-02-08 06:00:00
17920,147,soil_moisture,31.24,2026-03-09 03:00:00
17921,335,soil_moisture,41.62,2025-09-04 10:00:00
17922,335,soil_moisture,43.02,2025-09-03 06:00:00
17923,148,rainfall,49.53,2025-12-02 21:00:00
17924,193,rainfall,0.0,2026-03-18 13:00:00
17925,309,rainfall,0.0,2026-04-07 09:00:00
17926,340,soil_moisture,32.95,2025-12-27 07:00:00
17927,300,rainfall,51.82,2025-10-27 08:00:00
17928,165,humidity,61.61,2025-07-01 18:00:00
17929,82,humidity,45.01,2026-02-21 10:00:00
17930,425,humidity,67.98,2025-09-10 11:00:00
17931,137,soil_moisture,25.37,2026-03-14 15:00:00
17932,372,temperature,28.73,2025-10-28 17:00:00
17933,263,temperature,27.08,2025-12-21 10:00:00
17934,49,humidity,40.29,2025-09-29 20:00:00
17935,136,rainfall,0.0,2025-11-12 12:00:00
17936,335,soil_moisture,36.18,2025-09-03 12:00:00
17937,211,humidity,66.34,2026-02-04 10:00:00
17938,73,soil_moisture,31.22,2025-10-08 18:00:00
17939,73,temperature,31.59,2025-10-08 02:00:00
17940,18,temperature,23.07,2026-03-16 16:00:00
17941,134,soil_moisture,40.93,2026-01-06 05:00:00
17942,238,temperature,27.34,2025-11-26 10:00:00
17943,391,humidity,55.58,2025-06-26 16:00:00
17944,277,soil_moisture,37.14,2025-09-11 09:00:00
17945,385,temperature,22.89,2026-03-23 06:00:00
17946,391,rainfall,0.0,2025-06-26 03:00:00
17947,384,soil_moisture,28.63,2025-08-16 04:00:00
17948,1,soil_moisture,29.65,2026-03-01 00:00:00
17949,190,temperature,22.11,2026-02-09 10:00:00
17950,305,rainfall,0.0,2025-06-26 22:00:00
17951,204,humidity,61.96,2025-08-24 06:00:00
17952,61,temperature,25.55,2026-02-07 12:00:00
17953,311,soil_moisture,42.23,2025-10-09 14:00:00
17954,413,humidity,47.96,2026-01-13 10:00:00
17955,30,humidity,60.35,2025-08-19 04:00:00
17956,43,soil_moisture,31.68,2025-09-13 07:00:00
17957,362,humidity,52.39,2026-04-18 20:00:00
17958,436,temperature,31.1,2026-02-11 22:00:00
17959,212,temperature,24.82,2025-11-16 23:00:00
17960,59,humidity,75.25,2025-12-08 03:00:00
17961,326,temperature,24.67,2026-03-26 15:00:00
17962,204,humidity,55.96,2025-08-24 13:00:00
17963,70,soil_moisture,30.17,2025-12-09 07:00:00
17964,370,rainfall,0.0,2025-07-08 19:00:00
17965,147,rainfall,47.17,2026-03-08 18:00:00
17966,367,soil_moisture,40.78,2025-11-21 19:00:00
17967,428,humidity,39.06,2026-01-30 01:00:00
17968,117,temperature,25.45,2025-08-21 06:00:00
17969,140,soil_moisture,45.04,2025-09-13 04:00:00
17970,136,rainfall,0.0,2025-11-11 02:00:00
17971,260,soil_moisture,29.66,2025-09-21 03:00:00
17972,24,rainfall,0.0,2026-03-04 02:00:00
17973,436,soil_moisture,32.53,2026-02-13 00:00:00
17974,428,soil_moisture,41.56,2026-01-31 10:00:00
17975,238,humidity,85.9,2025-11-25 08:00:00
17976,125,temperature,25.58,2025-11-21 00:00:00
17977,238,humidity,71.63,2025-11-24 15:00:00
17978,227,rainfall,0.0,2025-10-18 03:00:00
17979,128,soil_moisture,44.09,2025-07-11 01:00:00
17980,28,temperature,21.98,2025-07-10 21:00:00
17981,28,humidity,50.75,2025-07-09 09:00:00
17982,185,humidity,51.69,2026-03-04 01:00:00
17983,99,soil_moisture,29.14,2025-10-08 07:00:00
17984,50,rainfall,8.99,2026-03-11 04:00:00
17985,323,temperature,20.76,2025-07-25 02:00:00
17986,377,humidity,45.59,2025-07-11 10:00:00
17987,160,humidity,65.53,2026-04-14 11:00:00
17988,342,temperature,20.74,2026-03-28 18:00:00
17989,72,soil_moisture,41.51,2025-08-21 04:00:00
17990,342,humidity,68.92,2026-03-28 10:00:00
17991,6,soil_moisture,42.0,2025-08-11 23:00:00
17992,219,soil_moisture,41.23,2025-11-21 03:00:00
17993,220,humidity,36.84,2026-01-31 02:00:00
17994,210,temperature,30.5,2025-11-05 10:00:00
17995,309,rainfall,49.68,2026-04-08 08:00:00
17996,46,rainfall,0.0,2025-09-19 01:00:00
17997,364,rainfall,0.0,2025-12-21 10:00:00
17998,229,humidity,51.06,2025-11-12 06:00:00
17999,82,humidity,45.0,2026-02-21 20:00:00
18000,71,temperature,30.72,2025-10-01 20:00:00
18001,215,rainfall,26.03,2026-03-15 10:00:00
18002,340,humidity,47.82,2025-12-26 15:00:00
18003,424,temperature,25.74,2026-01-06 18:00:00
18004,205,humidity,72.73,2025-12-25 18:00:00
18005,186,soil_moisture,42.83,2026-01-28 08:00:00
18006,53,temperature,25.23,2026-03-03 07:00:00
18007,159,humidity,43.98,2025-09-20 01:00:00
18008,97,humidity,55.68,2026-02-14 12:00:00
18009,190,rainfall,0.0,2026-02-10 12:00:00
18010,425,rainfall,45.74,2025-09-10 03:00:00
18011,10,humidity,39.56,2026-03-28 08:00:00
18012,324,rainfall,51.49,2026-01-26 06:00:00
18013,115,humidity,69.72,2025-10-26 03:00:00
18014,90,rainfall,31.72,2025-08-19 01:00:00
18015,30,rainfall,0.0,2025-08-20 11:00:00
18016,212,soil_moisture,44.37,2025-11-17 10:00:00
18017,13,soil_moisture,36.84,2025-11-02 21:00:00
18018,168,soil_moisture,25.56,2026-03-27 04:00:00
18019,449,rainfall,49.89,2025-09-15 07:00:00
18020,376,temperature,30.14,2025-09-14 13:00:00
18021,1,rainfall,0.0,2026-02-28 10:00:00
18022,66,soil_moisture,27.41,2026-01-06 20:00:00
18023,436,rainfall,0.0,2026-02-11 23:00:00
18024,161,temperature,26.72,2026-01-06 06:00:00
18025,212,soil_moisture,43.26,2025-11-18 04:00:00
18026,122,temperature,24.44,2025-12-23 02:00:00
18027,257,temperature,33.23,2025-07-03 02:00:00
18028,324,rainfall,41.21,2026-01-27 14:00:00
18029,161,humidity,34.69,2026-01-08 18:00:00
18030,72,humidity,46.73,2025-08-20 08:00:00
18031,177,temperature,23.83,2026-03-13 00:00:00
18032,165,humidity,64.64,2025-07-01 14:00:00
18033,125,soil_moisture,45.99,2025-11-21 08:00:00
18034,220,rainfall,0.0,2026-01-29 14:00:00
18035,425,rainfall,0.0,2025-09-09 11:00:00
18036,151,rainfall,0.0,2026-03-18 03:00:00
18037,396,temperature,30.42,2025-07-05 00:00:00
18038,99,rainfall,0.0,2025-10-10 00:00:00
18039,293,humidity,49.51,2026-02-09 11:00:00
18040,425,rainfall,0.0,2025-09-09 05:00:00
18041,235,rainfall,0.0,2026-03-30 09:00:00
18042,389,soil_moisture,32.56,2026-03-17 01:00:00
18043,273,humidity,52.19,2026-01-08 07:00:00
18044,82,rainfall,0.0,2026-02-21 04:00:00
18045,147,humidity,-273.0,2026-03-09 11:00:00
18046,65,humidity,68.99,2025-07-08 17:00:00
18047,448,humidity,71.53,2025-12-14 01:00:00
18048,255,humidity,50.44,2025-11-03 05:00:00
18049,123,rainfall,0.0,2025-11-15 13:00:00
18050,205,rainfall,0.0,2025-12-25 19:00:00
18051,10,rainfall,0.0,2026-03-28 01:00:00
18052,308,temperature,21.77,2025-12-26 07:00:00
18053,154,rainfall,39.79,2025-08-21 19:00:00
18054,43,rainfall,0.0,2025-09-12 17:00:00
18055,66,soil_moisture,29.07,2026-01-06 23:00:00
18056,32,rainfall,0.0,2025-07-27 01:00:00
18057,324,rainfall,0.0,2026-01-26 21:00:00
18058,53,soil_moisture,22.99,2026-03-04 01:00:00
18059,238,humidity,73.54,2025-11-25 09:00:00
18060,157,temperature,24.86,2026-01-20 05:00:00
18061,442,soil_moisture,48.87,2025-10-16 01:00:00
18062,97,temperature,30.5,2026-02-15 09:00:00
18063,65,humidity,73.71,2025-07-09 06:00:00
18064,45,temperature,21.64,2026-02-09 15:00:00
18065,90,humidity,58.69,2025-08-20 18:00:00
18066,128,soil_moisture,44.97,2025-07-10 22:00:00
18067,204,soil_moisture,35.69,2025-08-25 15:00:00
18068,255,soil_moisture,41.27,2025-11-03 20:00:00
18069,340,soil_moisture,37.08,2025-12-26 12:00:00
18070,268,rainfall,0.0,2025-12-23 12:00:00
18071,192,temperature,22.07,2026-01-20 20:00:00
18072,367,temperature,28.45,2025-11-21 14:00:00
18073,240,soil_moisture,21.6,2026-04-21 13:00:00
18074,211,temperature,24.27,2026-02-03 17:00:00
18075,330,temperature,32.33,2025-10-01 15:00:00
18076,5,temperature,33.43,2026-04-08 05:00:00
18077,340,rainfall,0.0,2025-12-25 17:00:00
18078,364,temperature,32.56,2025-12-20 18:00:00
18079,440,soil_moisture,50.17,2025-07-08 15:00:00
18080,322,soil_moisture,20.77,2026-01-18 10:00:00
18081,277,rainfall,0.0,2025-09-11 09:00:00
18082,292,temperature,29.34,2025-09-24 21:00:00
18083,73,humidity,61.83,2025-10-09 05:00:00
18084,401,humidity,51.79,2025-12-11 04:00:00
18085,192,humidity,58.06,2026-01-21 07:00:00
18086,311,humidity,51.76,2025-10-07 22:00:00
18087,65,humidity,71.65,2025-07-10 08:00:00
18088,163,soil_moisture,44.88,2025-07-04 22:00:00
18089,7,rainfall,0.0,2025-12-16 00:00:00
18090,103,temperature,19.11,2026-01-09 03:00:00
18091,171,soil_moisture,39.11,2026-01-15 08:00:00
18092,351,soil_moisture,18.98,2026-02-13 20:00:00
18093,99,temperature,30.6,2025-10-08 23:00:00
18094,193,humidity,56.31,2026-03-19 19:00:00
18095,324,temperature,24.32,2026-01-25 02:00:00
18096,170,humidity,43.28,2025-07-03 01:00:00
18097,273,rainfall,0.0,2026-01-08 05:00:00
18098,125,humidity,53.44,2025-11-20 13:00:00
18099,306,rainfall,49.53,2025-12-30 09:00:00
18100,327,temperature,27.24,2025-07-28 06:00:00
18101,169,rainfall,38.97,2026-03-24 00:00:00
18102,208,rainfall,0.0,2026-01-16 16:00:00
18103,384,rainfall,32.9,2025-08-17 01:00:00
18104,376,rainfall,0.0,2025-09-14 10:00:00
18105,295,soil_moisture,34.65,2026-04-11 17:00:00
18106,151,temperature,22.51,2026-03-16 01:00:00
18107,324,humidity,63.15,2026-01-26 02:00:00
18108,223,humidity,71.46,2025-12-13 04:00:00
18109,60,humidity,47.07,2026-03-07 08:00:00
18110,324,temperature,-273.0,2026-01-25 11:00:00
18111,205,humidity,73.09,2025-12-24 17:00:00
18112,401,rainfall,0.0,2025-12-11 08:00:00
18113,342,temperature,20.66,2026-03-28 20:00:00
18114,354,temperature,31.85,2026-03-07 02:00:00
18115,351,rainfall,0.0,2026-02-12 15:00:00
18116,282,rainfall,0.0,2026-01-10 00:00:00
18117,311,temperature,27.92,2025-10-08 11:00:00
18118,184,soil_moisture,26.93,2026-01-05 18:00:00
18119,402,temperature,31.19,2026-03-28 21:00:00
18120,401,soil_moisture,28.02,2025-12-10 08:00:00
18121,428,humidity,39.12,2026-01-31 09:00:00
18122,215,soil_moisture,34.75,2026-03-15 15:00:00
18123,368,soil_moisture,25.37,2026-03-05 10:00:00
18124,364,soil_moisture,38.08,2025-12-21 20:00:00
18125,204,rainfall,0.0,2025-08-23 10:00:00
18126,171,soil_moisture,38.48,2026-01-15 18:00:00
18127,229,soil_moisture,34.57,2025-11-11 21:00:00
18128,201,humidity,59.85,2026-03-31 16:00:00
18129,306,soil_moisture,43.04,2025-12-30 07:00:00
18130,324,humidity,63.11,2026-01-25 05:00:00
18131,448,humidity,85.11,2025-12-14 03:00:00
18132,371,temperature,30.16,2026-03-30 01:00:00
18133,89,temperature,32.08,2026-02-27 01:00:00
18134,32,temperature,27.23,2025-07-27 15:00:00
18135,117,humidity,39.92,2025-08-22 05:00:00
18136,122,soil_moisture,35.84,2025-12-22 15:00:00
18137,427,humidity,46.48,2025-07-11 11:00:00
18138,114,humidity,41.54,2026-04-19 01:00:00
18139,73,rainfall,59.16,2025-10-09 14:00:00
18140,74,rainfall,0.0,2025-10-22 14:00:00
18141,154,humidity,68.61,2025-08-20 13:00:00
18142,163,humidity,42.59,2025-07-05 04:00:00
18143,123,humidity,54.83,2025-11-16 15:00:00
18144,47,rainfall,51.0,2025-10-05 19:00:00
18145,305,soil_moisture,45.97,2025-06-27 14:00:00
18146,229,soil_moisture,39.29,2025-11-12 14:00:00
18147,446,temperature,27.09,2026-04-20 06:00:00
18148,94,rainfall,0.0,2025-09-29 01:00:00
18149,370,soil_moisture,28.07,2025-07-10 19:00:00
18150,324,temperature,19.65,2026-01-25 03:00:00
18151,99,humidity,47.77,2025-10-09 16:00:00
18152,306,temperature,33.45,2025-12-30 13:00:00
18153,411,rainfall,60.18,2025-08-25 01:00:00
18154,9,soil_moisture,38.48,2025-09-21 10:00:00
18155,142,humidity,62.63,2025-11-15 20:00:00
18156,442,humidity,52.67,2025-10-14 04:00:00
18157,268,soil_moisture,37.03,2025-12-24 20:00:00
18158,190,temperature,21.59,2026-02-11 03:00:00
18159,305,soil_moisture,43.82,2025-06-27 17:00:00
18160,78,soil_moisture,40.45,2025-09-25 19:00:00
18161,123,humidity,55.19,2025-11-16 10:00:00
18162,449,rainfall,0.0,2025-09-15 21:00:00
18163,16,humidity,67.4,2025-08-18 22:00:00
18164,129,humidity,47.24,2026-04-20 14:00:00
18165,147,soil_moisture,27.13,2026-03-09 07:00:00
18166,384,humidity,48.25,2025-08-17 09:00:00
18167,105,rainfall,0.0,2026-01-28 02:00:00
18168,277,temperature,26.19,2025-09-11 12:00:00
18169,413,soil_moisture,42.36,2026-01-14 14:00:00
18170,180,soil_moisture,39.33,2025-12-26 00:00:00
18171,354,soil_moisture,28.51,2026-03-06 02:00:00
18172,103,humidity,47.29,2026-01-09 05:00:00
18173,309,rainfall,0.0,2026-04-07 22:00:00
18174,157,soil_moisture,30.96,2026-01-20 21:00:00
18175,448,temperature,26.78,2025-12-14 12:00:00
18176,413,temperature,29.09,2026-01-12 07:00:00
18177,293,rainfall,46.02,2026-02-09 04:00:00
18178,257,rainfall,0.0,2025-07-04 01:00:00
18179,283,soil_moisture,42.03,2026-02-21 15:00:00
18180,197,temperature,27.47,2026-03-15 20:00:00
18181,77,soil_moisture,26.81,2026-03-28 09:00:00
18182,282,rainfall,0.0,2026-01-10 05:00:00
18183,205,rainfall,0.0,2025-12-24 16:00:00
18184,431,rainfall,0.0,2025-07-01 06:00:00
18185,190,soil_moisture,37.25,2026-02-09 10:00:00
18186,157,humidity,43.47,2026-01-20 02:00:00
18187,125,temperature,22.98,2025-11-21 06:00:00
18188,292,soil_moisture,40.24,2025-09-25 18:00:00
18189,190,rainfall,0.0,2026-02-10 05:00:00
18190,192,soil_moisture,31.54,2026-01-20 15:00:00
18191,353,humidity,42.06,2026-03-19 07:00:00
18192,147,rainfall,0.0,2026-03-08 12:00:00
18193,442,rainfall,0.0,2025-10-15 02:00:00
18194,50,humidity,38.55,2026-03-10 08:00:00
18195,28,rainfall,0.0,2025-07-10 21:00:00
18196,240,humidity,59.54,2026-04-22 17:00:00
18197,142,soil_moisture,41.19,2025-11-16 01:00:00
18198,226,rainfall,53.79,2026-04-22 06:00:00
18199,129,rainfall,22.16,2026-04-19 14:00:00
18200,44,rainfall,49.48,2025-10-06 11:00:00
18201,204,rainfall,0.0,2025-08-25 08:00:00
18202,436,rainfall,33.55,2026-02-12 20:00:00
18203,440,temperature,25.37,2025-07-10 11:00:00
18204,354,rainfall,38.01,2026-03-07 18:00:00
18205,167,rainfall,0.0,2025-12-25 02:00:00
18206,308,humidity,48.75,2025-12-26 21:00:00
18207,263,soil_moisture,30.46,2025-12-22 09:00:00
18208,282,temperature,29.65,2026-01-09 09:00:00
18209,440,rainfall,42.66,2025-07-08 13:00:00
18210,13,temperature,24.79,2025-11-03 09:00:00
18211,208,temperature,34.16,2026-01-17 08:00:00
18212,133,temperature,20.36,2025-07-03 14:00:00
18213,97,humidity,62.84,2026-02-13 10:00:00
18214,311,rainfall,0.0,2025-10-07 09:00:00
18215,191,rainfall,50.47,2026-04-06 03:00:00
18216,128,soil_moisture,46.41,2025-07-09 14:00:00
18217,436,humidity,76.55,2026-02-11 19:00:00
18218,448,temperature,28.21,2025-12-13 06:00:00
18219,282,humidity,58.64,2026-01-10 08:00:00
18220,165,rainfall,0.0,2025-07-01 03:00:00
18221,184,rainfall,0.0,2026-01-05 16:00:00
18222,140,soil_moisture,36.84,2025-09-13 15:00:00
18223,49,soil_moisture,31.6,2025-09-30 12:00:00
18224,293,rainfall,0.0,2026-02-08 03:00:00
18225,114,rainfall,36.74,2026-04-19 16:00:00
18226,342,temperature,23.31,2026-03-28 11:00:00
18227,381,soil_moisture,47.56,2025-10-25 04:00:00
18228,310,humidity,58.78,2025-12-22 11:00:00
18229,94,temperature,27.24,2025-09-29 05:00:00
18230,76,temperature,22.11,2026-04-16 14:00:00
18231,322,humidity,57.52,2026-01-17 04:00:00
18232,77,rainfall,0.0,2026-03-26 02:00:00
18233,36,soil_moisture,30.31,2026-03-18 15:00:00
18234,437,soil_moisture,43.48,2025-10-04 02:00:00
18235,160,soil_moisture,34.98,2026-04-14 18:00:00
18236,148,temperature,33.16,2025-12-02 15:00:00
18237,30,rainfall,26.55,2025-08-20 04:00:00
18238,171,soil_moisture,35.59,2026-01-15 02:00:00
18239,208,rainfall,0.0,2026-01-17 11:00:00
18240,28,temperature,20.17,2025-07-10 14:00:00
18241,151,soil_moisture,24.37,2026-03-17 05:00:00
18242,330,temperature,33.38,2025-10-02 09:00:00
18243,91,soil_moisture,43.32,2026-02-22 15:00:00
18244,122,soil_moisture,46.0,2025-12-22 21:00:00
18245,351,soil_moisture,25.78,2026-02-12 06:00:00
18246,5,temperature,32.17,2026-04-07 13:00:00
18247,411,humidity,59.02,2025-08-25 03:00:00
18248,323,rainfall,31.03,2025-07-25 22:00:00
18249,391,temperature,23.14,2025-06-28 07:00:00
18250,55,rainfall,0.0,2025-09-01 02:00:00
18251,47,rainfall,0.0,2025-10-04 19:00:00
18252,160,humidity,68.86,2026-04-15 22:00:00
18253,292,humidity,62.91,2025-09-24 18:00:00
18254,448,rainfall,31.88,2025-12-15 07:00:00
18255,177,rainfall,39.42,2026-03-13 08:00:00
18256,48,humidity,45.02,2025-12-30 15:00:00
18257,431,humidity,57.99,2025-07-02 11:00:00
18258,402,soil_moisture,22.07,2026-03-30 06:00:00
18259,197,temperature,30.81,2026-03-16 00:00:00
18260,300,temperature,24.19,2025-10-25 11:00:00
18261,300,rainfall,42.64,2025-10-25 23:00:00
18262,235,soil_moisture,34.79,2026-03-31 16:00:00
18263,305,humidity,50.19,2025-06-26 21:00:00
18264,53,humidity,40.18,2026-03-04 05:00:00
18265,449,rainfall,48.43,2025-09-16 01:00:00
18266,123,soil_moisture,40.57,2025-11-17 05:00:00
18267,371,soil_moisture,26.29,2026-03-31 16:00:00
18268,385,soil_moisture,29.69,2026-03-24 02:00:00
18269,29,temperature,32.61,2026-01-20 03:00:00
18270,94,temperature,30.82,2025-09-28 16:00:00
18271,382,soil_moisture,48.85,2025-07-31 12:00:00
18272,300,temperature,23.95,2025-10-26 00:00:00
18273,371,rainfall,0.0,2026-04-01 07:00:00
18274,437,humidity,60.82,2025-10-03 12:00:00
18275,413,humidity,51.14,2026-01-13 12:00:00
18276,292,humidity,65.87,2025-09-24 22:00:00
18277,10,rainfall,44.71,2026-03-28 16:00:00
18278,402,humidity,58.66,2026-03-28 19:00:00
18279,4,rainfall,48.29,2026-04-12 14:00:00
18280,142,soil_moisture,33.59,2025-11-16 05:00:00
18281,326,rainfall,0.0,2026-03-26 15:00:00
18282,36,temperature,29.39,2026-03-20 12:00:00
18283,321,soil_moisture,33.96,2025-09-10 15:00:00
18284,36,humidity,53.89,2026-03-19 10:00:00
18285,46,rainfall,0.0,2025-09-19 06:00:00
18286,295,temperature,24.92,2026-04-11 12:00:00
18287,354,rainfall,0.0,2026-03-06 11:00:00
18288,240,soil_moisture,25.93,2026-04-22 06:00:00
18289,298,humidity,56.45,2025-09-12 19:00:00
18290,140,soil_moisture,34.64,2025-09-12 18:00:00
18291,143,humidity,70.06,2025-08-10 08:00:00
18292,257,temperature,29.5,2025-07-03 21:00:00
18293,76,soil_moisture,23.51,2026-04-15 21:00:00
18294,277,temperature,27.81,2025-09-10 15:00:00
18295,227,rainfall,0.0,2025-10-16 10:00:00
18296,65,temperature,27.55,2025-07-09 03:00:00
18297,29,soil_moisture,22.38,2026-01-19 17:00:00
18298,76,rainfall,0.0,2026-04-16 00:00:00
18299,9,temperature,31.88,2025-09-20 10:00:00
18300,305,soil_moisture,37.54,2025-06-27 07:00:00
18301,113,humidity,49.58,2025-07-29 02:00:00
18302,97,rainfall,28.61,2026-02-13 21:00:00
18303,24,rainfall,35.64,2026-03-04 19:00:00
18304,146,soil_moisture,40.51,2025-08-15 06:00:00
18305,193,rainfall,0.0,2026-03-18 19:00:00
18306,165,temperature,22.04,2025-07-01 11:00:00
18307,449,humidity,71.2,2025-09-16 04:00:00
18308,190,humidity,33.69,2026-02-10 06:00:00
18309,448,humidity,74.25,2025-12-13 16:00:00
18310,382,temperature,19.72,2025-07-31 15:00:00
18311,447,humidity,51.51,2025-09-18 13:00:00
18312,177,temperature,22.19,2026-03-12 18:00:00
18313,421,rainfall,0.0,2025-07-12 21:00:00
18314,318,humidity,42.14,2026-04-05 09:00:00
18315,211,humidity,68.08,2026-02-02 21:00:00
18316,53,temperature,23.86,2026-03-02 23:00:00
18317,180,soil_moisture,38.18,2025-12-26 01:00:00
18318,177,soil_moisture,28.78,2026-03-13 02:00:00
18319,300,humidity,77.59,2025-10-26 20:00:00
18320,94,rainfall,0.0,2025-09-30 06:00:00
18321,97,soil_moisture,35.93,2026-02-14 02:00:00
18322,5,temperature,36.28,2026-04-07 08:00:00
18323,384,soil_moisture,28.44,2025-08-17 17:00:00
18324,142,soil_moisture,38.52,2025-11-15 17:00:00
18325,7,temperature,32.27,2025-12-15 05:00:00
18326,342,rainfall,0.0,2026-03-28 10:00:00
18327,263,humidity,41.93,2025-12-22 02:00:00
18328,166,soil_moisture,23.42,2025-11-29 15:00:00
18329,169,humidity,67.7,2026-03-23 13:00:00
18330,442,temperature,35.23,2025-10-14 01:00:00
18331,444,temperature,30.18,2025-12-11 21:00:00
18332,447,rainfall,0.0,2025-09-18 08:00:00
18333,29,temperature,29.36,2026-01-19 00:00:00
18334,169,temperature,26.17,2026-03-22 12:00:00
18335,103,temperature,19.8,2026-01-09 02:00:00
18336,370,temperature,22.66,2025-07-09 09:00:00
18337,18,humidity,52.34,2026-03-16 10:00:00
18338,427,humidity,54.56,2025-07-09 20:00:00
18339,418,humidity,42.94,2025-09-06 02:00:00
18340,282,temperature,29.59,2026-01-10 01:00:00
18341,220,soil_moisture,21.63,2026-01-29 12:00:00
18342,135,rainfall,0.0,2025-12-05 22:00:00
18343,205,soil_moisture,43.23,2025-12-26 02:00:00
18344,82,humidity,43.25,2026-02-22 05:00:00
18345,208,temperature,29.34,2026-01-15 10:00:00
18346,346,temperature,32.4,2025-09-25 23:00:00
18347,78,rainfall,0.0,2025-09-25 20:00:00
18348,444,rainfall,0.0,2025-12-13 01:00:00
18349,413,soil_moisture,43.44,2026-01-13 07:00:00
18350,32,temperature,31.97,2025-07-26 15:00:00
18351,446,soil_moisture,40.62,2026-04-20 15:00:00
18352,353,humidity,47.4,2026-03-19 14:00:00
18353,148,humidity,59.76,2025-12-03 19:00:00
18354,322,rainfall,22.51,2026-01-16 05:00:00
18355,49,humidity,45.95,2025-09-29 06:00:00
18356,177,rainfall,0.0,2026-03-12 20:00:00
18357,30,soil_moisture,40.59,2025-08-19 07:00:00
18358,49,temperature,26.47,2025-09-29 05:00:00
18359,165,temperature,21.83,2025-07-02 01:00:00
18360,227,temperature,36.6,2025-10-16 13:00:00
18361,90,rainfall,0.0,2025-08-20 02:00:00
18362,135,soil_moisture,48.94,2025-12-06 23:00:00
18363,135,soil_moisture,44.1,2025-12-05 18:00:00
18364,367,rainfall,36.56,2025-11-21 17:00:00
18365,137,temperature,22.02,2026-03-13 09:00:00
18366,449,temperature,37.95,2025-09-16 09:00:00
18367,142,humidity,73.41,2025-11-16 21:00:00
18368,285,soil_moisture,28.46,2025-09-05 13:00:00
18369,220,rainfall,21.53,2026-01-29 16:00:00
18370,123,temperature,24.6,2025-11-15 20:00:00
18371,180,rainfall,0.0,2025-12-26 04:00:00
18372,220,soil_moisture,19.02,2026-01-30 16:00:00
18373,126,rainfall,0.0,2025-08-17 13:00:00
18374,386,rainfall,54.0,2026-04-05 01:00:00
18375,442,rainfall,0.0,2025-10-16 03:00:00
18376,61,humidity,47.65,2026-02-06 14:00:00
18377,356,humidity,73.67,2025-12-13 21:00:00
18378,219,soil_moisture,36.78,2025-11-20 11:00:00
18379,66,temperature,21.92,2026-01-07 10:00:00
18380,391,temperature,26.6,2025-06-26 03:00:00
18381,376,humidity,54.11,2025-09-13 22:00:00
18382,135,humidity,57.17,2025-12-06 06:00:00
18383,222,rainfall,39.8,2025-10-17 00:00:00
18384,17,temperature,29.45,2025-07-19 20:00:00
18385,9,soil_moisture,41.3,2025-09-19 03:00:00
18386,298,soil_moisture,34.64,2025-09-13 04:00:00
18387,257,rainfall,24.24,2025-07-04 17:00:00
18388,115,humidity,64.22,2025-10-27 13:00:00
18389,427,humidity,51.2,2025-07-09 16:00:00
18390,428,humidity,40.17,2026-01-30 15:00:00
18391,323,rainfall,35.23,2025-07-26 20:00:00
18392,82,temperature,28.38,2026-02-20 15:00:00
18393,128,rainfall,52.08,2025-07-10 14:00:00
18394,190,temperature,25.75,2026-02-09 07:00:00
18395,263,rainfall,50.85,2025-12-22 13:00:00
18396,362,soil_moisture,24.96,2026-04-18 17:00:00
18397,73,soil_moisture,35.42,2025-10-08 02:00:00
18398,343,humidity,54.61,2026-01-12 19:00:00
18399,169,rainfall,0.0,2026-03-22 02:00:00
18400,146,temperature,23.88,2025-08-16 22:00:00
18401,295,soil_moisture,28.37,2026-04-10 06:00:00
18402,424,humidity,42.0,2026-01-05 08:00:00
18403,322,temperature,22.74,2026-01-16 02:00:00
18404,351,temperature,18.53,2026-02-12 19:00:00
18405,272,soil_moisture,49.66,2025-12-04 05:00:00
18406,6,soil_moisture,44.37,2025-08-11 22:00:00
18407,197,soil_moisture,50.07,2026-03-16 22:00:00
18408,122,rainfall,0.0,2025-12-22 12:00:00
18409,151,rainfall,0.0,2026-03-16 06:00:00
18410,151,temperature,28.0,2026-03-17 22:00:00
18411,136,rainfall,0.0,2025-11-11 17:00:00
18412,61,rainfall,0.0,2026-02-07 03:00:00
18413,290,rainfall,0.0,2026-02-26 13:00:00
18414,128,temperature,24.29,2025-07-09 08:00:00
18415,190,soil_moisture,35.83,2026-02-09 14:00:00
18416,219,soil_moisture,34.2,2025-11-21 00:00:00
18417,356,rainfall,44.49,2025-12-12 14:00:00
18418,361,humidity,69.18,2025-10-19 15:00:00
18419,257,soil_moisture,28.74,2025-07-03 06:00:00
18420,185,rainfall,37.1,2026-03-06 08:00:00
18421,411,rainfall,0.0,2025-08-24 23:00:00
18422,184,temperature,28.34,2026-01-06 12:00:00
18423,305,humidity,40.81,2025-06-26 03:00:00
18424,165,humidity,57.25,2025-06-30 15:00:00
18425,185,rainfall,0.0,2026-03-05 12:00:00
18426,16,temperature,26.07,2025-08-20 10:00:00
18427,292,temperature,27.82,2025-09-25 10:00:00
18428,310,temperature,26.55,2025-12-23 09:00:00
18429,292,temperature,31.87,2025-09-26 04:00:00
18430,204,humidity,61.5,2025-08-24 14:00:00
18431,327,soil_moisture,43.64,2025-07-30 05:00:00
18432,273,temperature,26.74,2026-01-08 14:00:00
18433,341,rainfall,0.0,2025-11-26 05:00:00
18434,103,soil_moisture,27.51,2026-01-09 18:00:00
18435,16,temperature,24.46,2025-08-18 03:00:00
18436,449,humidity,72.47,2025-09-15 03:00:00
18437,197,rainfall,21.01,2026-03-15 02:00:00
18438,18,humidity,46.61,2026-03-16 16:00:00
18439,260,soil_moisture,33.32,2025-09-23 06:00:00
18440,44,rainfall,0.0,2025-10-06 10:00:00
18441,327,humidity,62.96,2025-07-29 13:00:00
18442,177,temperature,20.25,2026-03-12 16:00:00
18443,59,rainfall,0.0,2025-12-10 11:00:00
18444,146,humidity,55.5,2025-08-15 21:00:00
18445,372,soil_moisture,36.15,2025-10-28 03:00:00
18446,143,humidity,53.05,2025-08-10 14:00:00
18447,177,humidity,62.99,2026-03-14 00:00:00
18448,122,temperature,25.37,2025-12-22 19:00:00
18449,401,rainfall,0.0,2025-12-09 20:00:00
18450,32,temperature,29.36,2025-07-27 02:00:00
18451,146,soil_moisture,46.41,2025-08-17 00:00:00
18452,147,rainfall,0.0,2026-03-08 17:00:00
18453,364,soil_moisture,41.16,2025-12-20 05:00:00
18454,341,soil_moisture,37.78,2025-11-25 01:00:00
18455,238,temperature,27.02,2025-11-24 01:00:00
18456,59,soil_moisture,44.77,2025-12-08 19:00:00
18457,295,soil_moisture,31.33,2026-04-11 10:00:00
18458,346,humidity,63.8,2025-09-24 04:00:00
18459,1,humidity,65.04,2026-02-28 23:00:00
18460,227,humidity,61.2,2025-10-17 09:00:00
18461,36,humidity,52.01,2026-03-19 05:00:00
18462,382,humidity,50.94,2025-07-30 11:00:00
18463,184,temperature,27.41,2026-01-05 18:00:00
18464,97,temperature,31.62,2026-02-13 15:00:00
18465,295,rainfall,44.43,2026-04-11 02:00:00
18466,154,humidity,61.97,2025-08-21 21:00:00
18467,178,rainfall,54.94,2025-12-15 20:00:00
18468,321,soil_moisture,25.04,2025-09-11 21:00:00
18469,204,rainfall,0.0,2025-08-24 15:00:00
18470,371,temperature,28.93,2026-04-01 05:00:00
18471,5,temperature,31.66,2026-04-08 21:00:00
18472,159,temperature,32.57,2025-09-20 07:00:00
18473,143,temperature,29.6,2025-08-10 20:00:00
18474,389,temperature,30.17,2026-03-18 01:00:00
18475,1,soil_moisture,29.81,2026-03-02 02:00:00
18476,340,rainfall,0.0,2025-12-26 13:00:00
18477,53,rainfall,0.0,2026-03-02 21:00:00
18478,356,soil_moisture,39.59,2025-12-13 11:00:00
18479,142,soil_moisture,40.57,2025-11-15 20:00:00
18480,193,soil_moisture,42.36,2026-03-18 23:00:00
18481,30,temperature,23.42,2025-08-19 16:00:00
18482,36,rainfall,0.0,2026-03-20 10:00:00
18483,367,humidity,57.25,2025-11-22 07:00:00
18484,298,humidity,49.19,2025-09-11 13:00:00
18485,354,rainfall,0.0,2026-03-07 09:00:00
18486,99,rainfall,0.0,2025-10-10 01:00:00
18487,442,humidity,47.15,2025-10-15 08:00:00
18488,105,rainfall,34.36,2026-01-28 01:00:00
18489,372,rainfall,0.0,2025-10-29 05:00:00
18490,72,humidity,43.31,2025-08-19 04:00:00
18491,260,temperature,35.16,2025-09-23 11:00:00
18492,419,temperature,29.13,2025-09-24 23:00:00
18493,368,soil_moisture,25.37,2026-03-05 10:00:00
18494,44,soil_moisture,35.01,2025-10-06 01:00:00
18495,298,rainfall,0.0,2025-09-11 10:00:00
18496,419,temperature,24.0,2025-09-24 18:00:00
18497,303,soil_moisture,32.69,2025-08-22 16:00:00
18498,306,temperature,32.58,2025-12-29 16:00:00
18499,180,temperature,26.55,2025-12-24 04:00:00
18500,427,temperature,35.57,2025-07-10 07:00:00
18501,403,soil_moisture,43.99,2025-11-06 06:00:00
18502,128,temperature,24.09,2025-07-10 15:00:00
18503,10,temperature,29.16,2026-03-28 12:00:00
18504,396,humidity,50.68,2025-07-04 18:00:00
18505,389,humidity,42.45,2026-03-17 04:00:00
18506,283,rainfall,0.0,2026-02-22 21:00:00
18507,288,rainfall,0.0,2025-07-07 03:00:00
18508,171,rainfall,0.0,2026-01-15 08:00:00
18509,126,humidity,54.45,2025-08-17 13:00:00
18510,154,rainfall,0.0,2025-08-21 18:00:00
18511,129,rainfall,0.0,2026-04-19 07:00:00
18512,361,rainfall,0.0,2025-10-19 13:00:00
18513,147,humidity,56.75,2026-03-08 03:00:00
18514,282,soil_moisture,38.04,2026-01-10 08:00:00
18515,283,humidity,49.27,2026-02-22 11:00:00
18516,376,rainfall,44.45,2025-09-14 23:00:00
18517,146,rainfall,0.0,2025-08-16 06:00:00
18518,170,soil_moisture,39.94,2025-07-05 09:00:00
18519,419,rainfall,0.0,2025-09-24 19:00:00
18520,55,rainfall,0.0,2025-09-01 13:00:00
18521,335,rainfall,0.0,2025-09-03 07:00:00
18522,55,humidity,70.06,2025-09-01 07:00:00
18523,44,temperature,26.02,2025-10-06 02:00:00
18524,151,humidity,58.49,2026-03-16 02:00:00
18525,157,rainfall,0.0,2026-01-20 18:00:00
18526,220,soil_moisture,36.29,2026-01-30 19:00:00
18527,341,rainfall,0.0,2025-11-24 06:00:00
18528,142,rainfall,0.0,2025-11-16 18:00:00
18529,170,soil_moisture,43.35,2025-07-05 00:00:00
18530,354,rainfall,40.19,2026-03-06 19:00:00
18531,24,humidity,45.0,2026-03-06 02:00:00
18532,165,temperature,22.87,2025-07-01 19:00:00
18533,161,rainfall,0.0,2026-01-08 07:00:00
18534,184,rainfall,26.61,2026-01-05 13:00:00
18535,1,rainfall,0.0,2026-02-28 08:00:00
18536,306,temperature,31.87,2025-12-30 00:00:00
18537,295,temperature,24.57,2026-04-11 16:00:00
18538,219,soil_moisture,39.28,2025-11-20 19:00:00
18539,282,soil_moisture,42.59,2026-01-10 23:00:00
18540,330,humidity,57.38,2025-10-01 16:00:00
18541,113,soil_moisture,38.46,2025-07-29 06:00:00
18542,103,rainfall,0.0,2026-01-09 08:00:00
18543,48,humidity,32.97,2025-12-31 16:00:00
18544,65,rainfall,0.0,2025-07-10 05:00:00
18545,115,rainfall,0.0,2025-10-25 04:00:00
18546,71,temperature,29.04,2025-10-01 23:00:00
18547,16,rainfall,0.0,2025-08-19 00:00:00
18548,89,temperature,29.57,2026-02-26 04:00:00
18549,151,rainfall,0.0,2026-03-18 14:00:00
18550,77,rainfall,29.45,2026-03-26 19:00:00
18551,160,rainfall,0.0,2026-04-15 09:00:00
18552,185,temperature,34.38,2026-03-05 11:00:00
18553,227,rainfall,46.35,2025-10-16 23:00:00
18554,449,soil_moisture,33.93,2025-09-15 17:00:00
18555,346,humidity,70.45,2025-09-24 17:00:00
18556,28,humidity,49.39,2025-07-10 23:00:00
18557,362,temperature,22.58,2026-04-17 16:00:00
18558,368,soil_moisture,28.64,2026-03-05 23:00:00
18559,163,soil_moisture,43.88,2025-07-05 21:00:00
18560,177,humidity,52.58,2026-03-12 18:00:00
18561,146,rainfall,0.0,2025-08-17 01:00:00
18562,385,soil_moisture,26.15,2026-03-22 16:00:00
18563,442,humidity,47.54,2025-10-16 06:00:00
18564,326,rainfall,0.0,2026-03-26 06:00:00
18565,229,temperature,28.34,2025-11-13 04:00:00
18566,71,rainfall,0.0,2025-10-03 20:00:00
18567,36,temperature,28.14,2026-03-18 22:00:00
18568,114,rainfall,18.94,2026-04-20 18:00:00
18569,114,temperature,22.05,2026-04-19 20:00:00
18570,55,rainfall,0.0,2025-08-31 13:00:00
18571,421,rainfall,0.0,2025-07-11 06:00:00
18572,6,soil_moisture,38.36,2025-08-12 05:00:00
18573,43,humidity,56.95,2025-09-14 15:00:00
18574,403,temperature,37.17,2025-11-07 09:00:00
18575,386,soil_moisture,40.29,2026-04-04 04:00:00
18576,29,temperature,32.07,2026-01-19 03:00:00
18577,362,humidity,52.08,2026-04-19 05:00:00
18578,28,rainfall,0.0,2025-07-10 09:00:00
18579,298,temperature,28.47,2025-09-11 17:00:00
18580,272,soil_moisture,47.19,2025-12-03 08:00:00
18581,255,humidity,59.71,2025-11-04 01:00:00
18582,427,soil_moisture,24.12,2025-07-11 07:00:00
18583,97,temperature,30.11,2026-02-13 10:00:00
18584,421,humidity,50.09,2025-07-11 07:00:00
18585,7,temperature,28.02,2025-12-16 22:00:00
18586,447,temperature,21.47,2025-09-19 17:00:00
18587,330,temperature,32.05,2025-10-01 11:00:00
18588,186,soil_moisture,44.86,2026-01-28 02:00:00
18589,210,temperature,30.56,2025-11-06 01:00:00
18590,154,temperature,29.48,2025-08-22 23:00:00
18591,53,soil_moisture,25.35,2026-03-04 12:00:00
18592,377,humidity,43.13,2025-07-11 12:00:00
18593,449,temperature,36.16,2025-09-15 14:00:00
18594,219,humidity,76.29,2025-11-20 18:00:00
18595,48,temperature,32.39,2025-12-30 01:00:00
18596,331,temperature,26.46,2026-04-10 14:00:00
18597,137,soil_moisture,26.7,2026-03-14 09:00:00
18598,384,rainfall,0.0,2025-08-16 11:00:00
18599,151,humidity,57.43,2026-03-17 03:00:00
18600,89,temperature,30.96,2026-02-27 15:00:00
18601,135,humidity,75.09,2025-12-06 18:00:00
18602,167,humidity,67.03,2025-12-25 01:00:00
18603,323,soil_moisture,34.23,2025-07-25 16:00:00
18604,178,humidity,55.77,2025-12-16 20:00:00
18605,29,temperature,30.49,2026-01-19 01:00:00
18606,125,temperature,24.58,2025-11-20 03:00:00
18607,308,soil_moisture,30.19,2025-12-26 19:00:00
18608,427,soil_moisture,36.61,2025-07-11 01:00:00
18609,229,humidity,57.25,2025-11-11 01:00:00
18610,117,temperature,19.86,2025-08-22 12:00:00
18611,115,humidity,73.7,2025-10-25 09:00:00
18612,306,humidity,60.28,2025-12-31 04:00:00
18613,354,rainfall,0.0,2026-03-07 16:00:00
18614,377,humidity,50.01,2025-07-12 23:00:00
18615,168,soil_moisture,27.93,2026-03-27 02:00:00
18616,211,soil_moisture,19.24,2026-02-03 04:00:00
18617,5,humidity,35.01,2026-04-09 02:00:00
18618,346,rainfall,39.93,2025-09-26 06:00:00
18619,211,temperature,21.83,2026-02-04 02:00:00
18620,9,temperature,33.99,2025-09-20 11:00:00
18621,192,temperature,27.99,2026-01-19 16:00:00
18622,154,temperature,31.0,2025-08-20 21:00:00
18623,421,temperature,25.97,2025-07-11 23:00:00
18624,413,rainfall,0.0,2026-01-14 13:00:00
18625,401,humidity,54.57,2025-12-09 06:00:00
18626,295,rainfall,0.0,2026-04-11 05:00:00
18627,16,soil_moisture,44.23,2025-08-19 23:00:00
18628,370,rainfall,41.93,2025-07-09 20:00:00
18629,134,temperature,30.09,2026-01-07 06:00:00
18630,273,soil_moisture,38.48,2026-01-07 17:00:00
18631,205,temperature,23.25,2025-12-25 01:00:00
18632,211,soil_moisture,25.94,2026-02-04 01:00:00
18633,184,soil_moisture,24.11,2026-01-06 01:00:00
18634,353,humidity,49.1,2026-03-20 07:00:00
18635,306,soil_moisture,40.91,2025-12-30 11:00:00
18636,440,soil_moisture,42.76,2025-07-08 16:00:00
18637,330,soil_moisture,22.11,2025-10-01 13:00:00
18638,371,soil_moisture,23.7,2026-03-31 02:00:00
18639,255,soil_moisture,41.5,2025-11-02 09:00:00
18640,168,humidity,57.05,2026-03-27 11:00:00
18641,192,soil_moisture,33.41,2026-01-20 17:00:00
18642,16,temperature,28.0,2025-08-20 13:00:00
18643,368,soil_moisture,999.9,2026-03-05 01:00:00
18644,74,temperature,24.33,2025-10-23 14:00:00
18645,165,soil_moisture,26.41,2025-07-01 12:00:00
18646,215,rainfall,0.0,2026-03-14 19:00:00
18647,322,humidity,56.23,2026-01-16 08:00:00
18648,13,rainfall,0.0,2025-11-01 10:00:00
18649,367,humidity,55.84,2025-11-22 17:00:00
18650,396,humidity,55.81,2025-07-04 12:00:00
18651,135,humidity,65.54,2025-12-06 01:00:00
18652,449,soil_moisture,37.63,2025-09-16 14:00:00
18653,296,temperature,34.32,2025-08-22 00:00:00
18654,190,soil_moisture,36.11,2026-02-10 12:00:00
18655,53,temperature,22.98,2026-03-03 08:00:00
18656,123,temperature,26.97,2025-11-16 11:00:00
18657,385,humidity,49.46,2026-03-22 13:00:00
18658,305,soil_moisture,37.43,2025-06-28 00:00:00
18659,343,rainfall,0.0,2026-01-13 05:00:00
18660,17,temperature,30.57,2025-07-20 04:00:00
18661,447,rainfall,0.0,2025-09-18 21:00:00
18662,140,soil_moisture,41.35,2025-09-14 00:00:00
18663,180,temperature,24.88,2025-12-25 08:00:00
18664,161,rainfall,0.0,2026-01-08 21:00:00
18665,5,temperature,32.1,2026-04-07 15:00:00
18666,135,humidity,62.71,2025-12-05 01:00:00
18667,362,soil_moisture,21.7,2026-04-18 11:00:00
18668,424,soil_moisture,27.31,2026-01-07 07:00:00
18669,293,humidity,44.12,2026-02-09 13:00:00
18670,169,temperature,26.47,2026-03-22 07:00:00
18671,204,soil_moisture,500.0,2025-08-24 15:00:00
18672,43,rainfall,41.22,2025-09-13 15:00:00
18673,113,soil_moisture,32.36,2025-07-27 17:00:00
18674,13,temperature,25.3,2025-11-02 02:00:00
18675,293,soil_moisture,33.77,2026-02-09 21:00:00
18676,196,rainfall,0.0,2026-02-16 15:00:00
18677,126,humidity,66.69,2025-08-18 12:00:00
18678,196,rainfall,0.0,2026-02-16 23:00:00
18679,396,rainfall,0.0,2025-07-05 17:00:00
18680,46,rainfall,0.0,2025-09-20 12:00:00
18681,28,temperature,20.15,2025-07-10 04:00:00
18682,49,rainfall,0.0,2025-10-01 00:00:00
18683,411,rainfall,0.0,2025-08-23 22:00:00
18684,233,temperature,29.75,2025-12-14 15:00:00
18685,326,temperature,26.92,2026-03-27 21:00:00
18686,447,rainfall,0.0,2025-09-18 23:00:00
18687,191,temperature,30.4,2026-04-06 03:00:00
18688,117,rainfall,29.94,2025-08-23 06:00:00
18689,322,rainfall,0.0,2026-01-16 20:00:00
18690,311,soil_moisture,37.76,2025-10-08 13:00:00
18691,233,temperature,24.59,2025-12-16 04:00:00
18692,76,temperature,19.01,2026-04-15 18:00:00
18693,421,rainfall,24.68,2025-07-11 01:00:00
18694,168,rainfall,23.91,2026-03-27 20:00:00
18695,421,humidity,47.88,2025-07-13 01:00:00
18696,193,humidity,56.39,2026-03-19 21:00:00
18697,296,soil_moisture,46.99,2025-08-20 06:00:00
18698,136,soil_moisture,26.59,2025-11-10 14:00:00
18699,273,temperature,26.28,2026-01-07 23:00:00
18700,113,temperature,28.4,2025-07-29 00:00:00
18701,364,humidity,66.74,2025-12-20 08:00:00
18702,384,humidity,50.22,2025-08-18 07:00:00
18703,161,soil_moisture,36.75,2026-01-08 17:00:00
18704,135,temperature,27.43,2025-12-06 11:00:00
18705,255,temperature,25.32,2025-11-02 18:00:00
18706,193,temperature,27.34,2026-03-19 10:00:00
18707,10,temperature,29.96,2026-03-28 20:00:00
18708,354,soil_moisture,22.55,2026-03-07 18:00:00
18709,167,soil_moisture,43.28,2025-12-24 23:00:00
18710,389,rainfall,0.0,2026-03-16 05:00:00
18711,386,rainfall,0.0,2026-04-06 15:00:00
18712,55,humidity,56.19,2025-08-31 05:00:00
18713,157,soil_moisture,28.84,2026-01-19 15:00:00
18714,354,rainfall,0.0,2026-03-06 01:00:00
18715,65,soil_moisture,46.65,2025-07-09 11:00:00
18716,306,temperature,34.27,2025-12-30 08:00:00
18717,117,temperature,23.28,2025-08-22 07:00:00
18718,292,temperature,26.72,2025-09-24 02:00:00
18719,178,humidity,65.05,2025-12-16 10:00:00
18720,323,rainfall,0.0,2025-07-25 06:00:00
18721,204,temperature,30.99,2025-08-24 21:00:00
18722,413,humidity,50.01,2026-01-13 19:00:00
18723,115,rainfall,999.9,2025-10-26 16:00:00
18724,381,rainfall,0.0,2025-10-26 01:00:00
18725,185,temperature,32.46,2026-03-06 06:00:00
18726,76,humidity,60.73,2026-04-15 01:00:00
18727,255,temperature,25.27,2025-11-03 18:00:00
18728,448,humidity,74.8,2025-12-13 09:00:00
18729,117,temperature,27.11,2025-08-21 11:00:00
18730,283,soil_moisture,41.51,2026-02-21 19:00:00
18731,396,soil_moisture,36.2,2025-07-04 15:00:00
18732,126,humidity,56.65,2025-08-17 05:00:00
18733,66,rainfall,0.0,2026-01-06 03:00:00
18734,273,temperature,23.32,2026-01-08 08:00:00
18735,448,temperature,24.82,2025-12-14 07:00:00
18736,277,humidity,74.08,2025-09-11 00:00:00
18737,326,humidity,41.22,2026-03-26 21:00:00
18738,424,rainfall,0.0,2026-01-06 02:00:00
18739,341,temperature,37.1,2025-11-24 17:00:00
18740,201,rainfall,0.0,2026-04-01 14:00:00
18741,298,temperature,30.69,2025-09-13 22:00:00
18742,446,humidity,53.42,2026-04-21 22:00:00
18743,446,soil_moisture,40.75,2026-04-21 16:00:00
18744,428,temperature,23.66,2026-02-01 08:00:00
18745,370,soil_moisture,34.93,2025-07-10 07:00:00
18746,184,temperature,31.23,2026-01-06 03:00:00
18747,196,humidity,64.42,2026-02-16 05:00:00
18748,151,rainfall,0.0,2026-03-17 16:00:00
18749,74,humidity,39.4,2025-10-22 06:00:00
18750,436,soil_moisture,24.84,2026-02-12 21:00:00
18751,123,soil_moisture,35.71,2025-11-17 11:00:00
18752,134,rainfall,0.0,2026-01-07 23:00:00
18753,273,rainfall,39.07,2026-01-06 08:00:00
18754,353,temperature,16.86,2026-03-19 03:00:00
18755,129,temperature,31.29,2026-04-19 18:00:00
18756,17,rainfall,29.43,2025-07-20 15:00:00
18757,220,humidity,45.33,2026-01-29 23:00:00
18758,91,temperature,23.56,2026-02-22 19:00:00
18759,322,temperature,21.31,2026-01-18 01:00:00
18760,53,rainfall,0.0,2026-03-02 10:00:00
18761,137,rainfall,0.0,2026-03-14 06:00:00
18762,364,temperature,34.39,2025-12-20 21:00:00
18763,311,soil_moisture,36.29,2025-10-09 02:00:00
18764,351,humidity,48.77,2026-02-13 19:00:00
18765,331,temperature,22.63,2026-04-10 05:00:00
18766,137,rainfall,0.0,2026-03-13 07:00:00
18767,167,rainfall,54.54,2025-12-25 07:00:00
18768,10,temperature,30.01,2026-03-28 13:00:00
18769,166,humidity,58.04,2025-11-29 12:00:00
18770,73,rainfall,51.6,2025-10-09 15:00:00
18771,309,humidity,52.16,2026-04-07 03:00:00
18772,103,rainfall,0.0,2026-01-08 04:00:00
18773,389,temperature,31.68,2026-03-16 01:00:00
18774,4,humidity,62.93,2026-04-11 23:00:00
18775,204,temperature,33.61,2025-08-25 17:00:00
18776,123,rainfall,0.0,2025-11-16 16:00:00
18777,142,rainfall,0.0,2025-11-15 21:00:00
18778,148,humidity,53.55,2025-12-02 19:00:00
18779,308,soil_moisture,33.26,2025-12-27 22:00:00
18780,46,rainfall,0.0,2025-09-20 10:00:00
18781,310,soil_moisture,39.75,2025-12-23 16:00:00
18782,82,rainfall,0.0,2026-02-20 17:00:00
18783,148,rainfall,0.0,2025-12-02 23:00:00
18784,117,rainfall,0.0,2025-08-21 05:00:00
18785,197,temperature,31.91,2026-03-15 19:00:00
18786,222,temperature,27.26,2025-10-16 22:00:00
18787,73,temperature,34.47,2025-10-07 11:00:00
18788,295,humidity,53.37,2026-04-10 12:00:00
18789,147,rainfall,0.0,2026-03-08 19:00:00
18790,18,rainfall,0.0,2026-03-15 05:00:00
18791,136,rainfall,0.0,2025-11-10 20:00:00
18792,171,humidity,46.49,2026-01-16 10:00:00
18793,227,soil_moisture,40.5,2025-10-17 02:00:00
18794,427,rainfall,0.0,2025-07-10 19:00:00
18795,78,humidity,45.86,2025-09-26 15:00:00
18796,129,rainfall,0.0,2026-04-19 15:00:00
18797,273,rainfall,40.01,2026-01-07 20:00:00
18798,212,soil_moisture,41.27,2025-11-16 04:00:00
18799,260,temperature,29.45,2025-09-22 04:00:00
18800,59,soil_moisture,45.09,2025-12-10 20:00:00
18801,310,soil_moisture,35.17,2025-12-22 19:00:00
18802,446,rainfall,0.0,2026-04-21 18:00:00
18803,331,soil_moisture,40.64,2026-04-09 06:00:00
18804,135,rainfall,0.0,2025-12-07 10:00:00
18805,44,temperature,31.39,2025-10-06 20:00:00
18806,235,temperature,31.98,2026-04-01 11:00:00
18807,70,soil_moisture,29.45,2025-12-09 14:00:00
18808,377,humidity,41.19,2025-07-11 06:00:00
18809,9,temperature,31.67,2025-09-19 01:00:00
18810,215,soil_moisture,41.11,2026-03-14 03:00:00
18811,137,soil_moisture,26.66,2026-03-12 13:00:00
18812,125,soil_moisture,40.61,2025-11-20 16:00:00
18813,356,rainfall,0.0,2025-12-12 23:00:00
18814,340,soil_moisture,34.0,2025-12-25 11:00:00
18815,303,soil_moisture,31.64,2025-08-22 15:00:00
18816,167,humidity,63.27,2025-12-24 21:00:00
18817,306,rainfall,0.0,2025-12-30 23:00:00
18818,306,temperature,32.28,2025-12-30 03:00:00
18819,381,soil_moisture,40.43,2025-10-24 23:00:00
18820,240,humidity,65.3,2026-04-21 20:00:00
18821,147,rainfall,36.69,2026-03-08 16:00:00
18822,324,rainfall,0.0,2026-01-25 07:00:00
18823,303,humidity,62.32,2025-08-21 18:00:00
18824,45,temperature,22.99,2026-02-08 22:00:00
18825,17,temperature,26.2,2025-07-19 03:00:00
18826,260,temperature,31.65,2025-09-23 06:00:00
18827,353,temperature,22.3,2026-03-20 00:00:00
18828,287,humidity,53.16,2026-04-03 10:00:00
18829,74,rainfall,0.0,2025-10-23 19:00:00
18830,427,rainfall,0.0,2025-07-09 04:00:00
18831,142,soil_moisture,33.24,2025-11-16 11:00:00
18832,263,soil_moisture,29.17,2025-12-22 12:00:00
18833,4,temperature,29.39,2026-04-11 18:00:00
18834,29,humidity,40.7,2026-01-19 01:00:00
18835,191,soil_moisture,37.86,2026-04-06 03:00:00
18836,411,rainfall,67.95,2025-08-24 17:00:00
18837,321,rainfall,0.0,2025-09-12 12:00:00
18838,17,rainfall,0.0,2025-07-21 11:00:00
18839,341,humidity,57.82,2025-11-24 11:00:00
18840,396,temperature,33.99,2025-07-04 07:00:00
18841,351,temperature,21.72,2026-02-12 06:00:00
18842,384,temperature,24.15,2025-08-17 04:00:00
18843,66,rainfall,0.0,2026-01-07 18:00:00
18844,142,soil_moisture,33.52,2025-11-16 02:00:00
18845,76,soil_moisture,-99.0,2026-04-16 06:00:00
18846,306,humidity,76.07,2025-12-30 15:00:00
18847,163,rainfall,22.61,2025-07-04 02:00:00
18848,303,temperature,33.31,2025-08-23 03:00:00
18849,126,temperature,34.4,2025-08-18 23:00:00
18850,177,rainfall,0.0,2026-03-13 20:00:00
18851,403,temperature,22.16,2025-11-06 00:00:00
18852,105,humidity,32.34,2026-01-28 21:00:00
18853,9,soil_moisture,36.03,2025-09-21 03:00:00
18854,73,rainfall,57.43,2025-10-09 21:00:00
18855,166,temperature,33.66,2025-12-01 06:00:00
18856,211,humidity,61.04,2026-02-03 18:00:00
18857,70,rainfall,36.76,2025-12-09 05:00:00
18858,440,humidity,50.76,2025-07-09 16:00:00
18859,46,temperature,30.4,2025-09-19 08:00:00
18860,18,soil_moisture,29.07,2026-03-17 05:00:00
18861,204,humidity,61.98,2025-08-23 14:00:00
18862,50,rainfall,19.37,2026-03-10 12:00:00
18863,427,temperature,34.88,2025-07-11 00:00:00
18864,122,humidity,75.74,2025-12-22 05:00:00
18865,147,humidity,64.51,2026-03-08 18:00:00
18866,341,temperature,38.39,2025-11-24 14:00:00
18867,46,humidity,69.82,2025-09-20 09:00:00
18868,205,temperature,25.32,2025-12-25 09:00:00
18869,201,temperature,29.3,2026-03-30 11:00:00
18870,327,rainfall,0.0,2025-07-30 08:00:00
18871,196,soil_moisture,37.42,2026-02-15 04:00:00
18872,327,humidity,57.31,2025-07-29 19:00:00
18873,184,soil_moisture,22.74,2026-01-07 06:00:00
18874,309,temperature,22.84,2026-04-08 00:00:00
18875,353,humidity,41.53,2026-03-19 08:00:00
18876,168,humidity,61.52,2026-03-27 01:00:00
18877,324,temperature,24.9,2026-01-25 17:00:00
18878,137,rainfall,0.0,2026-03-12 19:00:00
18879,386,temperature,26.12,2026-04-04 04:00:00
18880,89,humidity,69.17,2026-02-26 17:00:00
18881,24,humidity,43.83,2026-03-04 11:00:00
18882,180,rainfall,0.0,2025-12-24 12:00:00
18883,90,soil_moisture,47.18,2025-08-20 10:00:00
18884,126,soil_moisture,32.49,2025-08-18 01:00:00
18885,70,soil_moisture,34.09,2025-12-10 14:00:00
18886,295,temperature,25.36,2026-04-11 09:00:00
18887,308,humidity,55.17,2025-12-27 18:00:00
18888,169,temperature,27.74,2026-03-23 13:00:00
18889,154,rainfall,0.0,2025-08-21 02:00:00
18890,134,temperature,31.57,2026-01-06 15:00:00
18891,193,rainfall,32.16,2026-03-19 18:00:00
18892,354,rainfall,0.0,2026-03-06 10:00:00
18893,211,temperature,23.69,2026-02-03 08:00:00
18894,331,rainfall,28.92,2026-04-10 03:00:00
18895,192,temperature,29.43,2026-01-20 11:00:00
18896,419,humidity,50.56,2025-09-24 04:00:00
18897,362,rainfall,0.0,2026-04-17 08:00:00
18898,391,humidity,45.98,2025-06-26 13:00:00
18899,402,humidity,54.33,2026-03-29 01:00:00
18900,305,soil_moisture,38.26,2025-06-27 18:00:00
18901,391,soil_moisture,36.76,2025-06-26 11:00:00
18902,191,rainfall,0.0,2026-04-07 16:00:00
18903,18,rainfall,52.54,2026-03-16 06:00:00
18904,384,temperature,25.75,2025-08-16 20:00:00
18905,161,temperature,28.08,2026-01-08 06:00:00
18906,191,humidity,56.5,2026-04-07 21:00:00
18907,191,temperature,32.21,2026-04-06 05:00:00
18908,146,temperature,24.06,2025-08-16 18:00:00
18909,163,humidity,48.52,2025-07-04 16:00:00
18910,305,temperature,25.47,2025-06-26 07:00:00
18911,157,rainfall,0.0,2026-01-19 17:00:00
18912,385,humidity,47.86,2026-03-23 17:00:00
18913,323,soil_moisture,29.92,2025-07-25 04:00:00
18914,212,humidity,48.34,2025-11-16 18:00:00
18915,283,rainfall,0.0,2026-02-22 14:00:00
18916,105,humidity,49.15,2026-01-27 22:00:00
18917,343,temperature,25.31,2026-01-12 06:00:00
18918,180,humidity,53.37,2025-12-24 20:00:00
18919,268,soil_moisture,48.91,2025-12-25 01:00:00
18920,50,humidity,41.98,2026-03-11 13:00:00
18921,367,humidity,45.84,2025-11-22 08:00:00
18922,105,soil_moisture,43.39,2026-01-29 11:00:00
18923,277,temperature,30.81,2025-09-10 23:00:00
18924,143,rainfall,53.36,2025-08-11 04:00:00
18925,24,soil_moisture,37.85,2026-03-04 11:00:00
18926,77,temperature,18.95,2026-03-26 10:00:00
18927,180,temperature,24.81,2025-12-25 13:00:00
18928,341,temperature,35.43,2025-11-25 06:00:00
18929,292,soil_moisture,45.39,2025-09-24 14:00:00
18930,133,soil_moisture,36.72,2025-07-04 02:00:00
18931,342,soil_moisture,38.38,2026-03-30 02:00:00
18932,283,rainfall,0.0,2026-02-22 11:00:00
18933,382,humidity,46.29,2025-07-30 12:00:00
18934,136,temperature,34.3,2025-11-12 15:00:00
18935,376,soil_moisture,38.69,2025-09-14 15:00:00
18936,331,rainfall,16.89,2026-04-09 13:00:00
18937,117,soil_moisture,23.82,2025-08-22 07:00:00
18938,114,rainfall,22.86,2026-04-21 02:00:00
18939,255,soil_moisture,44.39,2025-11-03 19:00:00
18940,255,soil_moisture,45.13,2025-11-03 09:00:00
18941,171,temperature,28.81,2026-01-15 13:00:00
18942,55,rainfall,0.0,2025-08-31 17:00:00
18943,128,temperature,24.83,2025-07-09 18:00:00
18944,371,rainfall,0.0,2026-03-31 07:00:00
18945,346,temperature,31.67,2025-09-25 22:00:00
18946,419,temperature,24.69,2025-09-25 19:00:00
18947,229,temperature,29.18,2025-11-11 22:00:00
18948,212,soil_moisture,39.35,2025-11-18 00:00:00
18949,263,humidity,45.98,2025-12-21 08:00:00
18950,46,humidity,68.22,2025-09-21 17:00:00
18951,103,rainfall,0.0,2026-01-09 22:00:00
18952,215,humidity,43.32,2026-03-14 19:00:00
18953,99,rainfall,0.0,2025-10-10 07:00:00
18954,170,humidity,47.76,2025-07-04 20:00:00
18955,342,rainfall,28.21,2026-03-28 04:00:00
18956,210,rainfall,0.0,2025-11-04 08:00:00
18957,300,humidity,76.45,2025-10-28 02:00:00
18958,159,soil_moisture,23.6,2025-09-20 17:00:00
18959,238,humidity,68.07,2025-11-24 04:00:00
18960,157,soil_moisture,27.65,2026-01-19 03:00:00
18961,50,soil_moisture,31.47,2026-03-11 19:00:00
18962,201,humidity,65.21,2026-03-30 20:00:00
18963,148,soil_moisture,46.07,2025-12-03 14:00:00
18964,240,rainfall,0.0,2026-04-21 08:00:00
18965,287,temperature,23.52,2026-04-03 06:00:00
18966,222,soil_moisture,47.07,2025-10-16 03:00:00
18967,447,soil_moisture,27.33,2025-09-20 16:00:00
18968,364,humidity,68.5,2025-12-20 07:00:00
18969,296,humidity,58.21,2025-08-21 15:00:00
18970,78,temperature,31.34,2025-09-26 10:00:00
18971,437,rainfall,0.0,2025-10-05 16:00:00
18972,419,temperature,21.58,2025-09-24 15:00:00
18973,308,humidity,59.51,2025-12-27 22:00:00
18974,431,humidity,58.48,2025-07-02 01:00:00
18975,117,rainfall,0.0,2025-08-21 04:00:00
18976,180,rainfall,62.3,2025-12-25 17:00:00
18977,384,temperature,25.79,2025-08-17 08:00:00
18978,148,temperature,36.48,2025-12-02 20:00:00
18979,377,temperature,34.57,2025-07-11 19:00:00
18980,372,humidity,51.5,2025-10-29 19:00:00
18981,226,humidity,43.57,2026-04-21 20:00:00
18982,240,humidity,59.83,2026-04-21 13:00:00
18983,193,rainfall,0.0,2026-03-19 14:00:00
18984,142,soil_moisture,31.86,2025-11-15 05:00:00
18985,196,temperature,22.59,2026-02-15 04:00:00
18986,272,rainfall,0.0,2025-12-03 22:00:00
18987,169,humidity,65.78,2026-03-22 13:00:00
18988,59,soil_moisture,48.05,2025-12-09 13:00:00
18989,157,temperature,25.24,2026-01-19 02:00:00
18990,296,humidity,52.5,2025-08-20 11:00:00
18991,140,humidity,42.33,2025-09-12 03:00:00
18992,159,rainfall,0.0,2025-09-19 11:00:00
18993,192,soil_moisture,29.91,2026-01-19 06:00:00
18994,367,humidity,59.81,2025-11-22 12:00:00
18995,238,rainfall,0.0,2025-11-24 01:00:00
18996,77,soil_moisture,26.53,2026-03-26 20:00:00
18997,330,rainfall,0.0,2025-10-01 03:00:00
18998,413,temperature,26.69,2026-01-13 10:00:00
18999,386,humidity,68.53,2026-04-04 16:00:00
19000,168,temperature,24.04,2026-03-27 13:00:00
19001,18,soil_moisture,29.0,2026-03-16 15:00:00
19002,437,temperature,31.48,2025-10-04 12:00:00
19003,114,humidity,32.92,2026-04-19 04:00:00
19004,47,temperature,31.61,2025-10-04 11:00:00
19005,424,soil_moisture,26.8,2026-01-06 16:00:00
19006,163,rainfall,0.0,2025-07-03 01:00:00
19007,413,rainfall,0.0,2026-01-12 10:00:00
19008,335,temperature,24.94,2025-09-03 01:00:00
19009,381,soil_moisture,40.02,2025-10-25 16:00:00
19010,190,temperature,19.9,2026-02-10 18:00:00
19011,154,rainfall,46.76,2025-08-20 20:00:00
19012,294,rainfall,40.15,2026-01-04 02:00:00
19013,5,soil_moisture,32.0,2026-04-07 16:00:00
19014,356,humidity,78.22,2025-12-12 10:00:00
19015,290,temperature,32.27,2026-02-25 12:00:00
19016,180,temperature,27.08,2025-12-24 15:00:00
19017,219,humidity,83.39,2025-11-20 09:00:00
19018,295,humidity,53.18,2026-04-11 21:00:00
19019,310,rainfall,29.7,2025-12-23 08:00:00
19020,29,temperature,31.7,2026-01-19 09:00:00
19021,440,temperature,29.24,2025-07-08 02:00:00
19022,424,humidity,34.71,2026-01-07 02:00:00
19023,5,rainfall,26.37,2026-04-07 06:00:00
19024,205,soil_moisture,44.91,2025-12-24 11:00:00
19025,159,humidity,42.5,2025-09-19 19:00:00
19026,32,temperature,33.1,2025-07-27 03:00:00
19027,277,humidity,70.32,2025-09-10 01:00:00
19028,340,soil_moisture,29.37,2025-12-26 06:00:00
19029,128,humidity,41.16,2025-07-11 09:00:00
19030,157,humidity,36.82,2026-01-20 01:00:00
19031,219,humidity,78.72,2025-11-19 13:00:00
19032,70,rainfall,0.0,2025-12-10 19:00:00
19033,362,soil_moisture,24.74,2026-04-17 03:00:00
19034,169,humidity,70.08,2026-03-23 06:00:00
19035,169,rainfall,36.64,2026-03-24 01:00:00
19036,351,temperature,20.57,2026-02-12 13:00:00
19037,229,rainfall,0.0,2025-11-11 08:00:00
19038,137,temperature,22.42,2026-03-13 14:00:00
19039,210,rainfall,42.4,2025-11-05 17:00:00
19040,36,temperature,25.38,2026-03-19 12:00:00
19041,330,temperature,32.62,2025-10-01 08:00:00
19042,122,temperature,23.73,2025-12-21 05:00:00
19043,303,temperature,30.7,2025-08-21 09:00:00
19044,447,soil_moisture,28.17,2025-09-20 09:00:00
19045,151,temperature,23.2,2026-03-16 15:00:00
19046,219,temperature,27.33,2025-11-19 01:00:00
19047,45,soil_moisture,30.53,2026-02-09 08:00:00
19048,311,humidity,51.45,2025-10-09 08:00:00
19049,49,soil_moisture,35.3,2025-09-29 11:00:00
19050,283,temperature,24.65,2026-02-21 18:00:00
19051,282,soil_moisture,40.91,2026-01-10 06:00:00
19052,215,temperature,20.85,2026-03-14 02:00:00
19053,146,soil_moisture,44.77,2025-08-15 14:00:00
19054,283,temperature,27.49,2026-02-21 05:00:00
19055,364,humidity,73.13,2025-12-20 03:00:00
19056,260,rainfall,38.52,2025-09-22 22:00:00
19057,157,temperature,28.18,2026-01-19 03:00:00
19058,436,temperature,29.32,2026-02-11 14:00:00
19059,370,rainfall,0.0,2025-07-08 18:00:00
19060,143,temperature,34.34,2025-08-10 04:00:00
19061,273,temperature,23.2,2026-01-06 08:00:00
19062,444,humidity,57.14,2025-12-11 08:00:00
19063,287,humidity,59.46,2026-04-03 19:00:00
19064,201,humidity,61.84,2026-03-31 22:00:00
19065,326,temperature,22.75,2026-03-27 14:00:00
19066,226,temperature,30.17,2026-04-22 15:00:00
19067,61,temperature,26.29,2026-02-06 13:00:00
19068,437,rainfall,0.0,2025-10-03 03:00:00
19069,167,soil_moisture,43.67,2025-12-24 18:00:00
19070,343,humidity,59.38,2026-01-13 18:00:00
19071,17,temperature,29.45,2025-07-20 11:00:00
19072,356,rainfall,0.0,2025-12-13 10:00:00
19073,114,soil_moisture,30.5,2026-04-20 23:00:00
19074,402,rainfall,48.07,2026-03-28 04:00:00
19075,45,rainfall,45.53,2026-02-09 09:00:00
19076,296,rainfall,0.0,2025-08-20 10:00:00
19077,381,rainfall,0.0,2025-10-26 10:00:00
19078,91,temperature,19.55,2026-02-23 07:00:00
19079,341,temperature,33.01,2025-11-26 04:00:00
19080,331,rainfall,0.0,2026-04-09 22:00:00
19081,287,soil_moisture,43.16,2026-04-04 11:00:00
19082,238,rainfall,59.37,2025-11-24 10:00:00
19083,384,humidity,49.37,2025-08-17 20:00:00
19084,411,rainfall,66.69,2025-08-24 03:00:00
19085,310,rainfall,23.58,2025-12-23 22:00:00
19086,290,humidity,47.05,2026-02-26 23:00:00
19087,180,soil_moisture,35.36,2025-12-24 20:00:00
19088,126,soil_moisture,27.01,2025-08-17 16:00:00
19089,91,temperature,21.84,2026-02-22 03:00:00
19090,371,soil_moisture,23.24,2026-03-30 11:00:00
19091,159,temperature,31.54,2025-09-19 15:00:00
19092,449,humidity,68.12,2025-09-15 06:00:00
19093,343,humidity,53.33,2026-01-13 01:00:00
19094,272,soil_moisture,48.76,2025-12-02 09:00:00
19095,65,humidity,74.63,2025-07-08 18:00:00
19096,413,temperature,32.34,2026-01-12 09:00:00
19097,311,temperature,28.55,2025-10-09 03:00:00
19098,210,soil_moisture,45.92,2025-11-04 01:00:00
19099,285,rainfall,41.1,2025-09-05 19:00:00
19100,428,humidity,44.38,2026-01-30 17:00:00
19101,419,soil_moisture,29.5,2025-09-24 23:00:00
19102,45,humidity,43.87,2026-02-09 21:00:00
19103,282,humidity,63.57,2026-01-10 03:00:00
19104,18,temperature,26.77,2026-03-16 12:00:00
19105,327,temperature,26.33,2025-07-28 08:00:00
19106,447,rainfall,52.54,2025-09-21 01:00:00
19107,133,temperature,23.49,2025-07-02 11:00:00
19108,341,rainfall,0.0,2025-11-25 13:00:00
19109,123,humidity,65.09,2025-11-16 11:00:00
19110,170,humidity,49.74,2025-07-04 10:00:00
19111,255,temperature,27.68,2025-11-04 11:00:00
19112,321,humidity,60.15,2025-09-10 14:00:00
19113,99,soil_moisture,27.2,2025-10-09 02:00:00
19114,192,humidity,50.49,2026-01-20 02:00:00
19115,178,rainfall,0.0,2025-12-16 15:00:00
19116,444,soil_moisture,31.22,2025-12-12 19:00:00
19117,431,humidity,64.05,2025-07-01 13:00:00
19118,240,rainfall,0.0,2026-04-22 08:00:00
19119,134,rainfall,53.35,2026-01-08 16:00:00
19120,29,humidity,38.61,2026-01-19 04:00:00
19121,386,soil_moisture,38.99,2026-04-04 03:00:00
19122,385,rainfall,0.0,2026-03-22 23:00:00
19123,60,humidity,42.86,2026-03-07 23:00:00
19124,113,humidity,40.75,2025-07-27 03:00:00
19125,292,temperature,32.36,2025-09-25 09:00:00
19126,65,rainfall,0.0,2025-07-10 02:00:00
19127,257,humidity,59.55,2025-07-03 14:00:00
19128,277,humidity,63.7,2025-09-12 06:00:00
19129,210,rainfall,41.38,2025-11-04 11:00:00
19130,303,soil_moisture,33.31,2025-08-22 04:00:00
19131,335,soil_moisture,37.7,2025-09-03 20:00:00
19132,389,rainfall,0.0,2026-03-17 16:00:00
19133,424,humidity,46.57,2026-01-05 06:00:00
19134,205,soil_moisture,45.73,2025-12-24 01:00:00
19135,197,temperature,29.69,2026-03-15 13:00:00
19136,402,humidity,57.29,2026-03-28 21:00:00
19137,391,temperature,29.06,2025-06-27 19:00:00
19138,308,humidity,59.75,2025-12-26 08:00:00
19139,296,soil_moisture,47.55,2025-08-21 06:00:00
19140,71,rainfall,0.0,2025-10-02 17:00:00
19141,292,rainfall,56.46,2025-09-24 10:00:00
19142,146,temperature,20.28,2025-08-15 05:00:00
19143,370,temperature,21.47,2025-07-08 08:00:00
19144,306,temperature,29.37,2025-12-30 11:00:00
19145,24,temperature,23.85,2026-03-04 02:00:00
19146,413,humidity,41.26,2026-01-12 12:00:00
19147,13,rainfall,0.0,2025-11-02 02:00:00
19148,97,rainfall,0.0,2026-02-14 17:00:00
19149,354,soil_moisture,24.58,2026-03-06 07:00:00
19150,151,soil_moisture,26.83,2026-03-16 17:00:00
19151,210,soil_moisture,43.43,2025-11-05 05:00:00
19152,59,temperature,18.37,2025-12-09 19:00:00
19153,411,soil_moisture,39.72,2025-08-25 09:00:00
19154,364,rainfall,0.0,2025-12-20 18:00:00
19155,437,humidity,51.7,2025-10-05 13:00:00
19156,113,rainfall,0.0,2025-07-28 03:00:00
19157,186,temperature,25.67,2026-01-29 05:00:00
19158,277,humidity,79.96,2025-09-10 13:00:00
19159,191,humidity,54.92,2026-04-06 01:00:00
19160,303,temperature,28.81,2025-08-22 06:00:00
19161,298,soil_moisture,36.3,2025-09-13 10:00:00
19162,389,humidity,37.0,2026-03-17 03:00:00
19163,403,rainfall,0.0,2025-11-06 23:00:00
19164,137,temperature,19.29,2026-03-14 01:00:00
19165,10,rainfall,0.0,2026-03-29 11:00:00
19166,295,temperature,25.68,2026-04-12 03:00:00
19167,6,soil_moisture,45.38,2025-08-13 04:00:00
19168,444,soil_moisture,28.05,2025-12-11 08:00:00
19169,309,humidity,47.14,2026-04-08 18:00:00
19170,311,soil_moisture,35.02,2025-10-09 15:00:00
19171,305,soil_moisture,48.65,2025-06-27 00:00:00
19172,77,soil_moisture,22.96,2026-03-27 06:00:00
19173,295,soil_moisture,33.62,2026-04-10 19:00:00
19174,114,rainfall,0.0,2026-04-20 03:00:00
19175,318,temperature,33.25,2026-04-04 09:00:00
19176,324,humidity,62.43,2026-01-26 15:00:00
19177,418,temperature,32.59,2025-09-06 12:00:00
19178,449,rainfall,0.0,2025-09-17 00:00:00
19179,5,soil_moisture,18.95,2026-04-08 02:00:00
19180,186,rainfall,42.31,2026-01-27 12:00:00
19181,273,soil_moisture,500.0,2026-01-07 04:00:00
19182,103,temperature,23.57,2026-01-08 16:00:00
19183,178,temperature,30.09,2025-12-16 06:00:00
19184,24,rainfall,0.0,2026-03-04 13:00:00
19185,115,rainfall,60.87,2025-10-27 00:00:00
19186,440,temperature,25.84,2025-07-09 12:00:00
19187,290,humidity,44.39,2026-02-27 07:00:00
19188,154,soil_moisture,31.32,2025-08-21 22:00:00
19189,300,soil_moisture,36.12,2025-10-26 14:00:00
19190,227,temperature,37.42,2025-10-16 17:00:00
19191,283,temperature,27.11,2026-02-21 03:00:00
19192,368,temperature,22.92,2026-03-04 06:00:00
19193,371,humidity,63.99,2026-03-30 17:00:00
19194,356,rainfall,0.0,2025-12-13 04:00:00
19195,171,humidity,52.18,2026-01-17 16:00:00
19196,77,soil_moisture,25.97,2026-03-26 11:00:00
19197,381,humidity,52.52,2025-10-26 13:00:00
19198,73,humidity,73.92,2025-10-08 20:00:00
19199,211,soil_moisture,18.37,2026-02-02 18:00:00
19200,76,rainfall,0.0,2026-04-15 07:00:00
19201,159,humidity,49.23,2025-09-19 17:00:00
19202,361,humidity,69.8,2025-10-19 00:00:00
19203,381,soil_moisture,45.33,2025-10-25 07:00:00
19204,24,soil_moisture,42.03,2026-03-04 22:00:00
19205,260,temperature,32.41,2025-09-21 05:00:00
19206,240,rainfall,0.0,2026-04-22 20:00:00
19207,226,temperature,30.81,2026-04-23 05:00:00
19208,6,humidity,63.84,2025-08-11 08:00:00
19209,444,rainfall,0.0,2025-12-12 04:00:00
19210,73,rainfall,0.0,2025-10-07 06:00:00
19211,6,temperature,26.77,2025-08-11 11:00:00
19212,123,temperature,29.46,2025-11-15 15:00:00
19213,157,humidity,36.39,2026-01-19 18:00:00
19214,166,temperature,36.43,2025-11-29 04:00:00
19215,331,soil_moisture,41.99,2026-04-10 08:00:00
19216,227,soil_moisture,46.5,2025-10-16 16:00:00
19217,272,soil_moisture,46.51,2025-12-03 03:00:00
19218,323,temperature,24.06,2025-07-25 14:00:00
19219,370,humidity,53.92,2025-07-09 10:00:00
19220,169,temperature,26.36,2026-03-22 19:00:00
19221,78,soil_moisture,37.23,2025-09-25 18:00:00
19222,135,temperature,29.69,2025-12-05 12:00:00
19223,384,rainfall,0.0,2025-08-17 03:00:00
19224,425,humidity,58.74,2025-09-10 03:00:00
19225,161,soil_moisture,38.71,2026-01-06 09:00:00
19226,233,humidity,59.27,2025-12-15 05:00:00
19227,146,humidity,47.16,2025-08-17 23:00:00
19228,134,temperature,33.37,2026-01-06 23:00:00
19229,13,rainfall,0.0,2025-11-02 20:00:00
19230,72,humidity,48.83,2025-08-20 15:00:00
19231,142,temperature,28.08,2025-11-15 01:00:00
19232,370,temperature,23.04,2025-07-09 10:00:00
19233,449,rainfall,0.0,2025-09-15 13:00:00
19234,272,rainfall,33.26,2025-12-02 06:00:00
19235,137,soil_moisture,22.71,2026-03-13 21:00:00
19236,446,humidity,47.54,2026-04-20 06:00:00
19237,49,temperature,26.61,2025-09-30 12:00:00
19238,205,rainfall,0.0,2025-12-25 04:00:00
19239,263,rainfall,0.0,2025-12-22 03:00:00
19240,381,humidity,48.58,2025-10-24 10:00:00
19241,240,rainfall,0.0,2026-04-22 01:00:00
19242,353,soil_moisture,39.78,2026-03-19 12:00:00
19243,6,soil_moisture,44.72,2025-08-12 00:00:00
19244,300,humidity,77.17,2025-10-26 13:00:00
19245,126,soil_moisture,29.88,2025-08-17 04:00:00
19246,170,rainfall,41.89,2025-07-05 05:00:00
19247,219,temperature,26.07,2025-11-20 16:00:00
19248,32,temperature,28.82,2025-07-26 19:00:00
19249,436,temperature,29.62,2026-02-12 16:00:00
19250,367,soil_moisture,39.81,2025-11-21 13:00:00
19251,43,humidity,62.44,2025-09-12 15:00:00
19252,293,temperature,20.44,2026-02-08 12:00:00
19253,160,temperature,28.7,2026-04-15 02:00:00
19254,163,rainfall,0.0,2025-07-05 10:00:00
19255,24,rainfall,44.42,2026-03-05 08:00:00
19256,47,temperature,31.81,2025-10-05 01:00:00
19257,178,soil_moisture,32.13,2025-12-16 07:00:00
19258,298,rainfall,0.0,2025-09-11 16:00:00
19259,103,rainfall,36.76,2026-01-08 15:00:00
19260,370,soil_moisture,30.76,2025-07-08 08:00:00
19261,32,temperature,31.86,2025-07-26 21:00:00
19262,238,rainfall,59.43,2025-11-24 11:00:00
19263,418,temperature,29.1,2025-09-06 13:00:00
19264,283,rainfall,0.0,2026-02-22 01:00:00
19265,346,rainfall,43.92,2025-09-25 16:00:00
19266,411,humidity,68.63,2025-08-23 04:00:00
19267,330,temperature,33.15,2025-10-01 03:00:00
19268,372,humidity,56.59,2025-10-29 01:00:00
19269,346,temperature,31.4,2025-09-25 10:00:00
19270,318,humidity,41.27,2026-04-04 19:00:00
19271,298,humidity,58.87,2025-09-12 02:00:00
19272,185,rainfall,31.52,2026-03-06 12:00:00
19273,151,rainfall,0.0,2026-03-17 03:00:00
19274,285,humidity,55.02,2025-09-05 15:00:00
19275,219,humidity,69.47,2025-11-20 13:00:00
19276,219,temperature,28.48,2025-11-19 05:00:00
19277,449,temperature,35.37,2025-09-15 02:00:00
19278,226,rainfall,48.18,2026-04-21 23:00:00
19279,129,temperature,33.63,2026-04-19 23:00:00
19280,308,soil_moisture,33.11,2025-12-26 08:00:00
19281,233,temperature,23.04,2025-12-15 17:00:00
19282,233,rainfall,53.04,2025-12-14 16:00:00
19283,413,humidity,44.13,2026-01-14 06:00:00
19284,44,humidity,54.97,2025-10-07 08:00:00
19285,163,humidity,47.65,2025-07-03 01:00:00
19286,318,rainfall,0.0,2026-04-04 17:00:00
19287,32,humidity,72.59,2025-07-27 11:00:00
19288,371,temperature,29.28,2026-03-31 20:00:00
19289,295,humidity,42.87,2026-04-12 02:00:00
19290,97,temperature,25.83,2026-02-14 16:00:00
19291,170,rainfall,0.0,2025-07-03 16:00:00
19292,296,rainfall,0.0,2025-08-21 03:00:00
19293,185,temperature,29.35,2026-03-06 10:00:00
19294,24,soil_moisture,39.82,2026-03-06 00:00:00
19295,381,temperature,34.39,2025-10-25 20:00:00
19296,324,temperature,23.31,2026-01-25 19:00:00
19297,238,soil_moisture,36.91,2025-11-26 08:00:00
19298,308,soil_moisture,30.46,2025-12-28 10:00:00
19299,444,humidity,59.37,2025-12-12 19:00:00
19300,413,temperature,30.85,2026-01-13 20:00:00
19301,318,soil_moisture,50.12,2026-04-05 17:00:00
19302,71,temperature,31.99,2025-10-01 03:00:00
19303,240,rainfall,0.0,2026-04-23 02:00:00
19304,117,rainfall,42.74,2025-08-22 00:00:00
19305,446,soil_moisture,43.76,2026-04-20 17:00:00
19306,215,humidity,35.05,2026-03-15 18:00:00
19307,163,humidity,47.17,2025-07-04 20:00:00
19308,396,rainfall,49.75,2025-07-04 02:00:00
19309,70,soil_moisture,36.88,2025-12-09 06:00:00
19310,196,soil_moisture,41.45,2026-02-15 20:00:00
19311,142,rainfall,0.0,2025-11-17 06:00:00
19312,60,soil_moisture,27.43,2026-03-05 13:00:00
19313,163,rainfall,0.0,2025-07-03 08:00:00
19314,36,rainfall,0.0,2026-03-19 16:00:00
19315,354,soil_moisture,24.19,2026-03-07 01:00:00
19316,137,soil_moisture,25.59,2026-03-14 23:00:00
19317,305,soil_moisture,43.58,2025-06-26 23:00:00
19318,5,temperature,33.0,2026-04-09 00:00:00
19319,277,rainfall,60.28,2025-09-10 08:00:00
19320,78,soil_moisture,40.45,2025-09-25 19:00:00
19321,377,rainfall,0.0,2025-07-12 21:00:00
19322,300,soil_moisture,40.39,2025-10-26 15:00:00
19323,391,soil_moisture,34.89,2025-06-28 01:00:00
19324,362,soil_moisture,30.54,2026-04-17 15:00:00
19325,356,soil_moisture,36.23,2025-12-12 01:00:00
19326,13,temperature,25.53,2025-11-03 04:00:00
19327,285,temperature,30.67,2025-09-07 02:00:00
19328,346,humidity,68.24,2025-09-25 06:00:00
19329,49,temperature,24.06,2025-09-29 08:00:00
19330,424,humidity,41.02,2026-01-06 20:00:00
19331,219,humidity,66.29,2025-11-20 02:00:00
19332,222,temperature,27.91,2025-10-16 20:00:00
19333,18,temperature,26.77,2026-03-16 00:00:00
19334,17,rainfall,19.17,2025-07-19 14:00:00
19335,90,temperature,33.1,2025-08-19 18:00:00
19336,292,humidity,59.0,2025-09-24 13:00:00
19337,295,temperature,24.29,2026-04-10 20:00:00
19338,318,soil_moisture,46.38,2026-04-04 23:00:00
19339,353,soil_moisture,35.67,2026-03-20 00:00:00
19340,147,temperature,26.95,2026-03-08 14:00:00
19341,260,humidity,62.04,2025-09-23 02:00:00
19342,36,humidity,56.15,2026-03-19 06:00:00
19343,351,rainfall,24.11,2026-02-13 15:00:00
19344,300,soil_moisture,37.02,2025-10-27 08:00:00
19345,70,temperature,22.09,2025-12-09 05:00:00
19346,47,humidity,61.3,2025-10-04 08:00:00
19347,32,rainfall,0.0,2025-07-26 12:00:00
19348,351,humidity,49.26,2026-02-12 03:00:00
19349,306,rainfall,50.67,2025-12-30 20:00:00
19350,306,humidity,61.35,2025-12-31 05:00:00
19351,168,rainfall,0.0,2026-03-27 03:00:00
19352,32,humidity,62.09,2025-07-27 16:00:00
19353,303,rainfall,0.0,2025-08-21 17:00:00
19354,310,temperature,25.37,2025-12-23 19:00:00
19355,9,soil_moisture,38.78,2025-09-21 01:00:00
19356,159,temperature,30.94,2025-09-20 16:00:00
19357,227,humidity,64.74,2025-10-16 20:00:00
19358,309,rainfall,0.0,2026-04-08 17:00:00
19359,50,temperature,21.85,2026-03-09 18:00:00
19360,356,humidity,65.53,2025-12-14 14:00:00
19361,367,humidity,56.94,2025-11-21 13:00:00
19362,128,humidity,54.19,2025-07-10 13:00:00
19363,427,temperature,34.53,2025-07-09 05:00:00
19364,49,temperature,23.53,2025-10-01 15:00:00
19365,290,soil_moisture,27.19,2026-02-25 11:00:00
19366,114,soil_moisture,31.8,2026-04-20 02:00:00
19367,60,temperature,28.53,2026-03-06 17:00:00
19368,386,soil_moisture,36.99,2026-04-05 20:00:00
19369,140,rainfall,0.0,2025-09-13 17:00:00
19370,170,soil_moisture,41.67,2025-07-04 00:00:00
19371,368,rainfall,0.0,2026-03-04 20:00:00
19372,351,soil_moisture,23.55,2026-02-14 03:00:00
19373,222,rainfall,0.0,2025-10-17 06:00:00
19374,70,temperature,28.98,2025-12-10 12:00:00
19375,53,humidity,45.31,2026-03-02 23:00:00
19376,389,soil_moisture,30.74,2026-03-18 15:00:00
19377,103,humidity,42.17,2026-01-09 12:00:00
19378,446,temperature,26.81,2026-04-21 00:00:00
19379,364,temperature,39.69,2025-12-20 15:00:00
19380,444,rainfall,0.0,2025-12-11 19:00:00
19381,161,humidity,34.23,2026-01-07 10:00:00
19382,425,temperature,34.26,2025-09-09 06:00:00
19383,60,humidity,40.61,2026-03-06 15:00:00
19384,298,rainfall,44.83,2025-09-11 21:00:00
19385,401,temperature,25.87,2025-12-11 06:00:00
19386,308,rainfall,35.76,2025-12-26 03:00:00
19387,353,rainfall,0.0,2026-03-19 10:00:00
19388,335,humidity,70.27,2025-09-04 13:00:00
19389,5,humidity,47.64,2026-04-07 15:00:00
19390,440,temperature,25.65,2025-07-11 00:00:00
19391,103,temperature,21.27,2026-01-10 07:00:00
19392,401,rainfall,0.0,2025-12-11 01:00:00
19393,322,soil_moisture,22.13,2026-01-16 09:00:00
19394,326,humidity,43.27,2026-03-26 13:00:00
19395,29,temperature,33.23,2026-01-18 06:00:00
19396,292,rainfall,0.0,2025-09-24 17:00:00
19397,354,temperature,30.85,2026-03-07 13:00:00
19398,240,humidity,62.75,2026-04-22 19:00:00
19399,190,rainfall,0.0,2026-02-09 23:00:00
19400,105,rainfall,46.75,2026-01-27 03:00:00
19401,425,soil_moisture,36.31,2025-09-09 00:00:00
19402,283,rainfall,0.0,2026-02-21 22:00:00
19403,448,soil_moisture,30.15,2025-12-15 15:00:00
19404,295,humidity,49.33,2026-04-10 11:00:00
19405,113,humidity,49.83,2025-07-28 15:00:00
19406,389,soil_moisture,25.98,2026-03-17 21:00:00
19407,77,rainfall,0.0,2026-03-26 15:00:00
19408,114,soil_moisture,27.94,2026-04-19 23:00:00
19409,268,rainfall,0.0,2025-12-23 09:00:00
19410,444,soil_moisture,29.73,2025-12-12 10:00:00
19411,362,rainfall,27.63,2026-04-17 06:00:00
19412,191,rainfall,43.01,2026-04-07 22:00:00
19413,440,humidity,46.42,2025-07-09 15:00:00
19414,105,rainfall,0.0,2026-01-27 06:00:00
19415,303,soil_moisture,29.7,2025-08-21 09:00:00
19416,418,temperature,32.92,2025-09-06 15:00:00
19417,192,temperature,25.42,2026-01-20 04:00:00
19418,65,temperature,26.92,2025-07-08 03:00:00
19419,211,humidity,48.77,2026-02-02 07:00:00
19420,166,humidity,56.35,2025-11-30 09:00:00
19421,143,soil_moisture,33.3,2025-08-11 04:00:00
19422,371,rainfall,35.54,2026-04-01 05:00:00
19423,226,soil_moisture,35.85,2026-04-22 12:00:00
19424,24,humidity,39.05,2026-03-05 00:00:00
19425,370,temperature,20.49,2025-07-09 11:00:00
19426,235,rainfall,38.38,2026-03-31 01:00:00
19427,356,humidity,73.47,2025-12-12 21:00:00
19428,335,temperature,23.77,2025-09-04 14:00:00
19429,447,rainfall,0.0,2025-09-20 02:00:00
19430,50,soil_moisture,29.5,2026-03-10 06:00:00
19431,440,rainfall,0.0,2025-07-09 14:00:00
19432,282,rainfall,0.0,2026-01-09 06:00:00
19433,178,temperature,35.32,2025-12-16 22:00:00
19434,211,rainfall,0.0,2026-02-02 02:00:00
19435,356,temperature,29.85,2025-12-12 17:00:00
19436,306,soil_moisture,34.23,2025-12-31 05:00:00
19437,226,rainfall,0.0,2026-04-21 18:00:00
19438,322,temperature,22.05,2026-01-17 14:00:00
19439,201,soil_moisture,27.68,2026-04-01 07:00:00
19440,389,soil_moisture,32.59,2026-03-17 12:00:00
19441,61,rainfall,13.87,2026-02-05 17:00:00
19442,71,humidity,49.73,2025-10-01 22:00:00
19443,292,humidity,60.52,2025-09-24 19:00:00
19444,115,rainfall,0.0,2025-10-26 05:00:00
19445,208,temperature,28.75,2026-01-15 14:00:00
19446,5,temperature,34.14,2026-04-08 20:00:00
19447,113,temperature,28.92,2025-07-27 08:00:00
19448,323,temperature,21.8,2025-07-25 05:00:00
19449,133,rainfall,0.0,2025-07-03 15:00:00
19450,178,humidity,62.28,2025-12-15 16:00:00
19451,4,rainfall,0.0,2026-04-12 20:00:00
19452,28,soil_moisture,37.06,2025-07-11 18:00:00
19453,396,temperature,32.51,2025-07-06 05:00:00
19454,386,temperature,26.09,2026-04-05 11:00:00
19455,376,humidity,56.94,2025-09-14 02:00:00
19456,193,temperature,23.78,2026-03-18 10:00:00
19457,263,temperature,28.63,2025-12-21 19:00:00
19458,28,temperature,21.93,2025-07-09 20:00:00
19459,215,rainfall,0.0,2026-03-14 06:00:00
19460,238,soil_moisture,36.89,2025-11-26 06:00:00
19461,257,rainfall,41.03,2025-07-03 06:00:00
19462,382,temperature,21.4,2025-08-01 10:00:00
19463,427,rainfall,0.0,2025-07-09 03:00:00
19464,326,rainfall,25.25,2026-03-27 01:00:00
19465,287,temperature,23.45,2026-04-03 13:00:00
19466,59,temperature,27.96,2025-12-08 03:00:00
19467,386,rainfall,0.0,2026-04-05 18:00:00
19468,115,humidity,73.36,2025-10-27 10:00:00
19469,13,rainfall,0.0,2025-11-01 20:00:00
19470,351,soil_moisture,19.92,2026-02-13 21:00:00
19471,151,soil_moisture,27.79,2026-03-16 08:00:00
19472,208,humidity,54.16,2026-01-16 17:00:00
19473,440,soil_moisture,37.86,2025-07-10 03:00:00
19474,351,humidity,45.31,2026-02-13 02:00:00
19475,391,rainfall,0.0,2025-06-27 16:00:00
19476,157,rainfall,0.0,2026-01-20 22:00:00
19477,135,rainfall,0.0,2025-12-05 09:00:00
19478,133,rainfall,0.0,2025-07-02 11:00:00
19479,310,rainfall,28.93,2025-12-23 23:00:00
19480,186,temperature,26.45,2026-01-28 18:00:00
19481,324,soil_moisture,24.66,2026-01-28 00:00:00
19482,215,temperature,23.18,2026-03-15 05:00:00
19483,292,humidity,62.94,2025-09-25 12:00:00
19484,311,humidity,48.74,2025-10-08 09:00:00
19485,321,temperature,22.48,2025-09-12 08:00:00
19486,18,temperature,25.34,2026-03-16 01:00:00
19487,402,humidity,999.9,2026-03-28 19:00:00
19488,133,humidity,74.75,2025-07-04 07:00:00
19489,47,humidity,64.48,2025-10-04 15:00:00
19490,372,temperature,29.41,2025-10-28 04:00:00
19491,215,temperature,20.85,2026-03-14 02:00:00
19492,283,humidity,42.87,2026-02-22 23:00:00
19493,24,rainfall,35.0,2026-03-04 16:00:00
19494,66,rainfall,25.41,2026-01-06 18:00:00
19495,123,humidity,60.84,2025-11-17 11:00:00
19496,321,rainfall,0.0,2025-09-11 08:00:00
19497,49,rainfall,0.0,2025-09-30 21:00:00
19498,255,rainfall,0.0,2025-11-04 07:00:00
19499,114,humidity,47.7,2026-04-19 07:00:00
19500,196,soil_moisture,37.42,2026-02-15 04:00:00
19501,306,soil_moisture,40.86,2025-12-29 07:00:00
19502,367,rainfall,0.0,2025-11-22 09:00:00
19503,133,rainfall,0.0,2025-07-03 18:00:00
19504,103,soil_moisture,23.29,2026-01-08 19:00:00
19505,342,humidity,66.12,2026-03-28 23:00:00
19506,17,soil_moisture,31.13,2025-07-19 02:00:00
19507,186,humidity,56.45,2026-01-28 05:00:00
19508,292,soil_moisture,45.64,2025-09-24 20:00:00
19509,222,soil_moisture,42.19,2025-10-15 06:00:00
19510,425,rainfall,55.8,2025-09-09 04:00:00
19511,17,rainfall,0.0,2025-07-19 21:00:00
19512,36,rainfall,50.39,2026-03-18 19:00:00
19513,178,rainfall,0.0,2025-12-15 04:00:00
19514,9,humidity,64.95,2025-09-20 14:00:00
19515,133,humidity,57.92,2025-07-02 05:00:00
19516,324,humidity,65.48,2026-01-25 06:00:00
19517,49,temperature,27.04,2025-09-30 01:00:00
19518,436,temperature,30.15,2026-02-11 03:00:00
19519,292,rainfall,0.0,2025-09-24 09:00:00
19520,323,rainfall,0.0,2025-07-26 12:00:00
19521,99,soil_moisture,25.92,2025-10-09 20:00:00
19522,293,rainfall,45.71,2026-02-09 16:00:00
19523,140,rainfall,0.0,2025-09-13 08:00:00
19524,89,soil_moisture,38.63,2026-02-27 18:00:00
19525,103,temperature,21.1,2026-01-08 07:00:00
19526,177,soil_moisture,26.46,2026-03-14 12:00:00
19527,448,rainfall,0.0,2025-12-14 23:00:00
19528,356,rainfall,39.6,2025-12-12 15:00:00
19529,229,humidity,61.04,2025-11-11 22:00:00
19530,440,temperature,24.25,2025-07-09 21:00:00
19531,220,rainfall,0.0,2026-01-30 18:00:00
19532,1,soil_moisture,27.35,2026-03-02 05:00:00
19533,341,humidity,51.83,2025-11-24 17:00:00
19534,436,temperature,30.18,2026-02-12 23:00:00
19535,322,temperature,23.34,2026-01-18 06:00:00
19536,219,humidity,76.99,2025-11-20 16:00:00
19537,71,rainfall,52.05,2025-10-01 22:00:00
19538,223,rainfall,0.0,2025-12-13 01:00:00
19539,222,humidity,72.2,2025-10-15 01:00:00
19540,117,temperature,24.39,2025-08-21 08:00:00
19541,298,soil_moisture,42.26,2025-09-11 03:00:00
19542,28,temperature,22.8,2025-07-10 13:00:00
19543,32,temperature,31.31,2025-07-27 00:00:00
19544,277,temperature,26.56,2025-09-11 15:00:00
19545,103,rainfall,0.0,2026-01-08 23:00:00
19546,204,humidity,55.72,2025-08-23 21:00:00
19547,163,rainfall,0.0,2025-07-03 07:00:00
19548,283,humidity,43.37,2026-02-21 18:00:00
19549,424,soil_moisture,29.85,2026-01-06 08:00:00
19550,229,humidity,58.28,2025-11-12 07:00:00
19551,148,soil_moisture,48.23,2025-12-02 14:00:00
19552,229,temperature,29.17,2025-11-11 07:00:00
19553,154,humidity,63.01,2025-08-22 03:00:00
19554,372,soil_moisture,33.81,2025-10-29 09:00:00
19555,126,soil_moisture,26.49,2025-08-17 01:00:00
19556,74,humidity,45.13,2025-10-22 23:00:00
19557,362,soil_moisture,24.58,2026-04-17 21:00:00
19558,78,soil_moisture,37.09,2025-09-26 13:00:00
19559,159,temperature,30.4,2025-09-19 04:00:00
19560,59,rainfall,0.0,2025-12-08 19:00:00
19561,308,soil_moisture,27.47,2025-12-26 06:00:00
19562,197,humidity,48.19,2026-03-17 06:00:00
19563,396,temperature,29.71,2025-07-04 11:00:00
19564,288,temperature,28.02,2025-07-07 18:00:00
19565,143,soil_moisture,32.75,2025-08-10 11:00:00
19566,167,humidity,73.56,2025-12-24 11:00:00
19567,142,temperature,999.9,2025-11-17 17:00:00
19568,50,rainfall,27.69,2026-03-10 16:00:00
19569,290,temperature,30.57,2026-02-25 23:00:00
19570,308,soil_moisture,29.19,2025-12-27 19:00:00
19571,17,humidity,43.45,2025-07-20 01:00:00
19572,287,humidity,44.48,2026-04-04 21:00:00
19573,396,temperature,32.09,2025-07-06 01:00:00
19574,343,soil_moisture,46.66,2026-01-14 15:00:00
19575,29,rainfall,0.0,2026-01-18 15:00:00
19576,114,rainfall,0.0,2026-04-20 14:00:00
19577,137,humidity,40.49,2026-03-13 05:00:00
19578,1,humidity,70.1,2026-02-28 11:00:00
19579,128,rainfall,43.98,2025-07-09 10:00:00
19580,413,soil_moisture,42.42,2026-01-13 23:00:00
19581,376,temperature,26.7,2025-09-14 12:00:00
19582,295,humidity,51.12,2026-04-12 01:00:00
19583,13,humidity,69.6,2025-11-02 01:00:00
19584,229,soil_moisture,36.06,2025-11-13 14:00:00
19585,166,humidity,63.95,2025-11-30 13:00:00
19586,154,soil_moisture,31.8,2025-08-20 14:00:00
19587,91,rainfall,27.32,2026-02-22 04:00:00
19588,18,rainfall,0.0,2026-03-16 17:00:00
19589,260,humidity,65.47,2025-09-21 16:00:00
19590,178,soil_moisture,25.03,2025-12-16 17:00:00
19591,448,temperature,23.83,2025-12-13 20:00:00
19592,382,humidity,42.85,2025-07-31 04:00:00
19593,437,temperature,33.47,2025-10-04 14:00:00
19594,210,temperature,27.64,2025-11-04 17:00:00
19595,227,temperature,38.06,2025-10-16 16:00:00
19596,354,rainfall,0.0,2026-03-07 02:00:00
19597,293,temperature,26.14,2026-02-09 10:00:00
19598,238,temperature,28.16,2025-11-26 18:00:00
19599,341,humidity,60.03,2025-11-24 20:00:00
19600,219,humidity,79.61,2025-11-19 01:00:00
19601,428,humidity,45.83,2026-01-30 14:00:00
19602,396,humidity,41.51,2025-07-05 00:00:00
19603,437,humidity,52.0,2025-10-05 10:00:00
19604,82,humidity,45.54,2026-02-20 20:00:00
19605,437,temperature,32.72,2025-10-03 23:00:00
19606,178,temperature,33.87,2025-12-15 09:00:00
19607,105,rainfall,0.0,2026-01-28 06:00:00
19608,290,soil_moisture,24.38,2026-02-26 17:00:00
19609,296,rainfall,0.0,2025-08-21 09:00:00
19610,287,soil_moisture,47.17,2026-04-03 09:00:00
19611,272,humidity,61.0,2025-12-02 10:00:00
19612,134,humidity,51.42,2026-01-07 15:00:00
19613,382,rainfall,0.0,2025-07-31 16:00:00
19614,137,rainfall,0.0,2026-03-12 22:00:00
19615,331,soil_moisture,41.37,2026-04-10 11:00:00
19616,343,rainfall,0.0,2026-01-13 08:00:00
19617,143,humidity,62.36,2025-08-11 15:00:00
19618,129,soil_moisture,20.74,2026-04-20 06:00:00
19619,191,soil_moisture,34.3,2026-04-07 05:00:00
19620,13,temperature,25.64,2025-11-01 15:00:00
19621,134,soil_moisture,45.42,2026-01-07 18:00:00
19622,94,rainfall,0.0,2025-09-28 22:00:00
19623,184,temperature,29.16,2026-01-05 01:00:00
19624,178,temperature,32.55,2025-12-15 22:00:00
19625,386,temperature,27.07,2026-04-05 04:00:00
19626,311,rainfall,0.0,2025-10-08 13:00:00
19627,436,rainfall,0.0,2026-02-12 10:00:00
19628,354,temperature,30.91,2026-03-08 11:00:00
19629,74,humidity,51.78,2025-10-23 03:00:00
19630,427,temperature,32.62,2025-07-11 20:00:00
19631,48,rainfall,0.0,2026-01-01 03:00:00
19632,114,temperature,22.15,2026-04-19 08:00:00
19633,43,temperature,20.78,2025-09-13 22:00:00
19634,166,soil_moisture,27.53,2025-11-29 18:00:00
19635,391,temperature,25.37,2025-06-28 22:00:00
19636,161,rainfall,0.0,2026-01-08 22:00:00
19637,180,soil_moisture,38.15,2025-12-25 12:00:00
19638,361,rainfall,0.0,2025-10-18 16:00:00
19639,362,humidity,58.76,2026-04-18 04:00:00
19640,49,soil_moisture,31.48,2025-09-29 22:00:00
19641,396,temperature,30.5,2025-07-04 14:00:00
19642,9,temperature,37.75,2025-09-20 06:00:00
19643,180,humidity,59.68,2025-12-26 09:00:00
19644,310,humidity,74.49,2025-12-23 06:00:00
19645,13,humidity,72.64,2025-11-01 11:00:00
19646,166,rainfall,0.0,2025-12-01 10:00:00
19647,16,soil_moisture,42.95,2025-08-18 16:00:00
19648,446,rainfall,0.0,2026-04-20 07:00:00
19649,196,temperature,24.35,2026-02-17 12:00:00
19650,273,temperature,24.89,2026-01-07 22:00:00
19651,318,temperature,32.22,2026-04-04 18:00:00
19652,263,soil_moisture,30.31,2025-12-21 01:00:00
19653,212,humidity,47.85,2025-11-17 08:00:00
19654,70,rainfall,26.92,2025-12-11 10:00:00
19655,125,humidity,60.43,2025-11-20 23:00:00
19656,367,temperature,33.78,2025-11-22 14:00:00
19657,159,soil_moisture,27.29,2025-09-19 13:00:00
19658,53,rainfall,0.0,2026-03-02 15:00:00
19659,201,soil_moisture,21.68,2026-04-01 00:00:00
19660,448,temperature,27.82,2025-12-13 14:00:00
19661,201,humidity,54.01,2026-03-30 22:00:00
19662,97,humidity,63.0,2026-02-15 08:00:00
19663,53,temperature,25.34,2026-03-03 12:00:00
19664,294,humidity,45.06,2026-01-04 21:00:00
19665,197,soil_moisture,39.11,2026-03-15 02:00:00
19666,4,rainfall,0.0,2026-04-11 09:00:00
19667,335,soil_moisture,39.59,2025-09-05 07:00:00
19668,421,soil_moisture,33.5,2025-07-11 15:00:00
19669,70,humidity,52.14,2025-12-10 12:00:00
19670,60,soil_moisture,27.75,2026-03-06 13:00:00
19671,151,soil_moisture,24.35,2026-03-17 04:00:00
19672,327,humidity,59.95,2025-07-30 13:00:00
19673,310,rainfall,40.46,2025-12-23 17:00:00
19674,367,humidity,55.98,2025-11-22 18:00:00
19675,66,soil_moisture,24.35,2026-01-06 04:00:00
19676,331,temperature,21.12,2026-04-10 16:00:00
19677,133,temperature,19.4,2025-07-03 11:00:00
19678,368,rainfall,52.85,2026-03-05 00:00:00
19679,257,rainfall,0.0,2025-07-03 13:00:00
19680,413,temperature,27.31,2026-01-12 22:00:00
19681,295,soil_moisture,41.18,2026-04-10 18:00:00
19682,296,temperature,33.29,2025-08-21 18:00:00
19683,295,temperature,26.06,2026-04-11 11:00:00
19684,260,rainfall,0.0,2025-09-22 19:00:00
19685,28,humidity,50.92,2025-07-10 01:00:00
19686,190,temperature,21.51,2026-02-09 22:00:00
19687,282,humidity,57.01,2026-01-10 19:00:00
19688,425,soil_moisture,29.11,2025-09-09 16:00:00
19689,190,temperature,23.2,2026-02-10 21:00:00
19690,372,humidity,59.76,2025-10-28 04:00:00
19691,273,rainfall,0.0,2026-01-08 07:00:00
19692,73,rainfall,0.0,2025-10-08 19:00:00
19693,342,soil_moisture,30.05,2026-03-28 04:00:00
19694,55,soil_moisture,29.95,2025-08-31 19:00:00
19695,419,soil_moisture,31.37,2025-09-25 02:00:00
19696,290,rainfall,48.97,2026-02-25 15:00:00
19697,192,humidity,53.28,2026-01-20 21:00:00
19698,212,rainfall,0.0,2025-11-18 16:00:00
19699,402,soil_moisture,27.08,2026-03-30 05:00:00
19700,421,humidity,51.63,2025-07-13 09:00:00
19701,446,humidity,46.08,2026-04-21 04:00:00
19702,411,temperature,33.34,2025-08-24 10:00:00
19703,154,temperature,28.52,2025-08-22 18:00:00
19704,331,humidity,43.26,2026-04-10 08:00:00
19705,220,rainfall,25.28,2026-01-31 05:00:00
19706,82,rainfall,0.0,2026-02-20 03:00:00
19707,273,soil_moisture,37.53,2026-01-07 09:00:00
19708,59,humidity,70.1,2025-12-09 05:00:00
19709,7,temperature,29.74,2025-12-16 06:00:00
19710,288,temperature,25.56,2025-07-06 13:00:00
19711,290,rainfall,0.0,2026-02-25 02:00:00
19712,66,rainfall,0.0,2026-01-07 06:00:00
19713,146,rainfall,0.0,2025-08-15 19:00:00
19714,428,rainfall,31.21,2026-01-31 10:00:00
19715,233,rainfall,0.0,2025-12-15 23:00:00
19716,233,temperature,25.94,2025-12-14 19:00:00
19717,60,rainfall,0.0,2026-03-06 21:00:00
19718,321,soil_moisture,29.62,2025-09-11 14:00:00
19719,123,rainfall,0.0,2025-11-16 04:00:00
19720,235,temperature,30.65,2026-03-30 17:00:00
19721,45,soil_moisture,29.72,2026-02-08 20:00:00
19722,303,soil_moisture,31.49,2025-08-23 08:00:00
19723,211,soil_moisture,28.54,2026-02-03 22:00:00
19724,146,soil_moisture,46.56,2025-08-15 05:00:00
19725,371,rainfall,0.0,2026-03-31 23:00:00
19726,180,humidity,64.43,2025-12-25 13:00:00
19727,208,temperature,25.1,2026-01-15 22:00:00
19728,326,soil_moisture,20.5,2026-03-26 01:00:00
19729,411,rainfall,52.1,2025-08-23 21:00:00
19730,257,temperature,26.66,2025-07-03 04:00:00
19731,208,rainfall,0.0,2026-01-16 13:00:00
19732,323,humidity,57.65,2025-07-26 08:00:00
19733,18,rainfall,0.0,2026-03-16 13:00:00
19734,171,rainfall,0.0,2026-01-17 09:00:00
19735,60,soil_moisture,31.8,2026-03-05 02:00:00
19736,16,temperature,24.65,2025-08-19 06:00:00
19737,103,soil_moisture,29.47,2026-01-08 20:00:00
19738,436,soil_moisture,26.09,2026-02-11 06:00:00
19739,165,soil_moisture,32.22,2025-07-01 15:00:00
19740,167,rainfall,55.49,2025-12-24 09:00:00
19741,322,rainfall,0.0,2026-01-18 12:00:00
19742,50,humidity,41.51,2026-03-10 02:00:00
19743,91,temperature,23.37,2026-02-22 02:00:00
19744,296,humidity,52.22,2025-08-21 10:00:00
19745,428,soil_moisture,44.17,2026-01-30 02:00:00
19746,30,humidity,54.24,2025-08-20 03:00:00
19747,295,temperature,24.92,2026-04-11 12:00:00
19748,192,humidity,42.99,2026-01-19 03:00:00
19749,283,humidity,49.41,2026-02-23 06:00:00
19750,411,humidity,55.78,2025-08-23 21:00:00
19751,341,rainfall,0.0,2025-11-24 12:00:00
19752,53,temperature,28.07,2026-03-03 05:00:00
19753,427,rainfall,0.0,2025-07-11 11:00:00
19754,371,soil_moisture,21.4,2026-03-31 23:00:00
19755,43,humidity,60.96,2025-09-12 12:00:00
19756,356,rainfall,40.07,2025-12-14 17:00:00
19757,167,temperature,33.48,2025-12-23 19:00:00
19758,163,soil_moisture,39.97,2025-07-05 00:00:00
19759,137,rainfall,30.94,2026-03-12 21:00:00
19760,5,temperature,33.69,2026-04-08 22:00:00
19761,298,soil_moisture,35.4,2025-09-11 05:00:00
19762,129,rainfall,33.48,2026-04-20 00:00:00
19763,47,temperature,30.9,2025-10-05 13:00:00
19764,71,humidity,46.03,2025-10-01 19:00:00
19765,268,soil_moisture,39.74,2025-12-24 12:00:00
19766,303,temperature,31.13,2025-08-23 15:00:00
19767,323,temperature,19.63,2025-07-26 07:00:00
19768,222,soil_moisture,44.66,2025-10-15 08:00:00
19769,49,humidity,41.57,2025-09-29 15:00:00
19770,105,temperature,22.44,2026-01-28 09:00:00
19771,90,soil_moisture,38.93,2025-08-19 05:00:00
19772,47,rainfall,0.0,2025-10-06 02:00:00
19773,308,rainfall,39.86,2025-12-26 04:00:00
19774,381,rainfall,0.0,2025-10-24 02:00:00
19775,260,humidity,61.58,2025-09-22 14:00:00
19776,310,temperature,23.7,2025-12-23 11:00:00
19777,273,rainfall,47.07,2026-01-07 09:00:00
19778,72,rainfall,26.59,2025-08-20 05:00:00
